{"type":"FeatureCollection","crs":{"type":"name","properties":{"name":"EPSG:4326"}},"features":[{"type":"Feature","id":4750,"geometry":{"type":"Point","coordinates":[-75.0836537080012,40.1872094974958]},"properties":{"OBJECTID":4750,"Source":"","DateUpdate":"Tue, 12 Nov 2024 10:04:37 GMT","Effective":"Wed, 01 Jan 2020 00:00:01 GMT","Expire":"Sat, 01 Jan 2050 00:00:01 GMT","Site_NGUID":"SSAP477125HOLTTR@buckscounty.org","Country":"US","State":"PA","County":"Bucks County","AddCode":"","AddDataURI":"","Inc_Muni":"Warminster Township","Uninc_Comm":"","Nbrhd_Comm":"","AddNum_Pre":"","Add_Number":"25","AddNum_Suf":"","St_PreMod":"","St_PreDir":"","St_PreTyp":"","St_PreSep":"","St_Name":"HOLT","St_PosTyp":"TERRACE","St_PosDir":"","St_PosMod":"","Lst_PreDir":"","Lst_Name":"HOLT","Lst_Type":"TER","LstPosDir":"","ESN":"51","MSAGComm":"WARMINSTER TOWNSHIP","Post_Comm":"WARMINSTER","Post_Code":"18974","Post_Code4":"","Building":"","Floor":" ","Unit":" ","Room":"","Seat":" ","Addtl_Loc":" ","LandmkName":" ","Mile_Post":" ","Place_Type":" ","Placement":" ","Long":-75.08365195,"Lat":40.18720138,"Elev":"0","ParcelID":"49-009-028-013","Full_Addr":"25 HOLT TER","Comment":" ","Purpose":null,"DiscrpAgID":"buckscounty.org","created_user":null,"created_date":null,"last_edited_user":"DGALLOWAY","gc_exception":"","ADDRGUID":null,"RDNAME":"HOLT TER"}},{"type":"Feature","id":4751,"geometry":{"type":"Point","coordinates":[-75.0836054279179,40.1872586754861]},"properties":{"OBJECTID":4751,"Source":"","DateUpdate":"Tue, 12 Nov 2024 10:04:37 GMT","Effective":"Wed, 01 Jan 2020 00:00:01 GMT","Expire":"Sat, 01 Jan 2050 00:00:01 GMT","Site_NGUID":"SSAP477227HOLTTR@buckscounty.org","Country":"US","State":"PA","County":"Bucks County","AddCode":"","AddDataURI":"","Inc_Muni":"Warminster Township","Uninc_Comm":"","Nbrhd_Comm":"","AddNum_Pre":"","Add_Number":"27","AddNum_Suf":"","St_PreMod":"","St_PreDir":"","St_PreTyp":"","St_PreSep":"","St_Name":"HOLT","St_PosTyp":"TERRACE","St_PosDir":"","St_PosMod":"","Lst_PreDir":"","Lst_Name":"HOLT","Lst_Type":"TER","LstPosDir":"","ESN":"51","MSAGComm":"WARMINSTER TOWNSHIP","Post_Comm":"WARMINSTER","Post_Code":"18974","Post_Code4":"","Building":"","Floor":" ","Unit":" ","Room":"","Seat":" ","Addtl_Loc":" ","LandmkName":" ","Mile_Post":" ","Place_Type":" ","Placement":" ","Long":-75.08360367,"Lat":40.18725056,"Elev":"0","ParcelID":"49-009-028-013","Full_Addr":"27 HOLT TER","Comment":" ","Purpose":null,"DiscrpAgID":"buckscounty.org","created_user":null,"created_date":null,"last_edited_user":"DGALLOWAY","gc_exception":"","ADDRGUID":null,"RDNAME":"HOLT TER"}},{"type":"Feature","id":4752,"geometry":{"type":"Point","coordinates":[-75.0835544652355,40.187311950466]},"properties":{"OBJECTID":4752,"Source":"","DateUpdate":"Tue, 12 Nov 2024 10:04:37 GMT","Effective":"Wed, 01 Jan 2020 00:00:01 GMT","Expire":"Sat, 01 Jan 2050 00:00:01 GMT","Site_NGUID":"SSAP477329HOLTTR@buckscounty.org","Country":"US","State":"PA","County":"Bucks County","AddCode":"","AddDataURI":"","Inc_Muni":"Warminster Township","Uninc_Comm":"","Nbrhd_Comm":"","AddNum_Pre":"","Add_Number":"29","AddNum_Suf":"","St_PreMod":"","St_PreDir":"","St_PreTyp":"","St_PreSep":"","St_Name":"HOLT","St_PosTyp":"TERRACE","St_PosDir":"","St_PosMod":"","Lst_PreDir":"","Lst_Name":"HOLT","Lst_Type":"TER","LstPosDir":"","ESN":"51","MSAGComm":"WARMINSTER TOWNSHIP","Post_Comm":"WARMINSTER","Post_Code":"18974","Post_Code4":"","Building":"","Floor":" ","Unit":" ","Room":"","Seat":" ","Addtl_Loc":" ","LandmkName":" ","Mile_Post":" ","Place_Type":" ","Placement":" ","Long":-75.08355271,"Lat":40.18730384,"Elev":"0","ParcelID":"49-009-028-013","Full_Addr":"29 HOLT TER","Comment":" ","Purpose":null,"DiscrpAgID":"buckscounty.org","created_user":null,"created_date":null,"last_edited_user":"DGALLOWAY","gc_exception":"","ADDRGUID":null,"RDNAME":"HOLT TER"}},{"type":"Feature","id":4753,"geometry":{"type":"Point","coordinates":[-75.0835169144619,40.1873529316132]},"properties":{"OBJECTID":4753,"Source":"","DateUpdate":"Tue, 12 Nov 2024 10:04:37 GMT","Effective":"Wed, 01 Jan 2020 00:00:01 GMT","Expire":"Sat, 01 Jan 2050 00:00:01 GMT","Site_NGUID":"SSAP477431HOLTTR@buckscounty.org","Country":"US","State":"PA","County":"Bucks County","AddCode":"","AddDataURI":"","Inc_Muni":"Warminster Township","Uninc_Comm":"","Nbrhd_Comm":"","AddNum_Pre":"","Add_Number":"31","AddNum_Suf":"","St_PreMod":"","St_PreDir":"","St_PreTyp":"","St_PreSep":"","St_Name":"HOLT","St_PosTyp":"TERRACE","St_PosDir":"","St_PosMod":"","Lst_PreDir":"","Lst_Name":"HOLT","Lst_Type":"TER","LstPosDir":"","ESN":"51","MSAGComm":"WARMINSTER TOWNSHIP","Post_Comm":"WARMINSTER","Post_Code":"18974","Post_Code4":"","Building":"","Floor":" ","Unit":" ","Room":"","Seat":" ","Addtl_Loc":" ","LandmkName":" ","Mile_Post":" ","Place_Type":" ","Placement":" ","Long":-75.08351515,"Lat":40.18734482,"Elev":"0","ParcelID":"49-009-028-013","Full_Addr":"31 HOLT TER","Comment":" ","Purpose":null,"DiscrpAgID":"buckscounty.org","created_user":null,"created_date":null,"last_edited_user":"DGALLOWAY","gc_exception":"","ADDRGUID":null,"RDNAME":"HOLT TER"}},{"type":"Feature","id":4754,"geometry":{"type":"Point","coordinates":[-75.0841311411742,40.1867095298439]},"properties":{"OBJECTID":4754,"Source":"","DateUpdate":"Tue, 12 Nov 2024 10:04:37 GMT","Effective":"Wed, 01 Jan 2020 00:00:01 GMT","Expire":"Sat, 01 Jan 2050 00:00:01 GMT","Site_NGUID":"SSAP477515HOLTTR@buckscounty.org","Country":"US","State":"PA","County":"Bucks County","AddCode":"","AddDataURI":"","Inc_Muni":"Warminster Township","Uninc_Comm":"","Nbrhd_Comm":"","AddNum_Pre":"","Add_Number":"15","AddNum_Suf":"","St_PreMod":"","St_PreDir":"","St_PreTyp":"","St_PreSep":"","St_Name":"HOLT","St_PosTyp":"TERRACE","St_PosDir":"","St_PosMod":"","Lst_PreDir":"","Lst_Name":"HOLT","Lst_Type":"TER","LstPosDir":"","ESN":"51","MSAGComm":"WARMINSTER TOWNSHIP","Post_Comm":"WARMINSTER","Post_Code":"18974","Post_Code4":"","Building":"","Floor":" ","Unit":" ","Room":"","Seat":" ","Addtl_Loc":" ","LandmkName":" ","Mile_Post":" ","Place_Type":" ","Placement":" ","Long":-75.08412938,"Lat":40.18670142,"Elev":"0","ParcelID":"49-009-028-013","Full_Addr":"15 HOLT TER","Comment":" ","Purpose":null,"DiscrpAgID":"buckscounty.org","created_user":null,"created_date":null,"last_edited_user":"DGALLOWAY","gc_exception":"","ADDRGUID":null,"RDNAME":"HOLT TER"}},{"type":"Feature","id":4755,"geometry":{"type":"Point","coordinates":[-75.0841847846398,40.1866603533174]},"properties":{"OBJECTID":4755,"Source":"","DateUpdate":"Tue, 12 Nov 2024 10:04:37 GMT","Effective":"Wed, 01 Jan 2020 00:00:01 GMT","Expire":"Sat, 01 Jan 2050 00:00:01 GMT","Site_NGUID":"SSAP477613HOLTTR@buckscounty.org","Country":"US","State":"PA","County":"Bucks County","AddCode":"","AddDataURI":"","Inc_Muni":"Warminster Township","Uninc_Comm":"","Nbrhd_Comm":"","AddNum_Pre":"","Add_Number":"13","AddNum_Suf":"","St_PreMod":"","St_PreDir":"","St_PreTyp":"","St_PreSep":"","St_Name":"HOLT","St_PosTyp":"TERRACE","St_PosDir":"","St_PosMod":"","Lst_PreDir":"","Lst_Name":"HOLT","Lst_Type":"TER","LstPosDir":"","ESN":"51","MSAGComm":"WARMINSTER TOWNSHIP","Post_Comm":"WARMINSTER","Post_Code":"18974","Post_Code4":"","Building":"","Floor":" ","Unit":" ","Room":"","Seat":" ","Addtl_Loc":" ","LandmkName":" ","Mile_Post":" ","Place_Type":" ","Placement":" ","Long":-75.08418302,"Lat":40.18665224,"Elev":"0","ParcelID":"49-009-028-013","Full_Addr":"13 HOLT TER","Comment":" ","Purpose":null,"DiscrpAgID":"buckscounty.org","created_user":null,"created_date":null,"last_edited_user":"DGALLOWAY","gc_exception":"","ADDRGUID":null,"RDNAME":"HOLT TER"}},{"type":"Feature","id":4756,"geometry":{"type":"Point","coordinates":[-75.0842357471152,40.1866050291347]},"properties":{"OBJECTID":4756,"Source":"","DateUpdate":"Tue, 12 Nov 2024 10:04:37 GMT","Effective":"Wed, 01 Jan 2020 00:00:01 GMT","Expire":"Sat, 01 Jan 2050 00:00:01 GMT","Site_NGUID":"SSAP477711HOLTTR@buckscounty.org","Country":"US","State":"PA","County":"Bucks County","AddCode":"","AddDataURI":"","Inc_Muni":"Warminster Township","Uninc_Comm":"","Nbrhd_Comm":"","AddNum_Pre":"","Add_Number":"11","AddNum_Suf":"","St_PreMod":"","St_PreDir":"","St_PreTyp":"","St_PreSep":"","St_Name":"HOLT","St_PosTyp":"TERRACE","St_PosDir":"","St_PosMod":"","Lst_PreDir":"","Lst_Name":"HOLT","Lst_Type":"TER","LstPosDir":"","ESN":"51","MSAGComm":"WARMINSTER TOWNSHIP","Post_Comm":"WARMINSTER","Post_Code":"18974","Post_Code4":"","Building":"","Floor":" ","Unit":" ","Room":"","Seat":" ","Addtl_Loc":" ","LandmkName":" ","Mile_Post":" ","Place_Type":" ","Placement":" ","Long":-75.08423399,"Lat":40.18659691,"Elev":"0","ParcelID":"49-009-028-013","Full_Addr":"11 HOLT TER","Comment":" ","Purpose":null,"DiscrpAgID":"buckscounty.org","created_user":null,"created_date":null,"last_edited_user":"DGALLOWAY","gc_exception":"","ADDRGUID":null,"RDNAME":"HOLT TER"}},{"type":"Feature","id":4757,"geometry":{"type":"Point","coordinates":[-75.0842947554725,40.1865476549031]},"properties":{"OBJECTID":4757,"Source":"","DateUpdate":"Tue, 12 Nov 2024 10:04:37 GMT","Effective":"Wed, 01 Jan 2020 00:00:01 GMT","Expire":"Sat, 01 Jan 2050 00:00:01 GMT","Site_NGUID":"SSAP47789HOLTTR@buckscounty.org","Country":"US","State":"PA","County":"Bucks County","AddCode":"","AddDataURI":"","Inc_Muni":"Warminster Township","Uninc_Comm":"","Nbrhd_Comm":"","AddNum_Pre":"","Add_Number":"9","AddNum_Suf":"","St_PreMod":"","St_PreDir":"","St_PreTyp":"","St_PreSep":"","St_Name":"HOLT","St_PosTyp":"TERRACE","St_PosDir":"","St_PosMod":"","Lst_PreDir":"","Lst_Name":"HOLT","Lst_Type":"TER","LstPosDir":"","ESN":"51","MSAGComm":"WARMINSTER TOWNSHIP","Post_Comm":"WARMINSTER","Post_Code":"18974","Post_Code4":"","Building":"","Floor":" ","Unit":" ","Room":"","Seat":" ","Addtl_Loc":" ","LandmkName":" ","Mile_Post":" ","Place_Type":" ","Placement":" ","Long":-75.084293,"Lat":40.18653954,"Elev":"0","ParcelID":"49-009-028-013","Full_Addr":"9 HOLT TER","Comment":" ","Purpose":null,"DiscrpAgID":"buckscounty.org","created_user":null,"created_date":null,"last_edited_user":"DGALLOWAY","gc_exception":"","ADDRGUID":null,"RDNAME":"HOLT TER"}},{"type":"Feature","id":4758,"geometry":{"type":"Point","coordinates":[-75.0841713731584,40.1862894722525]},"properties":{"OBJECTID":4758,"Source":"","DateUpdate":"Tue, 12 Nov 2024 10:04:37 GMT","Effective":"Wed, 01 Jan 2020 00:00:01 GMT","Expire":"Sat, 01 Jan 2050 00:00:01 GMT","Site_NGUID":"SSAP47792HOLTTR@buckscounty.org","Country":"US","State":"PA","County":"Bucks County","AddCode":"","AddDataURI":"","Inc_Muni":"Warminster Township","Uninc_Comm":"","Nbrhd_Comm":"","AddNum_Pre":"","Add_Number":"2","AddNum_Suf":"","St_PreMod":"","St_PreDir":"","St_PreTyp":"","St_PreSep":"","St_Name":"HOLT","St_PosTyp":"TERRACE","St_PosDir":"","St_PosMod":"","Lst_PreDir":"","Lst_Name":"HOLT","Lst_Type":"TER","LstPosDir":"","ESN":"51","MSAGComm":"WARMINSTER TOWNSHIP","Post_Comm":"WARMINSTER","Post_Code":"18974","Post_Code4":"","Building":"","Floor":" ","Unit":" ","Room":"","Seat":" ","Addtl_Loc":" ","LandmkName":" ","Mile_Post":" ","Place_Type":" ","Placement":" ","Long":-75.08416961,"Lat":40.18628136,"Elev":"0","ParcelID":"49-009-028-013","Full_Addr":"2 HOLT TER","Comment":" ","Purpose":null,"DiscrpAgID":"buckscounty.org","created_user":null,"created_date":null,"last_edited_user":"DGALLOWAY","gc_exception":"","ADDRGUID":null,"RDNAME":"HOLT TER"}},{"type":"Feature","id":4759,"geometry":{"type":"Point","coordinates":[-75.084120412433,40.1863406985671]},"properties":{"OBJECTID":4759,"Source":"","DateUpdate":"Tue, 12 Nov 2024 10:04:37 GMT","Effective":"Wed, 01 Jan 2020 00:00:01 GMT","Expire":"Sat, 01 Jan 2050 00:00:01 GMT","Site_NGUID":"SSAP47804HOLTTR@buckscounty.org","Country":"US","State":"PA","County":"Bucks County","AddCode":"","AddDataURI":"","Inc_Muni":"Warminster Township","Uninc_Comm":"","Nbrhd_Comm":"","AddNum_Pre":"","Add_Number":"4","AddNum_Suf":"","St_PreMod":"","St_PreDir":"","St_PreTyp":"","St_PreSep":"","St_Name":"HOLT","St_PosTyp":"TERRACE","St_PosDir":"","St_PosMod":"","Lst_PreDir":"","Lst_Name":"HOLT","Lst_Type":"TER","LstPosDir":"","ESN":"51","MSAGComm":"WARMINSTER TOWNSHIP","Post_Comm":"WARMINSTER","Post_Code":"18974","Post_Code4":"","Building":"","Floor":" ","Unit":" ","Room":"","Seat":" ","Addtl_Loc":" ","LandmkName":" ","Mile_Post":" ","Place_Type":" ","Placement":" ","Long":-75.08411865,"Lat":40.18633258,"Elev":"0","ParcelID":"49-009-028-013","Full_Addr":"4 HOLT TER","Comment":" ","Purpose":null,"DiscrpAgID":"buckscounty.org","created_user":null,"created_date":null,"last_edited_user":"DGALLOWAY","gc_exception":"","ADDRGUID":null,"RDNAME":"HOLT TER"}},{"type":"Feature","id":4760,"geometry":{"type":"Point","coordinates":[-75.0840614041083,40.1863980727104]},"properties":{"OBJECTID":4760,"Source":"","DateUpdate":"Tue, 12 Nov 2024 10:04:37 GMT","Effective":"Wed, 01 Jan 2020 00:00:01 GMT","Expire":"Sat, 01 Jan 2050 00:00:01 GMT","Site_NGUID":"SSAP47816HOLTTR@buckscounty.org","Country":"US","State":"PA","County":"Bucks County","AddCode":"","AddDataURI":"","Inc_Muni":"Warminster Township","Uninc_Comm":"","Nbrhd_Comm":"","AddNum_Pre":"","Add_Number":"6","AddNum_Suf":"","St_PreMod":"","St_PreDir":"","St_PreTyp":"","St_PreSep":"","St_Name":"HOLT","St_PosTyp":"TERRACE","St_PosDir":"","St_PosMod":"","Lst_PreDir":"","Lst_Name":"HOLT","Lst_Type":"TER","LstPosDir":"","ESN":"51","MSAGComm":"WARMINSTER TOWNSHIP","Post_Comm":"WARMINSTER","Post_Code":"18974","Post_Code4":"","Building":"","Floor":" ","Unit":" ","Room":"","Seat":" ","Addtl_Loc":" ","LandmkName":" ","Mile_Post":" ","Place_Type":" ","Placement":" ","Long":-75.08405964,"Lat":40.18638996,"Elev":"0","ParcelID":"49-009-028-013","Full_Addr":"6 HOLT TER","Comment":" ","Purpose":null,"DiscrpAgID":"buckscounty.org","created_user":null,"created_date":null,"last_edited_user":"DGALLOWAY","gc_exception":"","ADDRGUID":null,"RDNAME":"HOLT TER"}},{"type":"Feature","id":4761,"geometry":{"type":"Point","coordinates":[-75.0840131237158,40.1864533976644]},"properties":{"OBJECTID":4761,"Source":"","DateUpdate":"Tue, 12 Nov 2024 10:04:37 GMT","Effective":"Wed, 01 Jan 2020 00:00:01 GMT","Expire":"Sat, 01 Jan 2050 00:00:01 GMT","Site_NGUID":"SSAP47828HOLTTR@buckscounty.org","Country":"US","State":"PA","County":"Bucks County","AddCode":"","AddDataURI":"","Inc_Muni":"Warminster Township","Uninc_Comm":"","Nbrhd_Comm":"","AddNum_Pre":"","Add_Number":"8","AddNum_Suf":"","St_PreMod":"","St_PreDir":"","St_PreTyp":"","St_PreSep":"","St_Name":"HOLT","St_PosTyp":"TERRACE","St_PosDir":"","St_PosMod":"","Lst_PreDir":"","Lst_Name":"HOLT","Lst_Type":"TER","LstPosDir":"","ESN":"51","MSAGComm":"WARMINSTER TOWNSHIP","Post_Comm":"WARMINSTER","Post_Code":"18974","Post_Code4":"","Building":"","Floor":" ","Unit":" ","Room":"","Seat":" ","Addtl_Loc":" ","LandmkName":" ","Mile_Post":" ","Place_Type":" ","Placement":" ","Long":-75.08401136,"Lat":40.18644528,"Elev":"0","ParcelID":"49-009-028-013","Full_Addr":"8 HOLT TER","Comment":" ","Purpose":null,"DiscrpAgID":"buckscounty.org","created_user":null,"created_date":null,"last_edited_user":"DGALLOWAY","gc_exception":"","ADDRGUID":null,"RDNAME":"HOLT TER"}},{"type":"Feature","id":4762,"geometry":{"type":"Point","coordinates":[-75.0842625690835,40.1877832285633]},"properties":{"OBJECTID":4762,"Source":"","DateUpdate":"Tue, 12 Nov 2024 10:04:37 GMT","Effective":"Wed, 01 Jan 2020 00:00:01 GMT","Expire":"Sat, 01 Jan 2050 00:00:01 GMT","Site_NGUID":"SSAP478316FINDLAYTR@buckscounty.org","Country":"US","State":"PA","County":"Bucks County","AddCode":"","AddDataURI":"","Inc_Muni":"Warminster Township","Uninc_Comm":"","Nbrhd_Comm":"","AddNum_Pre":"","Add_Number":"16","AddNum_Suf":"","St_PreMod":"","St_PreDir":"","St_PreTyp":"","St_PreSep":"","St_Name":"FINDLAY","St_PosTyp":"TERRACE","St_PosDir":"","St_PosMod":"","Lst_PreDir":"","Lst_Name":"FINDLAY","Lst_Type":"TER","LstPosDir":"","ESN":"51","MSAGComm":"WARMINSTER TOWNSHIP","Post_Comm":"WARMINSTER","Post_Code":"18974","Post_Code4":"","Building":"","Floor":" ","Unit":" ","Room":"","Seat":" ","Addtl_Loc":" ","LandmkName":" ","Mile_Post":" ","Place_Type":" ","Placement":" ","Long":-75.08426081,"Lat":40.18777511,"Elev":"0","ParcelID":"49-009-028-013","Full_Addr":"16 FINDLAY TER","Comment":" ","Purpose":null,"DiscrpAgID":"buckscounty.org","created_user":null,"created_date":null,"last_edited_user":"DGALLOWAY","gc_exception":"","ADDRGUID":null,"RDNAME":"FINDLAY TER"}},{"type":"Feature","id":4763,"geometry":{"type":"Point","coordinates":[-75.0842920727247,40.1877463470214]},"properties":{"OBJECTID":4763,"Source":"","DateUpdate":"Tue, 12 Nov 2024 10:04:37 GMT","Effective":"Wed, 01 Jan 2020 00:00:01 GMT","Expire":"Sat, 01 Jan 2050 00:00:01 GMT","Site_NGUID":"SSAP478414FINDLAYTR@buckscounty.org","Country":"US","State":"PA","County":"Bucks County","AddCode":"","AddDataURI":"","Inc_Muni":"Warminster Township","Uninc_Comm":"","Nbrhd_Comm":"","AddNum_Pre":"","Add_Number":"14","AddNum_Suf":"","St_PreMod":"","St_PreDir":"","St_PreTyp":"","St_PreSep":"","St_Name":"FINDLAY","St_PosTyp":"TERRACE","St_PosDir":"","St_PosMod":"","Lst_PreDir":"","Lst_Name":"FINDLAY","Lst_Type":"TER","LstPosDir":"","ESN":"51","MSAGComm":"WARMINSTER TOWNSHIP","Post_Comm":"WARMINSTER","Post_Code":"18974","Post_Code4":"","Building":"","Floor":" ","Unit":" ","Room":"","Seat":" ","Addtl_Loc":" ","LandmkName":" ","Mile_Post":" ","Place_Type":" ","Placement":" ","Long":-75.08429031,"Lat":40.18773823,"Elev":"0","ParcelID":"49-009-028-013","Full_Addr":"14 FINDLAY TER","Comment":" ","Purpose":null,"DiscrpAgID":"buckscounty.org","created_user":null,"created_date":null,"last_edited_user":"DGALLOWAY","gc_exception":"","ADDRGUID":null,"RDNAME":"FINDLAY TER"}},{"type":"Feature","id":4764,"geometry":{"type":"Point","coordinates":[-75.0843242601121,40.1877053657706]},"properties":{"OBJECTID":4764,"Source":"","DateUpdate":"Tue, 12 Nov 2024 10:04:37 GMT","Effective":"Wed, 01 Jan 2020 00:00:01 GMT","Expire":"Sat, 01 Jan 2050 00:00:01 GMT","Site_NGUID":"SSAP478512FINDLAYTR@buckscounty.org","Country":"US","State":"PA","County":"Bucks County","AddCode":"","AddDataURI":"","Inc_Muni":"Warminster Township","Uninc_Comm":"","Nbrhd_Comm":"","AddNum_Pre":"","Add_Number":"12","AddNum_Suf":"","St_PreMod":"","St_PreDir":"","St_PreTyp":"","St_PreSep":"","St_Name":"FINDLAY","St_PosTyp":"TERRACE","St_PosDir":"","St_PosMod":"","Lst_PreDir":"","Lst_Name":"FINDLAY","Lst_Type":"TER","LstPosDir":"","ESN":"51","MSAGComm":"WARMINSTER TOWNSHIP","Post_Comm":"WARMINSTER","Post_Code":"18974","Post_Code4":"","Building":"","Floor":" ","Unit":" ","Room":"","Seat":" ","Addtl_Loc":" ","LandmkName":" ","Mile_Post":" ","Place_Type":" ","Placement":" ","Long":-75.0843225,"Lat":40.18769725,"Elev":"0","ParcelID":"49-009-028-013","Full_Addr":"12 FINDLAY TER","Comment":" ","Purpose":null,"DiscrpAgID":"buckscounty.org","created_user":null,"created_date":null,"last_edited_user":"DGALLOWAY","gc_exception":"","ADDRGUID":null,"RDNAME":"FINDLAY TER"}},{"type":"Feature","id":4765,"geometry":{"type":"Point","coordinates":[-75.0843564470622,40.1876623355631]},"properties":{"OBJECTID":4765,"Source":"","DateUpdate":"Tue, 12 Nov 2024 10:04:37 GMT","Effective":"Wed, 01 Jan 2020 00:00:01 GMT","Expire":"Sat, 01 Jan 2050 00:00:01 GMT","Site_NGUID":"SSAP478610FINDLAYTR@buckscounty.org","Country":"US","State":"PA","County":"Bucks County","AddCode":"","AddDataURI":"","Inc_Muni":"Warminster Township","Uninc_Comm":"","Nbrhd_Comm":"","AddNum_Pre":"","Add_Number":"10","AddNum_Suf":"","St_PreMod":"","St_PreDir":"","St_PreTyp":"","St_PreSep":"","St_Name":"FINDLAY","St_PosTyp":"TERRACE","St_PosDir":"","St_PosMod":"","Lst_PreDir":"","Lst_Name":"FINDLAY","Lst_Type":"TER","LstPosDir":"","ESN":"51","MSAGComm":"WARMINSTER TOWNSHIP","Post_Comm":"WARMINSTER","Post_Code":"18974","Post_Code4":"","Building":"","Floor":" ","Unit":" ","Room":"","Seat":" ","Addtl_Loc":" ","LandmkName":" ","Mile_Post":" ","Place_Type":" ","Placement":" ","Long":-75.08435469,"Lat":40.18765422,"Elev":"0","ParcelID":"49-009-028-013","Full_Addr":"10 FINDLAY TER","Comment":" ","Purpose":null,"DiscrpAgID":"buckscounty.org","created_user":null,"created_date":null,"last_edited_user":"DGALLOWAY","gc_exception":"","ADDRGUID":null,"RDNAME":"FINDLAY TER"}},{"type":"Feature","id":4766,"geometry":{"type":"Point","coordinates":[-75.0845656582072,40.1874758737186]},"properties":{"OBJECTID":4766,"Source":"","DateUpdate":"Tue, 12 Nov 2024 10:04:37 GMT","Effective":"Wed, 01 Jan 2020 00:00:01 GMT","Expire":"Sat, 01 Jan 2050 00:00:01 GMT","Site_NGUID":"SSAP47878FINDLAYTR@buckscounty.org","Country":"US","State":"PA","County":"Bucks County","AddCode":"","AddDataURI":"","Inc_Muni":"Warminster Township","Uninc_Comm":"","Nbrhd_Comm":"","AddNum_Pre":"","Add_Number":"8","AddNum_Suf":"","St_PreMod":"","St_PreDir":"","St_PreTyp":"","St_PreSep":"","St_Name":"FINDLAY","St_PosTyp":"TERRACE","St_PosDir":"","St_PosMod":"","Lst_PreDir":"","Lst_Name":"FINDLAY","Lst_Type":"TER","LstPosDir":"","ESN":"51","MSAGComm":"WARMINSTER TOWNSHIP","Post_Comm":"WARMINSTER","Post_Code":"18974","Post_Code4":"","Building":"","Floor":" ","Unit":" ","Room":"","Seat":" ","Addtl_Loc":" ","LandmkName":" ","Mile_Post":" ","Place_Type":" ","Placement":" ","Long":-75.0845639,"Lat":40.18746776,"Elev":"0","ParcelID":"49-009-028-013","Full_Addr":"8 FINDLAY TER","Comment":" ","Purpose":null,"DiscrpAgID":"buckscounty.org","created_user":null,"created_date":null,"last_edited_user":"DGALLOWAY","gc_exception":"","ADDRGUID":null,"RDNAME":"FINDLAY TER"}},{"type":"Feature","id":4767,"geometry":{"type":"Point","coordinates":[-75.0846005282204,40.1874389911191]},"properties":{"OBJECTID":4767,"Source":"","DateUpdate":"Tue, 12 Nov 2024 10:04:37 GMT","Effective":"Wed, 01 Jan 2020 00:00:01 GMT","Expire":"Sat, 01 Jan 2050 00:00:01 GMT","Site_NGUID":"SSAP47886FINDLAYTR@buckscounty.org","Country":"US","State":"PA","County":"Bucks County","AddCode":"","AddDataURI":"","Inc_Muni":"Warminster Township","Uninc_Comm":"","Nbrhd_Comm":"","AddNum_Pre":"","Add_Number":"6","AddNum_Suf":"","St_PreMod":"","St_PreDir":"","St_PreTyp":"","St_PreSep":"","St_Name":"FINDLAY","St_PosTyp":"TERRACE","St_PosDir":"","St_PosMod":"","Lst_PreDir":"","Lst_Name":"FINDLAY","Lst_Type":"TER","LstPosDir":"","ESN":"51","MSAGComm":"WARMINSTER TOWNSHIP","Post_Comm":"WARMINSTER","Post_Code":"18974","Post_Code4":"","Building":"","Floor":" ","Unit":" ","Room":"","Seat":" ","Addtl_Loc":" ","LandmkName":" ","Mile_Post":" ","Place_Type":" ","Placement":" ","Long":-75.08459877,"Lat":40.18743088,"Elev":"0","ParcelID":"49-009-028-013","Full_Addr":"6 FINDLAY TER","Comment":" ","Purpose":null,"DiscrpAgID":"buckscounty.org","created_user":null,"created_date":null,"last_edited_user":"DGALLOWAY","gc_exception":"","ADDRGUID":null,"RDNAME":"FINDLAY TER"}},{"type":"Feature","id":4768,"geometry":{"type":"Point","coordinates":[-75.0846407608528,40.1873939125836]},"properties":{"OBJECTID":4768,"Source":"","DateUpdate":"Tue, 12 Nov 2024 10:04:37 GMT","Effective":"Wed, 01 Jan 2020 00:00:01 GMT","Expire":"Sat, 01 Jan 2050 00:00:01 GMT","Site_NGUID":"SSAP47894FINDLAYTR@buckscounty.org","Country":"US","State":"PA","County":"Bucks County","AddCode":"","AddDataURI":"","Inc_Muni":"Warminster Township","Uninc_Comm":"","Nbrhd_Comm":"","AddNum_Pre":"","Add_Number":"4","AddNum_Suf":"","St_PreMod":"","St_PreDir":"","St_PreTyp":"","St_PreSep":"","St_Name":"FINDLAY","St_PosTyp":"TERRACE","St_PosDir":"","St_PosMod":"","Lst_PreDir":"","Lst_Name":"FINDLAY","Lst_Type":"TER","LstPosDir":"","ESN":"51","MSAGComm":"WARMINSTER TOWNSHIP","Post_Comm":"WARMINSTER","Post_Code":"18974","Post_Code4":"","Building":"","Floor":" ","Unit":" ","Room":"","Seat":" ","Addtl_Loc":" ","LandmkName":" ","Mile_Post":" ","Place_Type":" ","Placement":" ","Long":-75.084639,"Lat":40.1873858,"Elev":"0","ParcelID":"49-009-028-013","Full_Addr":"4 FINDLAY TER","Comment":" ","Purpose":null,"DiscrpAgID":"buckscounty.org","created_user":null,"created_date":null,"last_edited_user":"DGALLOWAY","gc_exception":"","ADDRGUID":null,"RDNAME":"FINDLAY TER"}},{"type":"Feature","id":4769,"geometry":{"type":"Point","coordinates":[-75.0846783105256,40.1873508830228]},"properties":{"OBJECTID":4769,"Source":"","DateUpdate":"Tue, 12 Nov 2024 10:04:37 GMT","Effective":"Wed, 01 Jan 2020 00:00:01 GMT","Expire":"Sat, 01 Jan 2050 00:00:01 GMT","Site_NGUID":"SSAP47902FINDLAYTR@buckscounty.org","Country":"US","State":"PA","County":"Bucks County","AddCode":"","AddDataURI":"","Inc_Muni":"Warminster Township","Uninc_Comm":"","Nbrhd_Comm":"","AddNum_Pre":"","Add_Number":"2","AddNum_Suf":"","St_PreMod":"","St_PreDir":"","St_PreTyp":"","St_PreSep":"","St_Name":"FINDLAY","St_PosTyp":"TERRACE","St_PosDir":"","St_PosMod":"","Lst_PreDir":"","Lst_Name":"FINDLAY","Lst_Type":"TER","LstPosDir":"","ESN":"51","MSAGComm":"WARMINSTER TOWNSHIP","Post_Comm":"WARMINSTER","Post_Code":"18974","Post_Code4":"","Building":"","Floor":" ","Unit":" ","Room":"","Seat":" ","Addtl_Loc":" ","LandmkName":" ","Mile_Post":" ","Place_Type":" ","Placement":" ","Long":-75.08467655,"Lat":40.18734277,"Elev":"0","ParcelID":"49-009-028-013","Full_Addr":"2 FINDLAY TER","Comment":" ","Purpose":null,"DiscrpAgID":"buckscounty.org","created_user":null,"created_date":null,"last_edited_user":"DGALLOWAY","gc_exception":"","ADDRGUID":null,"RDNAME":"FINDLAY TER"}},{"type":"Feature","id":4770,"geometry":{"type":"Point","coordinates":[-75.0844717808881,40.1879594460762]},"properties":{"OBJECTID":4770,"Source":"","DateUpdate":"Tue, 12 Nov 2024 10:04:37 GMT","Effective":"Wed, 01 Jan 2020 00:00:01 GMT","Expire":"Sat, 01 Jan 2050 00:00:01 GMT","Site_NGUID":"SSAP479115FINDLAYTR@buckscounty.org","Country":"US","State":"PA","County":"Bucks County","AddCode":"","AddDataURI":"","Inc_Muni":"Warminster Township","Uninc_Comm":"","Nbrhd_Comm":"","AddNum_Pre":"","Add_Number":"15","AddNum_Suf":"","St_PreMod":"","St_PreDir":"","St_PreTyp":"","St_PreSep":"","St_Name":"FINDLAY","St_PosTyp":"TERRACE","St_PosDir":"","St_PosMod":"","Lst_PreDir":"","Lst_Name":"FINDLAY","Lst_Type":"TER","LstPosDir":"","ESN":"51","MSAGComm":"WARMINSTER TOWNSHIP","Post_Comm":"HATBORO","Post_Code":"19040","Post_Code4":"","Building":"","Floor":" ","Unit":" ","Room":"","Seat":" ","Addtl_Loc":" ","LandmkName":" ","Mile_Post":" ","Place_Type":" ","Placement":" ","Long":-75.08447002,"Lat":40.18795133,"Elev":"0","ParcelID":"49-009-028-013","Full_Addr":"15 FINDLAY TER","Comment":" ","Purpose":null,"DiscrpAgID":"buckscounty.org","created_user":null,"created_date":null,"last_edited_user":"DGALLOWAY","gc_exception":"","ADDRGUID":null,"RDNAME":"FINDLAY TER"}},{"type":"Feature","id":4771,"geometry":{"type":"Point","coordinates":[-75.084503967497,40.1879205136963]},"properties":{"OBJECTID":4771,"Source":"","DateUpdate":"Tue, 12 Nov 2024 10:04:37 GMT","Effective":"Wed, 01 Jan 2020 00:00:01 GMT","Expire":"Sat, 01 Jan 2050 00:00:01 GMT","Site_NGUID":"SSAP479213FINDLAYTR@buckscounty.org","Country":"US","State":"PA","County":"Bucks County","AddCode":"","AddDataURI":"","Inc_Muni":"Warminster Township","Uninc_Comm":"","Nbrhd_Comm":"","AddNum_Pre":"","Add_Number":"13","AddNum_Suf":"","St_PreMod":"","St_PreDir":"","St_PreTyp":"","St_PreSep":"","St_Name":"FINDLAY","St_PosTyp":"TERRACE","St_PosDir":"","St_PosMod":"","Lst_PreDir":"","Lst_Name":"FINDLAY","Lst_Type":"TER","LstPosDir":"","ESN":"51","MSAGComm":"WARMINSTER TOWNSHIP","Post_Comm":"HATBORO","Post_Code":"19040","Post_Code4":"","Building":"","Floor":" ","Unit":" ","Room":"","Seat":" ","Addtl_Loc":" ","LandmkName":" ","Mile_Post":" ","Place_Type":" ","Placement":" ","Long":-75.08450221,"Lat":40.1879124,"Elev":"0","ParcelID":"49-009-028-013","Full_Addr":"13 FINDLAY TER","Comment":" ","Purpose":null,"DiscrpAgID":"buckscounty.org","created_user":null,"created_date":null,"last_edited_user":"DGALLOWAY","gc_exception":"","ADDRGUID":null,"RDNAME":"FINDLAY TER"}},{"type":"Feature","id":4772,"geometry":{"type":"Point","coordinates":[-75.0845415195277,40.1878754343888]},"properties":{"OBJECTID":4772,"Source":"","DateUpdate":"Tue, 12 Nov 2024 10:04:37 GMT","Effective":"Wed, 01 Jan 2020 00:00:01 GMT","Expire":"Sat, 01 Jan 2050 00:00:01 GMT","Site_NGUID":"SSAP479311FINDLAYTR@buckscounty.org","Country":"US","State":"PA","County":"Bucks County","AddCode":"","AddDataURI":"","Inc_Muni":"Warminster Township","Uninc_Comm":"","Nbrhd_Comm":"","AddNum_Pre":"","Add_Number":"11","AddNum_Suf":"","St_PreMod":"","St_PreDir":"","St_PreTyp":"","St_PreSep":"","St_Name":"FINDLAY","St_PosTyp":"TERRACE","St_PosDir":"","St_PosMod":"","Lst_PreDir":"","Lst_Name":"FINDLAY","Lst_Type":"TER","LstPosDir":"","ESN":"51","MSAGComm":"WARMINSTER TOWNSHIP","Post_Comm":"HATBORO","Post_Code":"19040","Post_Code4":"","Building":"","Floor":" ","Unit":" ","Room":"","Seat":" ","Addtl_Loc":" ","LandmkName":" ","Mile_Post":" ","Place_Type":" ","Placement":" ","Long":-75.08453976,"Lat":40.18786732,"Elev":"0","ParcelID":"49-009-028-013","Full_Addr":"11 FINDLAY TER","Comment":" ","Purpose":null,"DiscrpAgID":"buckscounty.org","created_user":null,"created_date":null,"last_edited_user":"DGALLOWAY","gc_exception":"","ADDRGUID":null,"RDNAME":"FINDLAY TER"}},{"type":"Feature","id":4773,"geometry":{"type":"Point","coordinates":[-75.0845871171475,40.1878324055911]},"properties":{"OBJECTID":4773,"Source":"","DateUpdate":"Tue, 12 Nov 2024 10:04:37 GMT","Effective":"Wed, 01 Jan 2020 00:00:01 GMT","Expire":"Sat, 01 Jan 2050 00:00:01 GMT","Site_NGUID":"SSAP47949FINDLAYTR@buckscounty.org","Country":"US","State":"PA","County":"Bucks County","AddCode":"","AddDataURI":"","Inc_Muni":"Warminster Township","Uninc_Comm":"","Nbrhd_Comm":"","AddNum_Pre":"","Add_Number":"9","AddNum_Suf":"","St_PreMod":"","St_PreDir":"","St_PreTyp":"","St_PreSep":"","St_Name":"FINDLAY","St_PosTyp":"TERRACE","St_PosDir":"","St_PosMod":"","Lst_PreDir":"","Lst_Name":"FINDLAY","Lst_Type":"TER","LstPosDir":"","ESN":"51","MSAGComm":"WARMINSTER TOWNSHIP","Post_Comm":"HATBORO","Post_Code":"19040","Post_Code4":"","Building":"","Floor":" ","Unit":" ","Room":"","Seat":" ","Addtl_Loc":" ","LandmkName":" ","Mile_Post":" ","Place_Type":" ","Placement":" ","Long":-75.08458536,"Lat":40.18782429,"Elev":"0","ParcelID":"49-009-028-013","Full_Addr":"9 FINDLAY TER","Comment":" ","Purpose":null,"DiscrpAgID":"buckscounty.org","created_user":null,"created_date":null,"last_edited_user":"DGALLOWAY","gc_exception":"","ADDRGUID":null,"RDNAME":"FINDLAY TER"}},{"type":"Feature","id":4774,"geometry":{"type":"Point","coordinates":[-75.0851316048149,40.1873857154211]},"properties":{"OBJECTID":4774,"Source":"","DateUpdate":"Tue, 12 Nov 2024 10:04:37 GMT","Effective":"Wed, 01 Jan 2020 00:00:01 GMT","Expire":"Sat, 01 Jan 2050 00:00:01 GMT","Site_NGUID":"SSAP479517WALKST@buckscounty.org","Country":"US","State":"PA","County":"Bucks County","AddCode":"","AddDataURI":"","Inc_Muni":"Warminster Township","Uninc_Comm":"","Nbrhd_Comm":"","AddNum_Pre":"","Add_Number":"17","AddNum_Suf":"","St_PreMod":"","St_PreDir":"","St_PreTyp":"","St_PreSep":"","St_Name":"WALK","St_PosTyp":"STREET","St_PosDir":"","St_PosMod":"","Lst_PreDir":"","Lst_Name":"WALK","Lst_Type":"ST","LstPosDir":"","ESN":"51","MSAGComm":"WARMINSTER TOWNSHIP","Post_Comm":"WARMINSTER","Post_Code":"18974","Post_Code4":"","Building":"","Floor":" ","Unit":" ","Room":"","Seat":" ","Addtl_Loc":" ","LandmkName":" ","Mile_Post":" ","Place_Type":" ","Placement":" ","Long":-75.08512984,"Lat":40.1873776,"Elev":"0","ParcelID":"49-009-028-013","Full_Addr":"17 WALK ST","Comment":" ","Purpose":null,"DiscrpAgID":"buckscounty.org","created_user":null,"created_date":null,"last_edited_user":"DGALLOWAY","gc_exception":"","ADDRGUID":null,"RDNAME":"WALK ST"}},{"type":"Feature","id":4783,"geometry":{"type":"Point","coordinates":[-75.0867614660461,40.1897167088859]},"properties":{"OBJECTID":4783,"Source":"","DateUpdate":"Tue, 12 Nov 2024 10:04:37 GMT","Effective":"Wed, 01 Jan 2020 00:00:01 GMT","Expire":"Sat, 01 Jan 2050 00:00:01 GMT","Site_NGUID":"SSAP48041ELMWOODAV@buckscounty.org","Country":"US","State":"PA","County":"Bucks County","AddCode":"","AddDataURI":"","Inc_Muni":"Warminster Township","Uninc_Comm":"","Nbrhd_Comm":"","AddNum_Pre":"","Add_Number":"1","AddNum_Suf":"","St_PreMod":"","St_PreDir":"","St_PreTyp":"","St_PreSep":"","St_Name":"ELMWOOD","St_PosTyp":"AVENUE","St_PosDir":"","St_PosMod":"","Lst_PreDir":"","Lst_Name":"ELMWOOD","Lst_Type":"AVE","LstPosDir":"","ESN":"51","MSAGComm":"WARMINSTER TOWNSHIP","Post_Comm":"WARMINSTER","Post_Code":"18974","Post_Code4":"","Building":"","Floor":" ","Unit":" ","Room":"","Seat":" ","Addtl_Loc":" ","LandmkName":" ","Mile_Post":" ","Place_Type":" ","Placement":" ","Long":-75.0867597,"Lat":40.18970859,"Elev":"0","ParcelID":"49-009-028-013","Full_Addr":"1 ELMWOOD AVE","Comment":" ","Purpose":null,"DiscrpAgID":"buckscounty.org","created_user":null,"created_date":null,"last_edited_user":"DGALLOWAY","gc_exception":"","ADDRGUID":null,"RDNAME":"ELMWOOD AVE"}},{"type":"Feature","id":4784,"geometry":{"type":"Point","coordinates":[-75.0866970915898,40.1897331004416]},"properties":{"OBJECTID":4784,"Source":"","DateUpdate":"Tue, 12 Nov 2024 10:04:37 GMT","Effective":"Wed, 01 Jan 2020 00:00:01 GMT","Expire":"Sat, 01 Jan 2050 00:00:01 GMT","Site_NGUID":"SSAP48053ELMWOODAV@buckscounty.org","Country":"US","State":"PA","County":"Bucks County","AddCode":"","AddDataURI":"","Inc_Muni":"Warminster Township","Uninc_Comm":"","Nbrhd_Comm":"","AddNum_Pre":"","Add_Number":"3","AddNum_Suf":"","St_PreMod":"","St_PreDir":"","St_PreTyp":"","St_PreSep":"","St_Name":"ELMWOOD","St_PosTyp":"AVENUE","St_PosDir":"","St_PosMod":"","Lst_PreDir":"","Lst_Name":"ELMWOOD","Lst_Type":"AVE","LstPosDir":"","ESN":"51","MSAGComm":"WARMINSTER TOWNSHIP","Post_Comm":"WARMINSTER","Post_Code":"18974","Post_Code4":"","Building":"","Floor":" ","Unit":" ","Room":"","Seat":" ","Addtl_Loc":" ","LandmkName":" ","Mile_Post":" ","Place_Type":" ","Placement":" ","Long":-75.08669533,"Lat":40.18972499,"Elev":"0","ParcelID":"49-009-028-013","Full_Addr":"3 ELMWOOD AVE","Comment":" ","Purpose":null,"DiscrpAgID":"buckscounty.org","created_user":null,"created_date":null,"last_edited_user":"DGALLOWAY","gc_exception":"","ADDRGUID":null,"RDNAME":"ELMWOOD AVE"}},{"type":"Feature","id":4785,"geometry":{"type":"Point","coordinates":[-75.0866300386279,40.1897453942895]},"properties":{"OBJECTID":4785,"Source":"","DateUpdate":"Tue, 12 Nov 2024 10:04:37 GMT","Effective":"Wed, 01 Jan 2020 00:00:01 GMT","Expire":"Sat, 01 Jan 2050 00:00:01 GMT","Site_NGUID":"SSAP48065ELMWOODAV@buckscounty.org","Country":"US","State":"PA","County":"Bucks County","AddCode":"","AddDataURI":"","Inc_Muni":"Warminster Township","Uninc_Comm":"","Nbrhd_Comm":"","AddNum_Pre":"","Add_Number":"5","AddNum_Suf":"","St_PreMod":"","St_PreDir":"","St_PreTyp":"","St_PreSep":"","St_Name":"ELMWOOD","St_PosTyp":"AVENUE","St_PosDir":"","St_PosMod":"","Lst_PreDir":"","Lst_Name":"ELMWOOD","Lst_Type":"AVE","LstPosDir":"","ESN":"51","MSAGComm":"WARMINSTER TOWNSHIP","Post_Comm":"WARMINSTER","Post_Code":"18974","Post_Code4":"","Building":"","Floor":" ","Unit":" ","Room":"","Seat":" ","Addtl_Loc":" ","LandmkName":" ","Mile_Post":" ","Place_Type":" ","Placement":" ","Long":-75.08662828,"Lat":40.18973728,"Elev":"0","ParcelID":"49-009-028-013","Full_Addr":"5 ELMWOOD AVE","Comment":" ","Purpose":null,"DiscrpAgID":"buckscounty.org","created_user":null,"created_date":null,"last_edited_user":"DGALLOWAY","gc_exception":"","ADDRGUID":null,"RDNAME":"ELMWOOD AVE"}},{"type":"Feature","id":4786,"geometry":{"type":"Point","coordinates":[-75.0865710292929,40.1897597366269]},"properties":{"OBJECTID":4786,"Source":"","DateUpdate":"Tue, 12 Nov 2024 10:04:37 GMT","Effective":"Wed, 01 Jan 2020 00:00:01 GMT","Expire":"Sat, 01 Jan 2050 00:00:01 GMT","Site_NGUID":"SSAP48077ELMWOODAV@buckscounty.org","Country":"US","State":"PA","County":"Bucks County","AddCode":"","AddDataURI":"","Inc_Muni":"Warminster Township","Uninc_Comm":"","Nbrhd_Comm":"","AddNum_Pre":"","Add_Number":"7","AddNum_Suf":"","St_PreMod":"","St_PreDir":"","St_PreTyp":"","St_PreSep":"","St_Name":"ELMWOOD","St_PosTyp":"AVENUE","St_PosDir":"","St_PosMod":"","Lst_PreDir":"","Lst_Name":"ELMWOOD","Lst_Type":"AVE","LstPosDir":"","ESN":"51","MSAGComm":"WARMINSTER TOWNSHIP","Post_Comm":"WARMINSTER","Post_Code":"18974","Post_Code4":"","Building":"","Floor":" ","Unit":" ","Room":"","Seat":" ","Addtl_Loc":" ","LandmkName":" ","Mile_Post":" ","Place_Type":" ","Placement":" ","Long":-75.08656927,"Lat":40.18975162,"Elev":"0","ParcelID":"49-009-028-013","Full_Addr":"7 ELMWOOD AVE","Comment":" ","Purpose":null,"DiscrpAgID":"buckscounty.org","created_user":null,"created_date":null,"last_edited_user":"DGALLOWAY","gc_exception":"","ADDRGUID":null,"RDNAME":"ELMWOOD AVE"}},{"type":"Feature","id":4787,"geometry":{"type":"Point","coordinates":[-75.0865683465684,40.189513859856]},"properties":{"OBJECTID":4787,"Source":"","DateUpdate":"Tue, 12 Nov 2024 10:04:37 GMT","Effective":"Wed, 01 Jan 2020 00:00:01 GMT","Expire":"Sat, 01 Jan 2050 00:00:01 GMT","Site_NGUID":"SSAP48082ELMWOODAV@buckscounty.org","Country":"US","State":"PA","County":"Bucks County","AddCode":"","AddDataURI":"","Inc_Muni":"Warminster Township","Uninc_Comm":"","Nbrhd_Comm":"","AddNum_Pre":"","Add_Number":"2","AddNum_Suf":"","St_PreMod":"","St_PreDir":"","St_PreTyp":"","St_PreSep":"","St_Name":"ELMWOOD","St_PosTyp":"AVENUE","St_PosDir":"","St_PosMod":"","Lst_PreDir":"","Lst_Name":"ELMWOOD","Lst_Type":"AVE","LstPosDir":"","ESN":"51","MSAGComm":"WARMINSTER TOWNSHIP","Post_Comm":"WARMINSTER","Post_Code":"18974","Post_Code4":"","Building":"","Floor":" ","Unit":" ","Room":"","Seat":" ","Addtl_Loc":" ","LandmkName":" ","Mile_Post":" ","Place_Type":" ","Placement":" ","Long":-75.08656659,"Lat":40.18950574,"Elev":"0","ParcelID":"49-009-028-013","Full_Addr":"2 ELMWOOD AVE","Comment":" ","Purpose":null,"DiscrpAgID":"buckscounty.org","created_user":null,"created_date":null,"last_edited_user":"DGALLOWAY","gc_exception":"","ADDRGUID":null,"RDNAME":"ELMWOOD AVE"}},{"type":"Feature","id":4788,"geometry":{"type":"Point","coordinates":[-75.0864959281698,40.1895159100422]},"properties":{"OBJECTID":4788,"Source":"","DateUpdate":"Tue, 12 Nov 2024 10:04:37 GMT","Effective":"Wed, 01 Jan 2020 00:00:01 GMT","Expire":"Sat, 01 Jan 2050 00:00:01 GMT","Site_NGUID":"SSAP48094ELMWOODAV@buckscounty.org","Country":"US","State":"PA","County":"Bucks County","AddCode":"","AddDataURI":"","Inc_Muni":"Warminster Township","Uninc_Comm":"","Nbrhd_Comm":"","AddNum_Pre":"","Add_Number":"4","AddNum_Suf":"","St_PreMod":"","St_PreDir":"","St_PreTyp":"","St_PreSep":"","St_Name":"ELMWOOD","St_PosTyp":"AVENUE","St_PosDir":"","St_PosMod":"","Lst_PreDir":"","Lst_Name":"ELMWOOD","Lst_Type":"AVE","LstPosDir":"","ESN":"51","MSAGComm":"WARMINSTER TOWNSHIP","Post_Comm":"WARMINSTER","Post_Code":"18974","Post_Code4":"","Building":"","Floor":" ","Unit":" ","Room":"","Seat":" ","Addtl_Loc":" ","LandmkName":" ","Mile_Post":" ","Place_Type":" ","Placement":" ","Long":-75.08649417,"Lat":40.1895078,"Elev":"0","ParcelID":"49-009-028-013","Full_Addr":"4 ELMWOOD AVE","Comment":" ","Purpose":null,"DiscrpAgID":"buckscounty.org","created_user":null,"created_date":null,"last_edited_user":"DGALLOWAY","gc_exception":"","ADDRGUID":null,"RDNAME":"ELMWOOD AVE"}},{"type":"Feature","id":4789,"geometry":{"type":"Point","coordinates":[-75.0864154601332,40.1895200066749]},"properties":{"OBJECTID":4789,"Source":"","DateUpdate":"Tue, 12 Nov 2024 10:04:37 GMT","Effective":"Wed, 01 Jan 2020 00:00:01 GMT","Expire":"Sat, 01 Jan 2050 00:00:01 GMT","Site_NGUID":"SSAP48106ELMWOODAV@buckscounty.org","Country":"US","State":"PA","County":"Bucks County","AddCode":"","AddDataURI":"","Inc_Muni":"Warminster Township","Uninc_Comm":"","Nbrhd_Comm":"","AddNum_Pre":"","Add_Number":"6","AddNum_Suf":"","St_PreMod":"","St_PreDir":"","St_PreTyp":"","St_PreSep":"","St_Name":"ELMWOOD","St_PosTyp":"AVENUE","St_PosDir":"","St_PosMod":"","Lst_PreDir":"","Lst_Name":"ELMWOOD","Lst_Type":"AVE","LstPosDir":"","ESN":"51","MSAGComm":"WARMINSTER TOWNSHIP","Post_Comm":"WARMINSTER","Post_Code":"18974","Post_Code4":"","Building":"","Floor":" ","Unit":" ","Room":"","Seat":" ","Addtl_Loc":" ","LandmkName":" ","Mile_Post":" ","Place_Type":" ","Placement":" ","Long":-75.0864137,"Lat":40.18951189,"Elev":"0","ParcelID":"49-009-028-013","Full_Addr":"6 ELMWOOD AVE","Comment":" ","Purpose":null,"DiscrpAgID":"buckscounty.org","created_user":null,"created_date":null,"last_edited_user":"DGALLOWAY","gc_exception":"","ADDRGUID":null,"RDNAME":"ELMWOOD AVE"}},{"type":"Feature","id":4790,"geometry":{"type":"Point","coordinates":[-75.0863537705938,40.189522057236]},"properties":{"OBJECTID":4790,"Source":"","DateUpdate":"Tue, 12 Nov 2024 10:04:37 GMT","Effective":"Wed, 01 Jan 2020 00:00:01 GMT","Expire":"Sat, 01 Jan 2050 00:00:01 GMT","Site_NGUID":"SSAP48118ELMWOODAV@buckscounty.org","Country":"US","State":"PA","County":"Bucks County","AddCode":"","AddDataURI":"","Inc_Muni":"Warminster Township","Uninc_Comm":"","Nbrhd_Comm":"","AddNum_Pre":"","Add_Number":"8","AddNum_Suf":"","St_PreMod":"","St_PreDir":"","St_PreTyp":"","St_PreSep":"","St_Name":"ELMWOOD","St_PosTyp":"AVENUE","St_PosDir":"","St_PosMod":"","Lst_PreDir":"","Lst_Name":"ELMWOOD","Lst_Type":"AVE","LstPosDir":"","ESN":"51","MSAGComm":"WARMINSTER TOWNSHIP","Post_Comm":"WARMINSTER","Post_Code":"18974","Post_Code4":"","Building":"","Floor":" ","Unit":" ","Room":"","Seat":" ","Addtl_Loc":" ","LandmkName":" ","Mile_Post":" ","Place_Type":" ","Placement":" ","Long":-75.08635201,"Lat":40.18951394,"Elev":"0","ParcelID":"49-009-028-013","Full_Addr":"8 ELMWOOD AVE","Comment":" ","Purpose":null,"DiscrpAgID":"buckscounty.org","created_user":null,"created_date":null,"last_edited_user":"DGALLOWAY","gc_exception":"","ADDRGUID":null,"RDNAME":"ELMWOOD AVE"}},{"type":"Feature","id":4791,"geometry":{"type":"Point","coordinates":[-75.0860748185173,40.1895015669762]},"properties":{"OBJECTID":4791,"Source":"","DateUpdate":"Tue, 12 Nov 2024 10:04:37 GMT","Effective":"Wed, 01 Jan 2020 00:00:01 GMT","Expire":"Sat, 01 Jan 2050 00:00:01 GMT","Site_NGUID":"SSAP481210ELMWOODAV@buckscounty.org","Country":"US","State":"PA","County":"Bucks County","AddCode":"","AddDataURI":"","Inc_Muni":"Warminster Township","Uninc_Comm":"","Nbrhd_Comm":"","AddNum_Pre":"","Add_Number":"10","AddNum_Suf":"","St_PreMod":"","St_PreDir":"","St_PreTyp":"","St_PreSep":"","St_Name":"ELMWOOD","St_PosTyp":"AVENUE","St_PosDir":"","St_PosMod":"","Lst_PreDir":"","Lst_Name":"ELMWOOD","Lst_Type":"AVE","LstPosDir":"","ESN":"51","MSAGComm":"WARMINSTER TOWNSHIP","Post_Comm":"WARMINSTER","Post_Code":"18974","Post_Code4":"","Building":"","Floor":" ","Unit":" ","Room":"","Seat":" ","Addtl_Loc":" ","LandmkName":" ","Mile_Post":" ","Place_Type":" ","Placement":" ","Long":-75.08607306,"Lat":40.18949345,"Elev":"0","ParcelID":"49-009-028-013","Full_Addr":"10 ELMWOOD AVE","Comment":" ","Purpose":null,"DiscrpAgID":"buckscounty.org","created_user":null,"created_date":null,"last_edited_user":"DGALLOWAY","gc_exception":"","ADDRGUID":null,"RDNAME":"ELMWOOD AVE"}},{"type":"Feature","id":4792,"geometry":{"type":"Point","coordinates":[-75.085900475463,40.1894913206475]},"properties":{"OBJECTID":4792,"Source":"","DateUpdate":"Tue, 12 Nov 2024 10:04:37 GMT","Effective":"Wed, 01 Jan 2020 00:00:01 GMT","Expire":"Sat, 01 Jan 2050 00:00:01 GMT","Site_NGUID":"SSAP481314ELMWOODAV@buckscounty.org","Country":"US","State":"PA","County":"Bucks County","AddCode":"","AddDataURI":"","Inc_Muni":"Warminster Township","Uninc_Comm":"","Nbrhd_Comm":"","AddNum_Pre":"","Add_Number":"14","AddNum_Suf":"","St_PreMod":"","St_PreDir":"","St_PreTyp":"","St_PreSep":"","St_Name":"ELMWOOD","St_PosTyp":"AVENUE","St_PosDir":"","St_PosMod":"","Lst_PreDir":"","Lst_Name":"ELMWOOD","Lst_Type":"AVE","LstPosDir":"","ESN":"51","MSAGComm":"WARMINSTER TOWNSHIP","Post_Comm":"WARMINSTER","Post_Code":"18974","Post_Code4":"","Building":"","Floor":" ","Unit":" ","Room":"","Seat":" ","Addtl_Loc":" ","LandmkName":" ","Mile_Post":" ","Place_Type":" ","Placement":" ","Long":-75.08589871,"Lat":40.18948321,"Elev":"0","ParcelID":"49-009-028-013","Full_Addr":"14 ELMWOOD AVE","Comment":" ","Purpose":null,"DiscrpAgID":"buckscounty.org","created_user":null,"created_date":null,"last_edited_user":"DGALLOWAY","gc_exception":"","ADDRGUID":null,"RDNAME":"ELMWOOD AVE"}},{"type":"Feature","id":4793,"geometry":{"type":"Point","coordinates":[-75.0857261332347,40.1894851746498]},"properties":{"OBJECTID":4793,"Source":"","DateUpdate":"Tue, 12 Nov 2024 10:04:37 GMT","Effective":"Wed, 01 Jan 2020 00:00:01 GMT","Expire":"Sat, 01 Jan 2050 00:00:01 GMT","Site_NGUID":"SSAP481418ELMWOODAV@buckscounty.org","Country":"US","State":"PA","County":"Bucks County","AddCode":"","AddDataURI":"","Inc_Muni":"Warminster Township","Uninc_Comm":"","Nbrhd_Comm":"","AddNum_Pre":"","Add_Number":"18","AddNum_Suf":"","St_PreMod":"","St_PreDir":"","St_PreTyp":"","St_PreSep":"","St_Name":"ELMWOOD","St_PosTyp":"AVENUE","St_PosDir":"","St_PosMod":"","Lst_PreDir":"","Lst_Name":"ELMWOOD","Lst_Type":"AVE","LstPosDir":"","ESN":"51","MSAGComm":"WARMINSTER TOWNSHIP","Post_Comm":"WARMINSTER","Post_Code":"18974","Post_Code4":"","Building":"","Floor":" ","Unit":" ","Room":"","Seat":" ","Addtl_Loc":" ","LandmkName":" ","Mile_Post":" ","Place_Type":" ","Placement":" ","Long":-75.08572437,"Lat":40.18947706,"Elev":"0","ParcelID":"49-009-028-013","Full_Addr":"18 ELMWOOD AVE","Comment":" ","Purpose":null,"DiscrpAgID":"buckscounty.org","created_user":null,"created_date":null,"last_edited_user":"DGALLOWAY","gc_exception":"","ADDRGUID":null,"RDNAME":"ELMWOOD AVE"}},{"type":"Feature","id":4794,"geometry":{"type":"Point","coordinates":[-75.0859836260597,40.1894995179047]},"properties":{"OBJECTID":4794,"Source":"","DateUpdate":"Tue, 12 Nov 2024 10:04:37 GMT","Effective":"Wed, 01 Jan 2020 00:00:01 GMT","Expire":"Sat, 01 Jan 2050 00:00:01 GMT","Site_NGUID":"SSAP481512ELMWOODAV@buckscounty.org","Country":"US","State":"PA","County":"Bucks County","AddCode":"","AddDataURI":"","Inc_Muni":"Warminster Township","Uninc_Comm":"","Nbrhd_Comm":"","AddNum_Pre":"","Add_Number":"12","AddNum_Suf":"","St_PreMod":"","St_PreDir":"","St_PreTyp":"","St_PreSep":"","St_Name":"ELMWOOD","St_PosTyp":"AVENUE","St_PosDir":"","St_PosMod":"","Lst_PreDir":"","Lst_Name":"ELMWOOD","Lst_Type":"AVE","LstPosDir":"","ESN":"51","MSAGComm":"WARMINSTER TOWNSHIP","Post_Comm":"WARMINSTER","Post_Code":"18974","Post_Code4":"","Building":"","Floor":" ","Unit":" ","Room":"","Seat":" ","Addtl_Loc":" ","LandmkName":" ","Mile_Post":" ","Place_Type":" ","Placement":" ","Long":-75.08598187,"Lat":40.1894914,"Elev":"0","ParcelID":"49-009-028-013","Full_Addr":"12 ELMWOOD AVE","Comment":" ","Purpose":null,"DiscrpAgID":"buckscounty.org","created_user":null,"created_date":null,"last_edited_user":"DGALLOWAY","gc_exception":"","ADDRGUID":null,"RDNAME":"ELMWOOD AVE"}},{"type":"Feature","id":4795,"geometry":{"type":"Point","coordinates":[-75.0858092813375,40.189487224264]},"properties":{"OBJECTID":4795,"Source":"","DateUpdate":"Tue, 12 Nov 2024 10:04:37 GMT","Effective":"Wed, 01 Jan 2020 00:00:01 GMT","Expire":"Sat, 01 Jan 2050 00:00:01 GMT","Site_NGUID":"SSAP481616ELMWOODAV@buckscounty.org","Country":"US","State":"PA","County":"Bucks County","AddCode":"","AddDataURI":"","Inc_Muni":"Warminster Township","Uninc_Comm":"","Nbrhd_Comm":"","AddNum_Pre":"","Add_Number":"16","AddNum_Suf":"","St_PreMod":"","St_PreDir":"","St_PreTyp":"","St_PreSep":"","St_Name":"ELMWOOD","St_PosTyp":"AVENUE","St_PosDir":"","St_PosMod":"","Lst_PreDir":"","Lst_Name":"ELMWOOD","Lst_Type":"AVE","LstPosDir":"","ESN":"51","MSAGComm":"WARMINSTER TOWNSHIP","Post_Comm":"WARMINSTER","Post_Code":"18974","Post_Code4":"","Building":"","Floor":" ","Unit":" ","Room":"","Seat":" ","Addtl_Loc":" ","LandmkName":" ","Mile_Post":" ","Place_Type":" ","Placement":" ","Long":-75.08580752,"Lat":40.18947911,"Elev":"0","ParcelID":"49-009-028-013","Full_Addr":"16 ELMWOOD AVE","Comment":" ","Purpose":null,"DiscrpAgID":"buckscounty.org","created_user":null,"created_date":null,"last_edited_user":"DGALLOWAY","gc_exception":"","ADDRGUID":null,"RDNAME":"ELMWOOD AVE"}},{"type":"Feature","id":4796,"geometry":{"type":"Point","coordinates":[-75.0851440941761,40.1896716322895]},"properties":{"OBJECTID":4796,"Source":"","DateUpdate":"Tue, 12 Nov 2024 10:04:37 GMT","Effective":"Wed, 01 Jan 2020 00:00:01 GMT","Expire":"Sat, 01 Jan 2050 00:00:01 GMT","Site_NGUID":"SSAP481727ELMWOODAV@buckscounty.org","Country":"US","State":"PA","County":"Bucks County","AddCode":"","AddDataURI":"","Inc_Muni":"Warminster Township","Uninc_Comm":"","Nbrhd_Comm":"","AddNum_Pre":"","Add_Number":"27","AddNum_Suf":"","St_PreMod":"","St_PreDir":"","St_PreTyp":"","St_PreSep":"","St_Name":"ELMWOOD","St_PosTyp":"AVENUE","St_PosDir":"","St_PosMod":"","Lst_PreDir":"","Lst_Name":"ELMWOOD","Lst_Type":"AVE","LstPosDir":"","ESN":"51","MSAGComm":"WARMINSTER TOWNSHIP","Post_Comm":"WARMINSTER","Post_Code":"18974","Post_Code4":"","Building":"","Floor":" ","Unit":" ","Room":"","Seat":" ","Addtl_Loc":" ","LandmkName":" ","Mile_Post":" ","Place_Type":" ","Placement":" ","Long":-75.08514233,"Lat":40.18966352,"Elev":"0","ParcelID":"49-009-028-013","Full_Addr":"27 ELMWOOD AVE","Comment":" ","Purpose":null,"DiscrpAgID":"buckscounty.org","created_user":null,"created_date":null,"last_edited_user":"DGALLOWAY","gc_exception":"","ADDRGUID":null,"RDNAME":"ELMWOOD AVE"}},{"type":"Feature","id":4797,"geometry":{"type":"Point","coordinates":[-75.0850877661402,40.1896654843976]},"properties":{"OBJECTID":4797,"Source":"","DateUpdate":"Tue, 12 Nov 2024 10:04:37 GMT","Effective":"Wed, 01 Jan 2020 00:00:01 GMT","Expire":"Sat, 01 Jan 2050 00:00:01 GMT","Site_NGUID":"SSAP481829ELMWOODAV@buckscounty.org","Country":"US","State":"PA","County":"Bucks County","AddCode":"","AddDataURI":"","Inc_Muni":"Warminster Township","Uninc_Comm":"","Nbrhd_Comm":"","AddNum_Pre":"","Add_Number":"29","AddNum_Suf":"","St_PreMod":"","St_PreDir":"","St_PreTyp":"","St_PreSep":"","St_Name":"ELMWOOD","St_PosTyp":"AVENUE","St_PosDir":"","St_PosMod":"","Lst_PreDir":"","Lst_Name":"ELMWOOD","Lst_Type":"AVE","LstPosDir":"","ESN":"51","MSAGComm":"WARMINSTER TOWNSHIP","Post_Comm":"WARMINSTER","Post_Code":"18974","Post_Code4":"","Building":"","Floor":" ","Unit":" ","Room":"","Seat":" ","Addtl_Loc":" ","LandmkName":" ","Mile_Post":" ","Place_Type":" ","Placement":" ","Long":-75.08508601,"Lat":40.18965737,"Elev":"0","ParcelID":"49-009-028-013","Full_Addr":"29 ELMWOOD AVE","Comment":" ","Purpose":null,"DiscrpAgID":"buckscounty.org","created_user":null,"created_date":null,"last_edited_user":"DGALLOWAY","gc_exception":"","ADDRGUID":null,"RDNAME":"ELMWOOD AVE"}},{"type":"Feature","id":4798,"geometry":{"type":"Point","coordinates":[-75.0850233925217,40.1896593385353]},"properties":{"OBJECTID":4798,"Source":"","DateUpdate":"Tue, 12 Nov 2024 10:04:37 GMT","Effective":"Wed, 01 Jan 2020 00:00:01 GMT","Expire":"Sat, 01 Jan 2050 00:00:01 GMT","Site_NGUID":"SSAP481931ELMWOODAV@buckscounty.org","Country":"US","State":"PA","County":"Bucks County","AddCode":"","AddDataURI":"","Inc_Muni":"Warminster Township","Uninc_Comm":"","Nbrhd_Comm":"","AddNum_Pre":"","Add_Number":"31","AddNum_Suf":"","St_PreMod":"","St_PreDir":"","St_PreTyp":"","St_PreSep":"","St_Name":"ELMWOOD","St_PosTyp":"AVENUE","St_PosDir":"","St_PosMod":"","Lst_PreDir":"","Lst_Name":"ELMWOOD","Lst_Type":"AVE","LstPosDir":"","ESN":"51","MSAGComm":"WARMINSTER TOWNSHIP","Post_Comm":"WARMINSTER","Post_Code":"18974","Post_Code4":"","Building":"","Floor":" ","Unit":" ","Room":"","Seat":" ","Addtl_Loc":" ","LandmkName":" ","Mile_Post":" ","Place_Type":" ","Placement":" ","Long":-75.08502163,"Lat":40.18965122,"Elev":"0","ParcelID":"49-009-028-013","Full_Addr":"31 ELMWOOD AVE","Comment":" ","Purpose":null,"DiscrpAgID":"buckscounty.org","created_user":null,"created_date":null,"last_edited_user":"DGALLOWAY","gc_exception":"","ADDRGUID":null,"RDNAME":"ELMWOOD AVE"}},{"type":"Feature","id":4799,"geometry":{"type":"Point","coordinates":[-75.0849697471202,40.1896552403566]},"properties":{"OBJECTID":4799,"Source":"","DateUpdate":"Tue, 12 Nov 2024 10:04:37 GMT","Effective":"Wed, 01 Jan 2020 00:00:01 GMT","Expire":"Sat, 01 Jan 2050 00:00:01 GMT","Site_NGUID":"SSAP482033ELMWOODAV@buckscounty.org","Country":"US","State":"PA","County":"Bucks County","AddCode":"","AddDataURI":"","Inc_Muni":"Warminster Township","Uninc_Comm":"","Nbrhd_Comm":"","AddNum_Pre":"","Add_Number":"33","AddNum_Suf":"","St_PreMod":"","St_PreDir":"","St_PreTyp":"","St_PreSep":"","St_Name":"ELMWOOD","St_PosTyp":"AVENUE","St_PosDir":"","St_PosMod":"","Lst_PreDir":"","Lst_Name":"ELMWOOD","Lst_Type":"AVE","LstPosDir":"","ESN":"51","MSAGComm":"WARMINSTER TOWNSHIP","Post_Comm":"WARMINSTER","Post_Code":"18974","Post_Code4":"","Building":"","Floor":" ","Unit":" ","Room":"","Seat":" ","Addtl_Loc":" ","LandmkName":" ","Mile_Post":" ","Place_Type":" ","Placement":" ","Long":-75.08496799,"Lat":40.18964713,"Elev":"0","ParcelID":"49-009-028-013","Full_Addr":"33 ELMWOOD AVE","Comment":" ","Purpose":null,"DiscrpAgID":"buckscounty.org","created_user":null,"created_date":null,"last_edited_user":"DGALLOWAY","gc_exception":"","ADDRGUID":null,"RDNAME":"ELMWOOD AVE"}},{"type":"Feature","id":4800,"geometry":{"type":"Point","coordinates":[-75.0845459618091,40.1896183581289]},"properties":{"OBJECTID":4800,"Source":"","DateUpdate":"Tue, 12 Nov 2024 10:04:37 GMT","Effective":"Wed, 01 Jan 2020 00:00:01 GMT","Expire":"Sat, 01 Jan 2050 00:00:01 GMT","Site_NGUID":"SSAP482139ELMWOODAV@buckscounty.org","Country":"US","State":"PA","County":"Bucks County","AddCode":"","AddDataURI":"","Inc_Muni":"Warminster Township","Uninc_Comm":"","Nbrhd_Comm":"","AddNum_Pre":"","Add_Number":"39","AddNum_Suf":"","St_PreMod":"","St_PreDir":"","St_PreTyp":"","St_PreSep":"","St_Name":"ELMWOOD","St_PosTyp":"AVENUE","St_PosDir":"","St_PosMod":"","Lst_PreDir":"","Lst_Name":"ELMWOOD","Lst_Type":"AVE","LstPosDir":"","ESN":"51","MSAGComm":"WARMINSTER TOWNSHIP","Post_Comm":"WARMINSTER","Post_Code":"18974","Post_Code4":"","Building":"","Floor":" ","Unit":" ","Room":"","Seat":" ","Addtl_Loc":" ","LandmkName":" ","Mile_Post":" ","Place_Type":" ","Placement":" ","Long":-75.0845442,"Lat":40.18961024,"Elev":"0","ParcelID":"49-009-028-013","Full_Addr":"39 ELMWOOD AVE","Comment":" ","Purpose":null,"DiscrpAgID":"buckscounty.org","created_user":null,"created_date":null,"last_edited_user":"DGALLOWAY","gc_exception":"","ADDRGUID":null,"RDNAME":"ELMWOOD AVE"}},{"type":"Feature","id":4801,"geometry":{"type":"Point","coordinates":[-75.08446817754,40.1896081135146]},"properties":{"OBJECTID":4801,"Source":"","DateUpdate":"Tue, 12 Nov 2024 10:04:37 GMT","Effective":"Wed, 01 Jan 2020 00:00:01 GMT","Expire":"Sat, 01 Jan 2050 00:00:01 GMT","Site_NGUID":"SSAP482243ELMWOODAV@buckscounty.org","Country":"US","State":"PA","County":"Bucks County","AddCode":"","AddDataURI":"","Inc_Muni":"Warminster Township","Uninc_Comm":"","Nbrhd_Comm":"","AddNum_Pre":"","Add_Number":"43","AddNum_Suf":"","St_PreMod":"","St_PreDir":"","St_PreTyp":"","St_PreSep":"","St_Name":"ELMWOOD","St_PosTyp":"AVENUE","St_PosDir":"","St_PosMod":"","Lst_PreDir":"","Lst_Name":"ELMWOOD","Lst_Type":"AVE","LstPosDir":"","ESN":"51","MSAGComm":"WARMINSTER TOWNSHIP","Post_Comm":"WARMINSTER","Post_Code":"18974","Post_Code4":"","Building":"","Floor":" ","Unit":" ","Room":"","Seat":" ","Addtl_Loc":" ","LandmkName":" ","Mile_Post":" ","Place_Type":" ","Placement":" ","Long":-75.08446642,"Lat":40.1896,"Elev":"0","ParcelID":"49-009-028-013","Full_Addr":"43 ELMWOOD AVE","Comment":" ","Purpose":null,"DiscrpAgID":"buckscounty.org","created_user":null,"created_date":null,"last_edited_user":"DGALLOWAY","gc_exception":"","ADDRGUID":null,"RDNAME":"ELMWOOD AVE"}},{"type":"Feature","id":4802,"geometry":{"type":"Point","coordinates":[-75.0843796640008,40.189601966961]},"properties":{"OBJECTID":4802,"Source":"","DateUpdate":"Tue, 12 Nov 2024 10:04:37 GMT","Effective":"Wed, 01 Jan 2020 00:00:01 GMT","Expire":"Sat, 01 Jan 2050 00:00:01 GMT","Site_NGUID":"SSAP482345ELMWOODAV@buckscounty.org","Country":"US","State":"PA","County":"Bucks County","AddCode":"","AddDataURI":"","Inc_Muni":"Warminster Township","Uninc_Comm":"","Nbrhd_Comm":"","AddNum_Pre":"","Add_Number":"45","AddNum_Suf":"","St_PreMod":"","St_PreDir":"","St_PreTyp":"","St_PreSep":"","St_Name":"ELMWOOD","St_PosTyp":"AVENUE","St_PosDir":"","St_PosMod":"","Lst_PreDir":"","Lst_Name":"ELMWOOD","Lst_Type":"AVE","LstPosDir":"","ESN":"51","MSAGComm":"WARMINSTER TOWNSHIP","Post_Comm":"WARMINSTER","Post_Code":"18974","Post_Code4":"","Building":"","Floor":" ","Unit":" ","Room":"","Seat":" ","Addtl_Loc":" ","LandmkName":" ","Mile_Post":" ","Place_Type":" ","Placement":" ","Long":-75.0843779,"Lat":40.18959385,"Elev":"0","ParcelID":"49-009-028-013","Full_Addr":"45 ELMWOOD AVE","Comment":" ","Purpose":null,"DiscrpAgID":"buckscounty.org","created_user":null,"created_date":null,"last_edited_user":"DGALLOWAY","gc_exception":"","ADDRGUID":null,"RDNAME":"ELMWOOD AVE"}},{"type":"Feature","id":4803,"geometry":{"type":"Point","coordinates":[-75.0842965157492,40.1895937704004]},"properties":{"OBJECTID":4803,"Source":"","DateUpdate":"Tue, 12 Nov 2024 10:04:37 GMT","Effective":"Wed, 01 Jan 2020 00:00:01 GMT","Expire":"Sat, 01 Jan 2050 00:00:01 GMT","Site_NGUID":"SSAP482447ELMWOODAV@buckscounty.org","Country":"US","State":"PA","County":"Bucks County","AddCode":"","AddDataURI":"","Inc_Muni":"Warminster Township","Uninc_Comm":"","Nbrhd_Comm":"","AddNum_Pre":"","Add_Number":"47","AddNum_Suf":"","St_PreMod":"","St_PreDir":"","St_PreTyp":"","St_PreSep":"","St_Name":"ELMWOOD","St_PosTyp":"AVENUE","St_PosDir":"","St_PosMod":"","Lst_PreDir":"","Lst_Name":"ELMWOOD","Lst_Type":"AVE","LstPosDir":"","ESN":"51","MSAGComm":"WARMINSTER TOWNSHIP","Post_Comm":"WARMINSTER","Post_Code":"18974","Post_Code4":"","Building":"","Floor":" ","Unit":" ","Room":"","Seat":" ","Addtl_Loc":" ","LandmkName":" ","Mile_Post":" ","Place_Type":" ","Placement":" ","Long":-75.08429476,"Lat":40.18958566,"Elev":"0","ParcelID":"49-009-028-013","Full_Addr":"47 ELMWOOD AVE","Comment":" ","Purpose":null,"DiscrpAgID":"buckscounty.org","created_user":null,"created_date":null,"last_edited_user":"DGALLOWAY","gc_exception":"","ADDRGUID":null,"RDNAME":"ELMWOOD AVE"}},{"type":"Feature","id":4804,"geometry":{"type":"Point","coordinates":[-75.0853935390169,40.189446244194]},"properties":{"OBJECTID":4804,"Source":"","DateUpdate":"Tue, 12 Nov 2024 10:04:37 GMT","Effective":"Wed, 01 Jan 2020 00:00:01 GMT","Expire":"Sat, 01 Jan 2050 00:00:01 GMT","Site_NGUID":"SSAP482524ELMWOODAV@buckscounty.org","Country":"US","State":"PA","County":"Bucks County","AddCode":"","AddDataURI":"","Inc_Muni":"Warminster Township","Uninc_Comm":"","Nbrhd_Comm":"","AddNum_Pre":"","Add_Number":"24","AddNum_Suf":"","St_PreMod":"","St_PreDir":"","St_PreTyp":"","St_PreSep":"","St_Name":"ELMWOOD","St_PosTyp":"AVENUE","St_PosDir":"","St_PosMod":"","Lst_PreDir":"","Lst_Name":"ELMWOOD","Lst_Type":"AVE","LstPosDir":"","ESN":"51","MSAGComm":"WARMINSTER TOWNSHIP","Post_Comm":"WARMINSTER","Post_Code":"18974","Post_Code4":"","Building":"","Floor":" ","Unit":" ","Room":"","Seat":" ","Addtl_Loc":" ","LandmkName":" ","Mile_Post":" ","Place_Type":" ","Placement":" ","Long":-75.08539178,"Lat":40.18943813,"Elev":"0","ParcelID":"49-009-028-013","Full_Addr":"24 ELMWOOD AVE","Comment":" ","Purpose":null,"DiscrpAgID":"buckscounty.org","created_user":null,"created_date":null,"last_edited_user":"DGALLOWAY","gc_exception":"","ADDRGUID":null,"RDNAME":"ELMWOOD AVE"}},{"type":"Feature","id":4805,"geometry":{"type":"Point","coordinates":[-75.0853023438444,40.1894421464816]},"properties":{"OBJECTID":4805,"Source":"","DateUpdate":"Tue, 12 Nov 2024 10:04:37 GMT","Effective":"Wed, 01 Jan 2020 00:00:01 GMT","Expire":"Sat, 01 Jan 2050 00:00:01 GMT","Site_NGUID":"SSAP482626ELMWOODAV@buckscounty.org","Country":"US","State":"PA","County":"Bucks County","AddCode":"","AddDataURI":"","Inc_Muni":"Warminster Township","Uninc_Comm":"","Nbrhd_Comm":"","AddNum_Pre":"","Add_Number":"26","AddNum_Suf":"","St_PreMod":"","St_PreDir":"","St_PreTyp":"","St_PreSep":"","St_Name":"ELMWOOD","St_PosTyp":"AVENUE","St_PosDir":"","St_PosMod":"","Lst_PreDir":"","Lst_Name":"ELMWOOD","Lst_Type":"AVE","LstPosDir":"","ESN":"51","MSAGComm":"WARMINSTER TOWNSHIP","Post_Comm":"WARMINSTER","Post_Code":"18974","Post_Code4":"","Building":"","Floor":" ","Unit":" ","Room":"","Seat":" ","Addtl_Loc":" ","LandmkName":" ","Mile_Post":" ","Place_Type":" ","Placement":" ","Long":-75.08530058,"Lat":40.18943403,"Elev":"0","ParcelID":"49-009-028-013","Full_Addr":"26 ELMWOOD AVE","Comment":" ","Purpose":null,"DiscrpAgID":"buckscounty.org","created_user":null,"created_date":null,"last_edited_user":"DGALLOWAY","gc_exception":"","ADDRGUID":null,"RDNAME":"ELMWOOD AVE"}},{"type":"Feature","id":4806,"geometry":{"type":"Point","coordinates":[-75.0852138297678,40.1894380476888]},"properties":{"OBJECTID":4806,"Source":"","DateUpdate":"Tue, 12 Nov 2024 10:04:37 GMT","Effective":"Wed, 01 Jan 2020 00:00:01 GMT","Expire":"Sat, 01 Jan 2050 00:00:01 GMT","Site_NGUID":"SSAP482728ELMWOODAV@buckscounty.org","Country":"US","State":"PA","County":"Bucks County","AddCode":"","AddDataURI":"","Inc_Muni":"Warminster Township","Uninc_Comm":"","Nbrhd_Comm":"","AddNum_Pre":"","Add_Number":"28","AddNum_Suf":"","St_PreMod":"","St_PreDir":"","St_PreTyp":"","St_PreSep":"","St_Name":"ELMWOOD","St_PosTyp":"AVENUE","St_PosDir":"","St_PosMod":"","Lst_PreDir":"","Lst_Name":"ELMWOOD","Lst_Type":"AVE","LstPosDir":"","ESN":"51","MSAGComm":"WARMINSTER TOWNSHIP","Post_Comm":"WARMINSTER","Post_Code":"18974","Post_Code4":"","Building":"","Floor":" ","Unit":" ","Room":"","Seat":" ","Addtl_Loc":" ","LandmkName":" ","Mile_Post":" ","Place_Type":" ","Placement":" ","Long":-75.08521207,"Lat":40.18942993,"Elev":"0","ParcelID":"49-009-028-013","Full_Addr":"28 ELMWOOD AVE","Comment":" ","Purpose":null,"DiscrpAgID":"buckscounty.org","created_user":null,"created_date":null,"last_edited_user":"DGALLOWAY","gc_exception":"","ADDRGUID":null,"RDNAME":"ELMWOOD AVE"}},{"type":"Feature","id":4807,"geometry":{"type":"Point","coordinates":[-75.0851306804988,40.1894359994179]},"properties":{"OBJECTID":4807,"Source":"","DateUpdate":"Tue, 12 Nov 2024 10:04:37 GMT","Effective":"Wed, 01 Jan 2020 00:00:01 GMT","Expire":"Sat, 01 Jan 2050 00:00:01 GMT","Site_NGUID":"SSAP482830ELMWOODAV@buckscounty.org","Country":"US","State":"PA","County":"Bucks County","AddCode":"","AddDataURI":"","Inc_Muni":"Warminster Township","Uninc_Comm":"","Nbrhd_Comm":"","AddNum_Pre":"","Add_Number":"30","AddNum_Suf":"","St_PreMod":"","St_PreDir":"","St_PreTyp":"","St_PreSep":"","St_Name":"ELMWOOD","St_PosTyp":"AVENUE","St_PosDir":"","St_PosMod":"","Lst_PreDir":"","Lst_Name":"ELMWOOD","Lst_Type":"AVE","LstPosDir":"","ESN":"51","MSAGComm":"WARMINSTER TOWNSHIP","Post_Comm":"WARMINSTER","Post_Code":"18974","Post_Code4":"","Building":"","Floor":" ","Unit":" ","Room":"","Seat":" ","Addtl_Loc":" ","LandmkName":" ","Mile_Post":" ","Place_Type":" ","Placement":" ","Long":-75.08512892,"Lat":40.18942788,"Elev":"0","ParcelID":"49-009-028-013","Full_Addr":"30 ELMWOOD AVE","Comment":" ","Purpose":null,"DiscrpAgID":"buckscounty.org","created_user":null,"created_date":null,"last_edited_user":"DGALLOWAY","gc_exception":"","ADDRGUID":null,"RDNAME":"ELMWOOD AVE"}},{"type":"Feature","id":5110,"geometry":{"type":"Point","coordinates":[-75.0873237212553,40.1860575315613]},"properties":{"OBJECTID":5110,"Source":"","DateUpdate":"Tue, 12 Nov 2024 10:04:37 GMT","Effective":"Wed, 01 Jan 2020 00:00:01 GMT","Expire":"Sat, 01 Jan 2050 00:00:01 GMT","Site_NGUID":"SSAP514136FENTONST@buckscounty.org","Country":"US","State":"PA","County":"Bucks County","AddCode":"","AddDataURI":"","Inc_Muni":"Warminster Township","Uninc_Comm":"","Nbrhd_Comm":"","AddNum_Pre":"","Add_Number":"36","AddNum_Suf":"","St_PreMod":"","St_PreDir":"","St_PreTyp":"","St_PreSep":"","St_Name":"FENTON","St_PosTyp":"STREET","St_PosDir":"","St_PosMod":"","Lst_PreDir":"","Lst_Name":"FENTON","Lst_Type":"ST","LstPosDir":"","ESN":"51","MSAGComm":"WARMINSTER TOWNSHIP","Post_Comm":"WARMINSTER","Post_Code":"18974","Post_Code4":"","Building":"","Floor":" ","Unit":" ","Room":"","Seat":" ","Addtl_Loc":" ","LandmkName":" ","Mile_Post":" ","Place_Type":" ","Placement":"Manual Structure","Long":-75.08732196,"Lat":40.18604942,"Elev":"0","ParcelID":"49-009-028-005","Full_Addr":"36 FENTON ST","Comment":" ","Purpose":null,"DiscrpAgID":"buckscounty.org","created_user":null,"created_date":null,"last_edited_user":"DGALLOWAY","gc_exception":"","ADDRGUID":null,"RDNAME":"FENTON ST"}},{"type":"Feature","id":5711,"geometry":{"type":"Point","coordinates":[-75.0875080403899,40.1847116647512]},"properties":{"OBJECTID":5711,"Source":"","DateUpdate":"Tue, 12 Nov 2024 10:04:37 GMT","Effective":"Wed, 01 Jan 2020 00:00:01 GMT","Expire":"Sat, 01 Jan 2050 00:00:01 GMT","Site_NGUID":"SSAP57426HARTST@buckscounty.org","Country":"US","State":"PA","County":"Bucks County","AddCode":"","AddDataURI":"","Inc_Muni":"Warminster Township","Uninc_Comm":"","Nbrhd_Comm":"","AddNum_Pre":"","Add_Number":"6","AddNum_Suf":"","St_PreMod":"","St_PreDir":"","St_PreTyp":"","St_PreSep":"","St_Name":"HART","St_PosTyp":"STREET","St_PosDir":"","St_PosMod":"","Lst_PreDir":"","Lst_Name":"HART","Lst_Type":"ST","LstPosDir":"","ESN":"51","MSAGComm":"WARMINSTER TOWNSHIP","Post_Comm":"WARMINSTER","Post_Code":"18974","Post_Code4":"","Building":"","Floor":" ","Unit":" ","Room":"","Seat":" ","Addtl_Loc":" ","LandmkName":" ","Mile_Post":" ","Place_Type":" ","Placement":" ","Long":-75.08750628,"Lat":40.18470355,"Elev":"0","ParcelID":"49-009-028-009","Full_Addr":"6 HART ST","Comment":" ","Purpose":null,"DiscrpAgID":"buckscounty.org","created_user":null,"created_date":null,"last_edited_user":"DGALLOWAY","gc_exception":"","ADDRGUID":null,"RDNAME":"HART ST"}},{"type":"Feature","id":204835,"geometry":{"type":"Point","coordinates":[-75.0881449921459,40.1856692210262]},"properties":{"OBJECTID":204835,"Source":"","DateUpdate":"Tue, 12 Nov 2024 10:04:37 GMT","Effective":"Wed, 01 Jan 2020 00:00:01 GMT","Expire":"Sat, 01 Jan 2050 00:00:01 GMT","Site_NGUID":"SSAP20513320FENTONST@buckscounty.org","Country":"US","State":"PA","County":"Bucks County","AddCode":"","AddDataURI":"","Inc_Muni":"Warminster Township","Uninc_Comm":"","Nbrhd_Comm":"","AddNum_Pre":"","Add_Number":"20","AddNum_Suf":"","St_PreMod":"","St_PreDir":"","St_PreTyp":"","St_PreSep":"","St_Name":"FENTON","St_PosTyp":"STREET","St_PosDir":"","St_PosMod":"","Lst_PreDir":"","Lst_Name":"FENTON","Lst_Type":"ST","LstPosDir":"","ESN":"51","MSAGComm":"WARMINSTER TOWNSHIP","Post_Comm":"WARMINSTER","Post_Code":"18974","Post_Code4":"","Building":"","Floor":" ","Unit":" ","Room":"","Seat":" ","Addtl_Loc":" ","LandmkName":" ","Mile_Post":" ","Place_Type":" ","Placement":"Geocoded Structure","Long":-75.08814323,"Lat":40.18566111,"Elev":"0","ParcelID":"49-009-028-006","Full_Addr":"20 FENTON ST","Comment":" ","Purpose":null,"DiscrpAgID":"buckscounty.org","created_user":null,"created_date":null,"last_edited_user":"DGALLOWAY","gc_exception":"","ADDRGUID":null,"RDNAME":"FENTON ST"}},{"type":"Feature","id":204836,"geometry":{"type":"Point","coordinates":[-75.0874158728377,40.1844408680343]},"properties":{"OBJECTID":204836,"Source":"","DateUpdate":"Tue, 12 Nov 2024 10:04:37 GMT","Effective":"Wed, 01 Jan 2020 00:00:01 GMT","Expire":"Sat, 01 Jan 2050 00:00:01 GMT","Site_NGUID":"SSAP2051341JAMISONST@buckscounty.org","Country":"US","State":"PA","County":"Bucks County","AddCode":"","AddDataURI":"","Inc_Muni":"Warminster Township","Uninc_Comm":"","Nbrhd_Comm":"","AddNum_Pre":"","Add_Number":"27","AddNum_Suf":"","St_PreMod":"","St_PreDir":"","St_PreTyp":"","St_PreSep":"","St_Name":"JAMISON","St_PosTyp":"STREET","St_PosDir":"","St_PosMod":"","Lst_PreDir":"","Lst_Name":"JAMISON","Lst_Type":"ST","LstPosDir":"","ESN":"51","MSAGComm":"WARMINSTER TOWNSHIP","Post_Comm":"WARMINSTER","Post_Code":"18974","Post_Code4":"","Building":"","Floor":" ","Unit":" ","Room":"","Seat":" ","Addtl_Loc":" ","LandmkName":" ","Mile_Post":" ","Place_Type":" ","Placement":" ","Long":-75.08741411,"Lat":40.18443275,"Elev":"0","ParcelID":"49-009-028-008","Full_Addr":"27 JAMISON ST","Comment":" ","Purpose":null,"DiscrpAgID":"buckscounty.org","created_user":null,"created_date":null,"last_edited_user":"DGALLOWAY","gc_exception":"","ADDRGUID":null,"RDNAME":"JAMISON ST"}},{"type":"Feature","id":204837,"geometry":{"type":"Point","coordinates":[-75.0856090123642,40.1852637061102]},"properties":{"OBJECTID":204837,"Source":"","DateUpdate":"Tue, 12 Nov 2024 10:04:37 GMT","Effective":"Wed, 01 Jan 2020 00:00:01 GMT","Expire":"Sat, 01 Jan 2050 00:00:01 GMT","Site_NGUID":"SSAP205135DOWNEYDR@buckscounty.org","Country":"US","State":"PA","County":"Bucks County","AddCode":"","AddDataURI":"","Inc_Muni":"Warminster Township","Uninc_Comm":"","Nbrhd_Comm":"","AddNum_Pre":"","Add_Number":"0","AddNum_Suf":"","St_PreMod":"","St_PreDir":"","St_PreTyp":"","St_PreSep":"","St_Name":"DOWNEY","St_PosTyp":"DRIVE","St_PosDir":"","St_PosMod":"","Lst_PreDir":"","Lst_Name":"DOWNEY","Lst_Type":"DR","LstPosDir":"","ESN":"51","MSAGComm":"WARMINSTER TOWNSHIP","Post_Comm":"WARMINSTER","Post_Code":"18974","Post_Code4":"","Building":"","Floor":" ","Unit":" ","Room":"","Seat":" ","Addtl_Loc":" ","LandmkName":" ","Mile_Post":" ","Place_Type":" ","Placement":" ","Long":-75.08560725,"Lat":40.18525559,"Elev":"0","ParcelID":"49-009-028-009","Full_Addr":"DOWNEY DR","Comment":" ","Purpose":null,"DiscrpAgID":"buckscounty.org","created_user":null,"created_date":null,"last_edited_user":"DGALLOWAY","gc_exception":"999","ADDRGUID":null,"RDNAME":"DOWNEY DR"}},{"type":"Feature","id":204838,"geometry":{"type":"Point","coordinates":[-75.0877153282626,40.1864634892252]},"properties":{"OBJECTID":204838,"Source":"","DateUpdate":"Tue, 12 Nov 2024 10:04:37 GMT","Effective":"Wed, 01 Jan 2020 00:00:01 GMT","Expire":"Sat, 01 Jan 2050 00:00:01 GMT","Site_NGUID":"SSAP20513622EVANSST@buckscounty.org","Country":"US","State":"PA","County":"Bucks County","AddCode":"","AddDataURI":"","Inc_Muni":"Warminster Township","Uninc_Comm":"","Nbrhd_Comm":"","AddNum_Pre":"","Add_Number":"22","AddNum_Suf":"","St_PreMod":"","St_PreDir":"","St_PreTyp":"","St_PreSep":"","St_Name":"EVANS","St_PosTyp":"STREET","St_PosDir":"","St_PosMod":"","Lst_PreDir":"","Lst_Name":"EVANS","Lst_Type":"ST","LstPosDir":"","ESN":"51","MSAGComm":"WARMINSTER TOWNSHIP","Post_Comm":"WARMINSTER","Post_Code":"18974","Post_Code4":"","Building":"","Floor":" ","Unit":" ","Room":"","Seat":" ","Addtl_Loc":" ","LandmkName":" ","Mile_Post":" ","Place_Type":" ","Placement":" ","Long":-75.08764698,"Lat":40.18647122,"Elev":"0","ParcelID":"49-009-028-010","Full_Addr":"22 EVANS ST","Comment":" ","Purpose":null,"DiscrpAgID":"buckscounty.org","created_user":null,"created_date":null,"last_edited_user":"DGALLOWAY","gc_exception":"","ADDRGUID":null,"RDNAME":"EVANS ST"}},{"type":"Feature","id":204839,"geometry":{"type":"Point","coordinates":[-75.0879425797145,40.1869286535167]},"properties":{"OBJECTID":204839,"Source":"","DateUpdate":"Tue, 12 Nov 2024 10:04:37 GMT","Effective":"Wed, 01 Jan 2020 00:00:01 GMT","Expire":"Sat, 01 Jan 2050 00:00:01 GMT","Site_NGUID":"SSAP20513756DOWNEYDR@buckscounty.org","Country":"US","State":"PA","County":"Bucks County","AddCode":"","AddDataURI":"","Inc_Muni":"Warminster Township","Uninc_Comm":"","Nbrhd_Comm":"","AddNum_Pre":"","Add_Number":"56","AddNum_Suf":"","St_PreMod":"","St_PreDir":"","St_PreTyp":"","St_PreSep":"","St_Name":"DOWNEY","St_PosTyp":"DRIVE","St_PosDir":"","St_PosMod":"","Lst_PreDir":"","Lst_Name":"DOWNEY","Lst_Type":"DR","LstPosDir":"","ESN":"51","MSAGComm":"WARMINSTER TOWNSHIP","Post_Comm":"WARMINSTER","Post_Code":"18974","Post_Code4":"","Building":"","Floor":" ","Unit":" ","Room":"","Seat":" ","Addtl_Loc":" ","LandmkName":" ","Mile_Post":" ","Place_Type":" ","Placement":" ","Long":-75.08794082,"Lat":40.18692054,"Elev":"0","ParcelID":"49-009-028-011","Full_Addr":"56 DOWNEY DR","Comment":" ","Purpose":null,"DiscrpAgID":"buckscounty.org","created_user":null,"created_date":null,"last_edited_user":"DGALLOWAY","gc_exception":"","ADDRGUID":null,"RDNAME":"DOWNEY DR"}},{"type":"Feature","id":204840,"geometry":{"type":"Point","coordinates":[-75.085742918999,40.1854957225215]},"properties":{"OBJECTID":204840,"Source":"","DateUpdate":"Tue, 12 Nov 2024 10:04:37 GMT","Effective":"Wed, 01 Jan 2020 00:00:01 GMT","Expire":"Sat, 01 Jan 2050 00:00:01 GMT","Site_NGUID":"SSAP205138DOWNEYDR@buckscounty.org","Country":"US","State":"PA","County":"Bucks County","AddCode":"","AddDataURI":"","Inc_Muni":"Warminster Township","Uninc_Comm":"","Nbrhd_Comm":"","AddNum_Pre":"","Add_Number":"0","AddNum_Suf":"","St_PreMod":"","St_PreDir":"","St_PreTyp":"","St_PreSep":"","St_Name":"DOWNEY","St_PosTyp":"DRIVE","St_PosDir":"","St_PosMod":"","Lst_PreDir":"","Lst_Name":"DOWNEY","Lst_Type":"DR","LstPosDir":"","ESN":"51","MSAGComm":"WARMINSTER TOWNSHIP","Post_Comm":"WARMINSTER","Post_Code":"18974","Post_Code4":"","Building":"","Floor":" ","Unit":" ","Room":"","Seat":" ","Addtl_Loc":" ","LandmkName":" ","Mile_Post":" ","Place_Type":" ","Placement":" ","Long":-75.08574116,"Lat":40.18548761,"Elev":"0","ParcelID":"49-009-028-012","Full_Addr":"DOWNEY DR","Comment":" ","Purpose":null,"DiscrpAgID":"buckscounty.org","created_user":null,"created_date":null,"last_edited_user":"DGALLOWAY","gc_exception":"999","ADDRGUID":null,"RDNAME":"DOWNEY DR"}},{"type":"Feature","id":237515,"geometry":{"type":"Point","coordinates":[-75.0829093164047,40.1872771782645]},"properties":{"OBJECTID":237515,"Source":"","DateUpdate":"Tue, 12 Nov 2024 10:04:37 GMT","Effective":"Wed, 01 Jan 2020 00:00:01 GMT","Expire":"Sat, 01 Jan 2050 00:00:01 GMT","Site_NGUID":"SSAP23786426YEATESST@buckscounty.org","Country":"US","State":"PA","County":"Bucks County","AddCode":"","AddDataURI":"","Inc_Muni":"Warminster Township","Uninc_Comm":"","Nbrhd_Comm":"","AddNum_Pre":"","Add_Number":"26","AddNum_Suf":"","St_PreMod":"","St_PreDir":"","St_PreTyp":"","St_PreSep":"","St_Name":"YEATES","St_PosTyp":"STREET","St_PosDir":"","St_PosMod":"","Lst_PreDir":"","Lst_Name":"YEATES","Lst_Type":"ST","LstPosDir":"","ESN":"51","MSAGComm":"WARMINSTER TOWNSHIP","Post_Comm":"HATBORO","Post_Code":"19040","Post_Code4":"","Building":"","Floor":" ","Unit":" ","Room":"","Seat":" ","Addtl_Loc":" ","LandmkName":" ","Mile_Post":" ","Place_Type":" ","Placement":" ","Long":-75.08290756,"Lat":40.18726906,"Elev":"0","ParcelID":"49-009-028-013","Full_Addr":"26 YEATES ST","Comment":" ","Purpose":null,"DiscrpAgID":"buckscounty.org","created_user":null,"created_date":null,"last_edited_user":"DGALLOWAY","gc_exception":"","ADDRGUID":null,"RDNAME":"YEATES ST"}},{"type":"Feature","id":237516,"geometry":{"type":"Point","coordinates":[-75.082861037715,40.1872484926855]},"properties":{"OBJECTID":237516,"Source":"","DateUpdate":"Tue, 12 Nov 2024 10:04:37 GMT","Effective":"Wed, 01 Jan 2020 00:00:01 GMT","Expire":"Sat, 01 Jan 2050 00:00:01 GMT","Site_NGUID":"SSAP23786528YEATESST@buckscounty.org","Country":"US","State":"PA","County":"Bucks County","AddCode":"","AddDataURI":"","Inc_Muni":"Warminster Township","Uninc_Comm":"","Nbrhd_Comm":"","AddNum_Pre":"","Add_Number":"28","AddNum_Suf":"","St_PreMod":"","St_PreDir":"","St_PreTyp":"","St_PreSep":"","St_Name":"YEATES","St_PosTyp":"STREET","St_PosDir":"","St_PosMod":"","Lst_PreDir":"","Lst_Name":"YEATES","Lst_Type":"ST","LstPosDir":"","ESN":"51","MSAGComm":"WARMINSTER TOWNSHIP","Post_Comm":"HATBORO","Post_Code":"19040","Post_Code4":"","Building":"","Floor":" ","Unit":" ","Room":"","Seat":" ","Addtl_Loc":" ","LandmkName":" ","Mile_Post":" ","Place_Type":" ","Placement":" ","Long":-75.08285928,"Lat":40.18724038,"Elev":"0","ParcelID":"49-009-028-013","Full_Addr":"28 YEATES ST","Comment":" ","Purpose":null,"DiscrpAgID":"buckscounty.org","created_user":null,"created_date":null,"last_edited_user":"DGALLOWAY","gc_exception":"","ADDRGUID":null,"RDNAME":"YEATES ST"}},{"type":"Feature","id":237517,"geometry":{"type":"Point","coordinates":[-75.0827993469354,40.1872177564348]},"properties":{"OBJECTID":237517,"Source":"","DateUpdate":"Tue, 12 Nov 2024 10:04:37 GMT","Effective":"Wed, 01 Jan 2020 00:00:01 GMT","Expire":"Sat, 01 Jan 2050 00:00:01 GMT","Site_NGUID":"SSAP23786630YEATESST@buckscounty.org","Country":"US","State":"PA","County":"Bucks County","AddCode":"","AddDataURI":"","Inc_Muni":"Warminster Township","Uninc_Comm":"","Nbrhd_Comm":"","AddNum_Pre":"","Add_Number":"30","AddNum_Suf":"","St_PreMod":"","St_PreDir":"","St_PreTyp":"","St_PreSep":"","St_Name":"YEATES","St_PosTyp":"STREET","St_PosDir":"","St_PosMod":"","Lst_PreDir":"","Lst_Name":"YEATES","Lst_Type":"ST","LstPosDir":"","ESN":"51","MSAGComm":"WARMINSTER TOWNSHIP","Post_Comm":"HATBORO","Post_Code":"19040","Post_Code4":"","Building":"","Floor":" ","Unit":" ","Room":"","Seat":" ","Addtl_Loc":" ","LandmkName":" ","Mile_Post":" ","Place_Type":" ","Placement":" ","Long":-75.08279759,"Lat":40.18720964,"Elev":"0","ParcelID":"49-009-028-013","Full_Addr":"30 YEATES ST","Comment":" ","Purpose":null,"DiscrpAgID":"buckscounty.org","created_user":null,"created_date":null,"last_edited_user":"DGALLOWAY","gc_exception":"","ADDRGUID":null,"RDNAME":"YEATES ST"}},{"type":"Feature","id":237518,"geometry":{"type":"Point","coordinates":[-75.083019289076,40.1870620295719]},"properties":{"OBJECTID":237518,"Source":"","DateUpdate":"Tue, 12 Nov 2024 10:04:37 GMT","Effective":"Wed, 01 Jan 2020 00:00:01 GMT","Expire":"Sat, 01 Jan 2050 00:00:01 GMT","Site_NGUID":"SSAP237867115JAMISONST@buckscounty.org","Country":"US","State":"PA","County":"Bucks County","AddCode":"","AddDataURI":"","Inc_Muni":"Warminster Township","Uninc_Comm":"","Nbrhd_Comm":"","AddNum_Pre":"","Add_Number":"115","AddNum_Suf":"","St_PreMod":"","St_PreDir":"","St_PreTyp":"","St_PreSep":"","St_Name":"JAMISON","St_PosTyp":"STREET","St_PosDir":"","St_PosMod":"","Lst_PreDir":"","Lst_Name":"JAMISON","Lst_Type":"ST","LstPosDir":"","ESN":"51","MSAGComm":"WARMINSTER TOWNSHIP","Post_Comm":"WARMINSTER","Post_Code":"18974","Post_Code4":"","Building":"","Floor":" ","Unit":" ","Room":"","Seat":" ","Addtl_Loc":" ","LandmkName":" ","Mile_Post":" ","Place_Type":" ","Placement":" ","Long":-75.08301753,"Lat":40.18705391,"Elev":"0","ParcelID":"49-009-028-013","Full_Addr":"115 JAMISON ST","Comment":" ","Purpose":null,"DiscrpAgID":"buckscounty.org","created_user":null,"created_date":null,"last_edited_user":"DGALLOWAY","gc_exception":"","ADDRGUID":null,"RDNAME":"JAMISON ST"}},{"type":"Feature","id":237519,"geometry":{"type":"Point","coordinates":[-75.0830461093932,40.187029244417]},"properties":{"OBJECTID":237519,"Source":"","DateUpdate":"Tue, 12 Nov 2024 10:04:37 GMT","Effective":"Wed, 01 Jan 2020 00:00:01 GMT","Expire":"Sat, 01 Jan 2050 00:00:01 GMT","Site_NGUID":"SSAP237868113JAMISONST@buckscounty.org","Country":"US","State":"PA","County":"Bucks County","AddCode":"","AddDataURI":"","Inc_Muni":"Warminster Township","Uninc_Comm":"","Nbrhd_Comm":"","AddNum_Pre":"","Add_Number":"113","AddNum_Suf":"","St_PreMod":"","St_PreDir":"","St_PreTyp":"","St_PreSep":"","St_Name":"JAMISON","St_PosTyp":"STREET","St_PosDir":"","St_PosMod":"","Lst_PreDir":"","Lst_Name":"JAMISON","Lst_Type":"ST","LstPosDir":"","ESN":"51","MSAGComm":"WARMINSTER TOWNSHIP","Post_Comm":"WARMINSTER","Post_Code":"18974","Post_Code4":"","Building":"","Floor":" ","Unit":" ","Room":"","Seat":" ","Addtl_Loc":" ","LandmkName":" ","Mile_Post":" ","Place_Type":" ","Placement":" ","Long":-75.08304435,"Lat":40.18702113,"Elev":"0","ParcelID":"49-009-028-013","Full_Addr":"113 JAMISON ST","Comment":" ","Purpose":null,"DiscrpAgID":"buckscounty.org","created_user":null,"created_date":null,"last_edited_user":"DGALLOWAY","gc_exception":"","ADDRGUID":null,"RDNAME":"JAMISON ST"}},{"type":"Feature","id":237520,"geometry":{"type":"Point","coordinates":[-75.0830917079179,40.1869821165395]},"properties":{"OBJECTID":237520,"Source":"","DateUpdate":"Tue, 12 Nov 2024 10:04:37 GMT","Effective":"Wed, 01 Jan 2020 00:00:01 GMT","Expire":"Sat, 01 Jan 2050 00:00:01 GMT","Site_NGUID":"SSAP237869111JAMISONST@buckscounty.org","Country":"US","State":"PA","County":"Bucks County","AddCode":"","AddDataURI":"","Inc_Muni":"Warminster Township","Uninc_Comm":"","Nbrhd_Comm":"","AddNum_Pre":"","Add_Number":"111","AddNum_Suf":"","St_PreMod":"","St_PreDir":"","St_PreTyp":"","St_PreSep":"","St_Name":"JAMISON","St_PosTyp":"STREET","St_PosDir":"","St_PosMod":"","Lst_PreDir":"","Lst_Name":"JAMISON","Lst_Type":"ST","LstPosDir":"","ESN":"51","MSAGComm":"WARMINSTER TOWNSHIP","Post_Comm":"WARMINSTER","Post_Code":"18974","Post_Code4":"","Building":"","Floor":" ","Unit":" ","Room":"","Seat":" ","Addtl_Loc":" ","LandmkName":" ","Mile_Post":" ","Place_Type":" ","Placement":" ","Long":-75.08308995,"Lat":40.186974,"Elev":"0","ParcelID":"49-009-028-013","Full_Addr":"111 JAMISON ST","Comment":" ","Purpose":null,"DiscrpAgID":"buckscounty.org","created_user":null,"created_date":null,"last_edited_user":"DGALLOWAY","gc_exception":"","ADDRGUID":null,"RDNAME":"JAMISON ST"}},{"type":"Feature","id":237521,"geometry":{"type":"Point","coordinates":[-75.0831292591044,40.1869431844773]},"properties":{"OBJECTID":237521,"Source":"","DateUpdate":"Tue, 12 Nov 2024 10:04:37 GMT","Effective":"Wed, 01 Jan 2020 00:00:01 GMT","Expire":"Sat, 01 Jan 2050 00:00:01 GMT","Site_NGUID":"SSAP237870109JAMISONST@buckscounty.org","Country":"US","State":"PA","County":"Bucks County","AddCode":"","AddDataURI":"","Inc_Muni":"Warminster Township","Uninc_Comm":"","Nbrhd_Comm":"","AddNum_Pre":"","Add_Number":"109","AddNum_Suf":"","St_PreMod":"","St_PreDir":"","St_PreTyp":"","St_PreSep":"","St_Name":"JAMISON","St_PosTyp":"STREET","St_PosDir":"","St_PosMod":"","Lst_PreDir":"","Lst_Name":"JAMISON","Lst_Type":"ST","LstPosDir":"","ESN":"51","MSAGComm":"WARMINSTER TOWNSHIP","Post_Comm":"WARMINSTER","Post_Code":"18974","Post_Code4":"","Building":"","Floor":" ","Unit":" ","Room":"","Seat":" ","Addtl_Loc":" ","LandmkName":" ","Mile_Post":" ","Place_Type":" ","Placement":" ","Long":-75.0831275,"Lat":40.18693507,"Elev":"0","ParcelID":"49-009-028-013","Full_Addr":"109 JAMISON ST","Comment":" ","Purpose":null,"DiscrpAgID":"buckscounty.org","created_user":null,"created_date":null,"last_edited_user":"DGALLOWAY","gc_exception":"","ADDRGUID":null,"RDNAME":"JAMISON ST"}},{"type":"Feature","id":237522,"geometry":{"type":"Point","coordinates":[-75.0834323480162,40.1866317265671]},"properties":{"OBJECTID":237522,"Source":"","DateUpdate":"Tue, 12 Nov 2024 10:04:37 GMT","Effective":"Wed, 01 Jan 2020 00:00:01 GMT","Expire":"Sat, 01 Jan 2050 00:00:01 GMT","Site_NGUID":"SSAP237871101JAMISONST@buckscounty.org","Country":"US","State":"PA","County":"Bucks County","AddCode":"","AddDataURI":"","Inc_Muni":"Warminster Township","Uninc_Comm":"","Nbrhd_Comm":"","AddNum_Pre":"","Add_Number":"101","AddNum_Suf":"","St_PreMod":"","St_PreDir":"","St_PreTyp":"","St_PreSep":"","St_Name":"JAMISON","St_PosTyp":"STREET","St_PosDir":"","St_PosMod":"","Lst_PreDir":"","Lst_Name":"JAMISON","Lst_Type":"ST","LstPosDir":"","ESN":"51","MSAGComm":"WARMINSTER TOWNSHIP","Post_Comm":"WARMINSTER","Post_Code":"18974","Post_Code4":"","Building":"","Floor":" ","Unit":" ","Room":"","Seat":" ","Addtl_Loc":" ","LandmkName":" ","Mile_Post":" ","Place_Type":" ","Placement":" ","Long":-75.08343059,"Lat":40.18662361,"Elev":"0","ParcelID":"49-009-028-013","Full_Addr":"101 JAMISON ST","Comment":" ","Purpose":null,"DiscrpAgID":"buckscounty.org","created_user":null,"created_date":null,"last_edited_user":"DGALLOWAY","gc_exception":"","ADDRGUID":null,"RDNAME":"JAMISON ST"}},{"type":"Feature","id":237523,"geometry":{"type":"Point","coordinates":[-75.0833921161351,40.1866768065111]},"properties":{"OBJECTID":237523,"Source":"","DateUpdate":"Tue, 12 Nov 2024 10:04:37 GMT","Effective":"Wed, 01 Jan 2020 00:00:01 GMT","Expire":"Sat, 01 Jan 2050 00:00:01 GMT","Site_NGUID":"SSAP237872103JAMISONST@buckscounty.org","Country":"US","State":"PA","County":"Bucks County","AddCode":"","AddDataURI":"","Inc_Muni":"Warminster Township","Uninc_Comm":"","Nbrhd_Comm":"","AddNum_Pre":"","Add_Number":"103","AddNum_Suf":"","St_PreMod":"","St_PreDir":"","St_PreTyp":"","St_PreSep":"","St_Name":"JAMISON","St_PosTyp":"STREET","St_PosDir":"","St_PosMod":"","Lst_PreDir":"","Lst_Name":"JAMISON","Lst_Type":"ST","LstPosDir":"","ESN":"51","MSAGComm":"WARMINSTER TOWNSHIP","Post_Comm":"WARMINSTER","Post_Code":"18974","Post_Code4":"","Building":"","Floor":" ","Unit":" ","Room":"","Seat":" ","Addtl_Loc":" ","LandmkName":" ","Mile_Post":" ","Place_Type":" ","Placement":" ","Long":-75.08339036,"Lat":40.18666869,"Elev":"0","ParcelID":"49-009-028-013","Full_Addr":"103 JAMISON ST","Comment":" ","Purpose":null,"DiscrpAgID":"buckscounty.org","created_user":null,"created_date":null,"last_edited_user":"DGALLOWAY","gc_exception":"","ADDRGUID":null,"RDNAME":"JAMISON ST"}},{"type":"Feature","id":237524,"geometry":{"type":"Point","coordinates":[-75.0833492002108,40.1867177876555]},"properties":{"OBJECTID":237524,"Source":"","DateUpdate":"Tue, 12 Nov 2024 10:04:37 GMT","Effective":"Wed, 01 Jan 2020 00:00:01 GMT","Expire":"Sat, 01 Jan 2050 00:00:01 GMT","Site_NGUID":"SSAP237873105JAMISONST@buckscounty.org","Country":"US","State":"PA","County":"Bucks County","AddCode":"","AddDataURI":"","Inc_Muni":"Warminster Township","Uninc_Comm":"","Nbrhd_Comm":"","AddNum_Pre":"","Add_Number":"105","AddNum_Suf":"","St_PreMod":"","St_PreDir":"","St_PreTyp":"","St_PreSep":"","St_Name":"JAMISON","St_PosTyp":"STREET","St_PosDir":"","St_PosMod":"","Lst_PreDir":"","Lst_Name":"JAMISON","Lst_Type":"ST","LstPosDir":"","ESN":"51","MSAGComm":"WARMINSTER TOWNSHIP","Post_Comm":"WARMINSTER","Post_Code":"18974","Post_Code4":"","Building":"","Floor":" ","Unit":" ","Room":"","Seat":" ","Addtl_Loc":" ","LandmkName":" ","Mile_Post":" ","Place_Type":" ","Placement":" ","Long":-75.08334744,"Lat":40.18670967,"Elev":"0","ParcelID":"49-009-028-013","Full_Addr":"105 JAMISON ST","Comment":" ","Purpose":null,"DiscrpAgID":"buckscounty.org","created_user":null,"created_date":null,"last_edited_user":"DGALLOWAY","gc_exception":"","ADDRGUID":null,"RDNAME":"JAMISON ST"}},{"type":"Feature","id":237525,"geometry":{"type":"Point","coordinates":[-75.0833116488354,40.1867608176585]},"properties":{"OBJECTID":237525,"Source":"","DateUpdate":"Tue, 12 Nov 2024 10:04:37 GMT","Effective":"Wed, 01 Jan 2020 00:00:01 GMT","Expire":"Sat, 01 Jan 2050 00:00:01 GMT","Site_NGUID":"SSAP237874107JAMISONST@buckscounty.org","Country":"US","State":"PA","County":"Bucks County","AddCode":"","AddDataURI":"","Inc_Muni":"Warminster Township","Uninc_Comm":"","Nbrhd_Comm":"","AddNum_Pre":"","Add_Number":"107","AddNum_Suf":"","St_PreMod":"","St_PreDir":"","St_PreTyp":"","St_PreSep":"","St_Name":"JAMISON","St_PosTyp":"STREET","St_PosDir":"","St_PosMod":"","Lst_PreDir":"","Lst_Name":"JAMISON","Lst_Type":"ST","LstPosDir":"","ESN":"51","MSAGComm":"WARMINSTER TOWNSHIP","Post_Comm":"WARMINSTER","Post_Code":"18974","Post_Code4":"","Building":"","Floor":" ","Unit":" ","Room":"","Seat":" ","Addtl_Loc":" ","LandmkName":" ","Mile_Post":" ","Place_Type":" ","Placement":" ","Long":-75.08330989,"Lat":40.1867527,"Elev":"0","ParcelID":"49-009-028-013","Full_Addr":"107 JAMISON ST","Comment":" ","Purpose":null,"DiscrpAgID":"buckscounty.org","created_user":null,"created_date":null,"last_edited_user":"DGALLOWAY","gc_exception":"","ADDRGUID":null,"RDNAME":"JAMISON ST"}},{"type":"Feature","id":237526,"geometry":{"type":"Point","coordinates":[-75.0837247094638,40.1863346133976]},"properties":{"OBJECTID":237526,"Source":"","DateUpdate":"Tue, 12 Nov 2024 10:04:37 GMT","Effective":"Wed, 01 Jan 2020 00:00:01 GMT","Expire":"Sat, 01 Jan 2050 00:00:01 GMT","Site_NGUID":"SSAP23787593JAMISONST@buckscounty.org","Country":"US","State":"PA","County":"Bucks County","AddCode":"","AddDataURI":"","Inc_Muni":"Warminster Township","Uninc_Comm":"","Nbrhd_Comm":"","AddNum_Pre":"","Add_Number":"93","AddNum_Suf":"","St_PreMod":"","St_PreDir":"","St_PreTyp":"","St_PreSep":"","St_Name":"JAMISON","St_PosTyp":"STREET","St_PosDir":"","St_PosMod":"","Lst_PreDir":"","Lst_Name":"JAMISON","Lst_Type":"ST","LstPosDir":"","ESN":"51","MSAGComm":"WARMINSTER TOWNSHIP","Post_Comm":"WARMINSTER","Post_Code":"18974","Post_Code4":"","Building":"","Floor":" ","Unit":" ","Room":"","Seat":" ","Addtl_Loc":" ","LandmkName":" ","Mile_Post":" ","Place_Type":" ","Placement":" ","Long":-75.08372295,"Lat":40.1863265,"Elev":"0","ParcelID":"49-009-028-013","Full_Addr":"93 JAMISON ST","Comment":" ","Purpose":null,"DiscrpAgID":"buckscounty.org","created_user":null,"created_date":null,"last_edited_user":"DGALLOWAY","gc_exception":"","ADDRGUID":null,"RDNAME":"JAMISON ST"}},{"type":"Feature","id":237527,"geometry":{"type":"Point","coordinates":[-75.0836817935042,40.1863796934359]},"properties":{"OBJECTID":237527,"Source":"","DateUpdate":"Tue, 12 Nov 2024 10:04:37 GMT","Effective":"Wed, 01 Jan 2020 00:00:01 GMT","Expire":"Sat, 01 Jan 2050 00:00:01 GMT","Site_NGUID":"SSAP23787695JAMISONST@buckscounty.org","Country":"US","State":"PA","County":"Bucks County","AddCode":"","AddDataURI":"","Inc_Muni":"Warminster Township","Uninc_Comm":"","Nbrhd_Comm":"","AddNum_Pre":"","Add_Number":"95","AddNum_Suf":"","St_PreMod":"","St_PreDir":"","St_PreTyp":"","St_PreSep":"","St_Name":"JAMISON","St_PosTyp":"STREET","St_PosDir":"","St_PosMod":"","Lst_PreDir":"","Lst_Name":"JAMISON","Lst_Type":"ST","LstPosDir":"","ESN":"51","MSAGComm":"WARMINSTER TOWNSHIP","Post_Comm":"WARMINSTER","Post_Code":"18974","Post_Code4":"","Building":"","Floor":" ","Unit":" ","Room":"","Seat":" ","Addtl_Loc":" ","LandmkName":" ","Mile_Post":" ","Place_Type":" ","Placement":" ","Long":-75.08368003,"Lat":40.18637158,"Elev":"0","ParcelID":"49-009-028-013","Full_Addr":"95 JAMISON ST","Comment":" ","Purpose":null,"DiscrpAgID":"buckscounty.org","created_user":null,"created_date":null,"last_edited_user":"DGALLOWAY","gc_exception":"","ADDRGUID":null,"RDNAME":"JAMISON ST"}},{"type":"Feature","id":237528,"geometry":{"type":"Point","coordinates":[-75.0836388778996,40.1864268215055]},"properties":{"OBJECTID":237528,"Source":"","DateUpdate":"Tue, 12 Nov 2024 10:04:37 GMT","Effective":"Wed, 01 Jan 2020 00:00:01 GMT","Expire":"Sat, 01 Jan 2050 00:00:01 GMT","Site_NGUID":"SSAP23787797JAMISONST@buckscounty.org","Country":"US","State":"PA","County":"Bucks County","AddCode":"","AddDataURI":"","Inc_Muni":"Warminster Township","Uninc_Comm":"","Nbrhd_Comm":"","AddNum_Pre":"","Add_Number":"97","AddNum_Suf":"","St_PreMod":"","St_PreDir":"","St_PreTyp":"","St_PreSep":"","St_Name":"JAMISON","St_PosTyp":"STREET","St_PosDir":"","St_PosMod":"","Lst_PreDir":"","Lst_Name":"JAMISON","Lst_Type":"ST","LstPosDir":"","ESN":"51","MSAGComm":"WARMINSTER TOWNSHIP","Post_Comm":"WARMINSTER","Post_Code":"18974","Post_Code4":"","Building":"","Floor":" ","Unit":" ","Room":"","Seat":" ","Addtl_Loc":" ","LandmkName":" ","Mile_Post":" ","Place_Type":" ","Placement":" ","Long":-75.08363712,"Lat":40.18641871,"Elev":"0","ParcelID":"49-009-028-013","Full_Addr":"97 JAMISON ST","Comment":" ","Purpose":null,"DiscrpAgID":"buckscounty.org","created_user":null,"created_date":null,"last_edited_user":"DGALLOWAY","gc_exception":"","ADDRGUID":null,"RDNAME":"JAMISON ST"}},{"type":"Feature","id":237529,"geometry":{"type":"Point","coordinates":[-75.0835959614492,40.1864698525637]},"properties":{"OBJECTID":237529,"Source":"","DateUpdate":"Tue, 12 Nov 2024 10:04:37 GMT","Effective":"Wed, 01 Jan 2020 00:00:01 GMT","Expire":"Sat, 01 Jan 2050 00:00:01 GMT","Site_NGUID":"SSAP23787899JAMISONST@buckscounty.org","Country":"US","State":"PA","County":"Bucks County","AddCode":"","AddDataURI":"","Inc_Muni":"Warminster Township","Uninc_Comm":"","Nbrhd_Comm":"","AddNum_Pre":"","Add_Number":"99","AddNum_Suf":"","St_PreMod":"","St_PreDir":"","St_PreTyp":"","St_PreSep":"","St_Name":"JAMISON","St_PosTyp":"STREET","St_PosDir":"","St_PosMod":"","Lst_PreDir":"","Lst_Name":"JAMISON","Lst_Type":"ST","LstPosDir":"","ESN":"51","MSAGComm":"WARMINSTER TOWNSHIP","Post_Comm":"WARMINSTER","Post_Code":"18974","Post_Code4":"","Building":"","Floor":" ","Unit":" ","Room":"","Seat":" ","Addtl_Loc":" ","LandmkName":" ","Mile_Post":" ","Place_Type":" ","Placement":" ","Long":-75.0835942,"Lat":40.18646174,"Elev":"0","ParcelID":"49-009-028-013","Full_Addr":"99 JAMISON ST","Comment":" ","Purpose":null,"DiscrpAgID":"buckscounty.org","created_user":null,"created_date":null,"last_edited_user":"DGALLOWAY","gc_exception":"","ADDRGUID":null,"RDNAME":"JAMISON ST"}},{"type":"Feature","id":237530,"geometry":{"type":"Point","coordinates":[-75.0834484419943,40.1862352341006]},"properties":{"OBJECTID":237530,"Source":"","DateUpdate":"Tue, 12 Nov 2024 10:04:37 GMT","Effective":"Wed, 01 Jan 2020 00:00:01 GMT","Expire":"Sat, 01 Jan 2050 00:00:01 GMT","Site_NGUID":"SSAP23787994JAMISONST@buckscounty.org","Country":"US","State":"PA","County":"Bucks County","AddCode":"","AddDataURI":"","Inc_Muni":"Warminster Township","Uninc_Comm":"","Nbrhd_Comm":"","AddNum_Pre":"","Add_Number":"94","AddNum_Suf":"","St_PreMod":"","St_PreDir":"","St_PreTyp":"","St_PreSep":"","St_Name":"JAMISON","St_PosTyp":"STREET","St_PosDir":"","St_PosMod":"","Lst_PreDir":"","Lst_Name":"JAMISON","Lst_Type":"ST","LstPosDir":"","ESN":"51","MSAGComm":"WARMINSTER TOWNSHIP","Post_Comm":"HATBORO","Post_Code":"19040","Post_Code4":"","Building":"","Floor":" ","Unit":" ","Room":"","Seat":" ","Addtl_Loc":" ","LandmkName":" ","Mile_Post":" ","Place_Type":" ","Placement":" ","Long":-75.08344668,"Lat":40.18622712,"Elev":"0","ParcelID":"49-009-028-013","Full_Addr":"94 JAMISON ST","Comment":" ","Purpose":null,"DiscrpAgID":"buckscounty.org","created_user":null,"created_date":null,"last_edited_user":"DGALLOWAY","gc_exception":"","ADDRGUID":null,"RDNAME":"JAMISON ST"}},{"type":"Feature","id":237531,"geometry":{"type":"Point","coordinates":[-75.083485991388,40.1861963018921]},"properties":{"OBJECTID":237531,"Source":"","DateUpdate":"Tue, 12 Nov 2024 10:04:37 GMT","Effective":"Wed, 01 Jan 2020 00:00:01 GMT","Expire":"Sat, 01 Jan 2050 00:00:01 GMT","Site_NGUID":"SSAP23788092JAMISONST@buckscounty.org","Country":"US","State":"PA","County":"Bucks County","AddCode":"","AddDataURI":"","Inc_Muni":"Warminster Township","Uninc_Comm":"","Nbrhd_Comm":"","AddNum_Pre":"","Add_Number":"92","AddNum_Suf":"","St_PreMod":"","St_PreDir":"","St_PreTyp":"","St_PreSep":"","St_Name":"JAMISON","St_PosTyp":"STREET","St_PosDir":"","St_PosMod":"","Lst_PreDir":"","Lst_Name":"JAMISON","Lst_Type":"ST","LstPosDir":"","ESN":"51","MSAGComm":"WARMINSTER TOWNSHIP","Post_Comm":"HATBORO","Post_Code":"19040","Post_Code4":"","Building":"","Floor":" ","Unit":" ","Room":"","Seat":" ","Addtl_Loc":" ","LandmkName":" ","Mile_Post":" ","Place_Type":" ","Placement":" ","Long":-75.08348423,"Lat":40.18618819,"Elev":"0","ParcelID":"49-009-028-013","Full_Addr":"92 JAMISON ST","Comment":" ","Purpose":null,"DiscrpAgID":"buckscounty.org","created_user":null,"created_date":null,"last_edited_user":"DGALLOWAY","gc_exception":"","ADDRGUID":null,"RDNAME":"JAMISON ST"}},{"type":"Feature","id":237532,"geometry":{"type":"Point","coordinates":[-75.0835450004336,40.1861409760902]},"properties":{"OBJECTID":237532,"Source":"","DateUpdate":"Tue, 12 Nov 2024 10:04:37 GMT","Effective":"Wed, 01 Jan 2020 00:00:01 GMT","Expire":"Sat, 01 Jan 2050 00:00:01 GMT","Site_NGUID":"SSAP23788190JAMISONST@buckscounty.org","Country":"US","State":"PA","County":"Bucks County","AddCode":"","AddDataURI":"","Inc_Muni":"Warminster Township","Uninc_Comm":"","Nbrhd_Comm":"","AddNum_Pre":"","Add_Number":"90","AddNum_Suf":"","St_PreMod":"","St_PreDir":"","St_PreTyp":"","St_PreSep":"","St_Name":"JAMISON","St_PosTyp":"STREET","St_PosDir":"","St_PosMod":"","Lst_PreDir":"","Lst_Name":"JAMISON","Lst_Type":"ST","LstPosDir":"","ESN":"51","MSAGComm":"WARMINSTER TOWNSHIP","Post_Comm":"HATBORO","Post_Code":"19040","Post_Code4":"","Building":"","Floor":" ","Unit":" ","Room":"","Seat":" ","Addtl_Loc":" ","LandmkName":" ","Mile_Post":" ","Place_Type":" ","Placement":" ","Long":-75.08354324,"Lat":40.18613286,"Elev":"0","ParcelID":"49-009-028-013","Full_Addr":"90 JAMISON ST","Comment":" ","Purpose":null,"DiscrpAgID":"buckscounty.org","created_user":null,"created_date":null,"last_edited_user":"DGALLOWAY","gc_exception":"","ADDRGUID":null,"RDNAME":"JAMISON ST"}},{"type":"Feature","id":237533,"geometry":{"type":"Point","coordinates":[-75.0836013284308,40.1860856512286]},"properties":{"OBJECTID":237533,"Source":"","DateUpdate":"Tue, 12 Nov 2024 10:04:37 GMT","Effective":"Wed, 01 Jan 2020 00:00:01 GMT","Expire":"Sat, 01 Jan 2050 00:00:01 GMT","Site_NGUID":"SSAP23788288JAMISONST@buckscounty.org","Country":"US","State":"PA","County":"Bucks County","AddCode":"","AddDataURI":"","Inc_Muni":"Warminster Township","Uninc_Comm":"","Nbrhd_Comm":"","AddNum_Pre":"","Add_Number":"88","AddNum_Suf":"","St_PreMod":"","St_PreDir":"","St_PreTyp":"","St_PreSep":"","St_Name":"JAMISON","St_PosTyp":"STREET","St_PosDir":"","St_PosMod":"","Lst_PreDir":"","Lst_Name":"JAMISON","Lst_Type":"ST","LstPosDir":"","ESN":"51","MSAGComm":"WARMINSTER TOWNSHIP","Post_Comm":"HATBORO","Post_Code":"19040","Post_Code4":"","Building":"","Floor":" ","Unit":" ","Room":"","Seat":" ","Addtl_Loc":" ","LandmkName":" ","Mile_Post":" ","Place_Type":" ","Placement":" ","Long":-75.08359957,"Lat":40.18607754,"Elev":"0","ParcelID":"49-009-028-013","Full_Addr":"88 JAMISON ST","Comment":" ","Purpose":null,"DiscrpAgID":"buckscounty.org","created_user":null,"created_date":null,"last_edited_user":"DGALLOWAY","gc_exception":"","ADDRGUID":null,"RDNAME":"JAMISON ST"}},{"type":"Feature","id":237534,"geometry":{"type":"Point","coordinates":[-75.0839097819435,40.1857577969833]},"properties":{"OBJECTID":237534,"Source":"","DateUpdate":"Tue, 12 Nov 2024 10:04:37 GMT","Effective":"Wed, 01 Jan 2020 00:00:01 GMT","Expire":"Sat, 01 Jan 2050 00:00:01 GMT","Site_NGUID":"SSAP23788380JAMISONST@buckscounty.org","Country":"US","State":"PA","County":"Bucks County","AddCode":"","AddDataURI":"","Inc_Muni":"Warminster Township","Uninc_Comm":"","Nbrhd_Comm":"","AddNum_Pre":"","Add_Number":"80","AddNum_Suf":"","St_PreMod":"","St_PreDir":"","St_PreTyp":"","St_PreSep":"","St_Name":"JAMISON","St_PosTyp":"STREET","St_PosDir":"","St_PosMod":"","Lst_PreDir":"","Lst_Name":"JAMISON","Lst_Type":"ST","LstPosDir":"","ESN":"51","MSAGComm":"WARMINSTER TOWNSHIP","Post_Comm":"HATBORO","Post_Code":"19040","Post_Code4":"","Building":"","Floor":" ","Unit":" ","Room":"","Seat":" ","Addtl_Loc":" ","LandmkName":" ","Mile_Post":" ","Place_Type":" ","Placement":" ","Long":-75.08390802,"Lat":40.18574968,"Elev":"0","ParcelID":"49-009-028-013","Full_Addr":"80 JAMISON ST","Comment":" ","Purpose":null,"DiscrpAgID":"buckscounty.org","created_user":null,"created_date":null,"last_edited_user":"DGALLOWAY","gc_exception":"","ADDRGUID":null,"RDNAME":"JAMISON ST"}},{"type":"Feature","id":237535,"geometry":{"type":"Point","coordinates":[-75.0838668664726,40.185802877093]},"properties":{"OBJECTID":237535,"Source":"","DateUpdate":"Tue, 12 Nov 2024 10:04:37 GMT","Effective":"Wed, 01 Jan 2020 00:00:01 GMT","Expire":"Sat, 01 Jan 2050 00:00:01 GMT","Site_NGUID":"SSAP23788482JAMISONST@buckscounty.org","Country":"US","State":"PA","County":"Bucks County","AddCode":"","AddDataURI":"","Inc_Muni":"Warminster Township","Uninc_Comm":"","Nbrhd_Comm":"","AddNum_Pre":"","Add_Number":"82","AddNum_Suf":"","St_PreMod":"","St_PreDir":"","St_PreTyp":"","St_PreSep":"","St_Name":"JAMISON","St_PosTyp":"STREET","St_PosDir":"","St_PosMod":"","Lst_PreDir":"","Lst_Name":"JAMISON","Lst_Type":"ST","LstPosDir":"","ESN":"51","MSAGComm":"WARMINSTER TOWNSHIP","Post_Comm":"HATBORO","Post_Code":"19040","Post_Code4":"","Building":"","Floor":" ","Unit":" ","Room":"","Seat":" ","Addtl_Loc":" ","LandmkName":" ","Mile_Post":" ","Place_Type":" ","Placement":" ","Long":-75.08386511,"Lat":40.18579476,"Elev":"0","ParcelID":"49-009-028-013","Full_Addr":"82 JAMISON ST","Comment":" ","Purpose":null,"DiscrpAgID":"buckscounty.org","created_user":null,"created_date":null,"last_edited_user":"DGALLOWAY","gc_exception":"","ADDRGUID":null,"RDNAME":"JAMISON ST"}},{"type":"Feature","id":237536,"geometry":{"type":"Point","coordinates":[-75.0838293154889,40.1858500060373]},"properties":{"OBJECTID":237536,"Source":"","DateUpdate":"Tue, 12 Nov 2024 10:04:37 GMT","Effective":"Wed, 01 Jan 2020 00:00:01 GMT","Expire":"Sat, 01 Jan 2050 00:00:01 GMT","Site_NGUID":"SSAP23788584JAMISONST@buckscounty.org","Country":"US","State":"PA","County":"Bucks County","AddCode":"","AddDataURI":"","Inc_Muni":"Warminster Township","Uninc_Comm":"","Nbrhd_Comm":"","AddNum_Pre":"","Add_Number":"84","AddNum_Suf":"","St_PreMod":"","St_PreDir":"","St_PreTyp":"","St_PreSep":"","St_Name":"JAMISON","St_PosTyp":"STREET","St_PosDir":"","St_PosMod":"","Lst_PreDir":"","Lst_Name":"JAMISON","Lst_Type":"ST","LstPosDir":"","ESN":"51","MSAGComm":"WARMINSTER TOWNSHIP","Post_Comm":"HATBORO","Post_Code":"19040","Post_Code4":"","Building":"","Floor":" ","Unit":" ","Room":"","Seat":" ","Addtl_Loc":" ","LandmkName":" ","Mile_Post":" ","Place_Type":" ","Placement":" ","Long":-75.08382756,"Lat":40.18584189,"Elev":"0","ParcelID":"49-009-028-013","Full_Addr":"84 JAMISON ST","Comment":" ","Purpose":null,"DiscrpAgID":"buckscounty.org","created_user":null,"created_date":null,"last_edited_user":"DGALLOWAY","gc_exception":"","ADDRGUID":null,"RDNAME":"JAMISON ST"}},{"type":"Feature","id":237537,"geometry":{"type":"Point","coordinates":[-75.0837837178232,40.1858950861642]},"properties":{"OBJECTID":237537,"Source":"","DateUpdate":"Tue, 12 Nov 2024 10:04:37 GMT","Effective":"Wed, 01 Jan 2020 00:00:01 GMT","Expire":"Sat, 01 Jan 2050 00:00:01 GMT","Site_NGUID":"SSAP23788686JAMISONST@buckscounty.org","Country":"US","State":"PA","County":"Bucks County","AddCode":"","AddDataURI":"","Inc_Muni":"Warminster Township","Uninc_Comm":"","Nbrhd_Comm":"","AddNum_Pre":"","Add_Number":"86","AddNum_Suf":"","St_PreMod":"","St_PreDir":"","St_PreTyp":"","St_PreSep":"","St_Name":"JAMISON","St_PosTyp":"STREET","St_PosDir":"","St_PosMod":"","Lst_PreDir":"","Lst_Name":"JAMISON","Lst_Type":"ST","LstPosDir":"","ESN":"51","MSAGComm":"WARMINSTER TOWNSHIP","Post_Comm":"HATBORO","Post_Code":"19040","Post_Code4":"","Building":"","Floor":" ","Unit":" ","Room":"","Seat":" ","Addtl_Loc":" ","LandmkName":" ","Mile_Post":" ","Place_Type":" ","Placement":" ","Long":-75.08378196,"Lat":40.18588697,"Elev":"0","ParcelID":"49-009-028-013","Full_Addr":"86 JAMISON ST","Comment":" ","Purpose":null,"DiscrpAgID":"buckscounty.org","created_user":null,"created_date":null,"last_edited_user":"DGALLOWAY","gc_exception":"","ADDRGUID":null,"RDNAME":"JAMISON ST"}},{"type":"Feature","id":237538,"geometry":{"type":"Point","coordinates":[-75.0841880604635,40.1854750217077]},"properties":{"OBJECTID":237538,"Source":"","DateUpdate":"Tue, 12 Nov 2024 10:04:37 GMT","Effective":"Wed, 01 Jan 2020 00:00:01 GMT","Expire":"Sat, 01 Jan 2050 00:00:01 GMT","Site_NGUID":"SSAP23788778JAMISONST@buckscounty.org","Country":"US","State":"PA","County":"Bucks County","AddCode":"","AddDataURI":"","Inc_Muni":"Warminster Township","Uninc_Comm":"","Nbrhd_Comm":"","AddNum_Pre":"","Add_Number":"78","AddNum_Suf":"","St_PreMod":"","St_PreDir":"","St_PreTyp":"","St_PreSep":"","St_Name":"JAMISON","St_PosTyp":"STREET","St_PosDir":"","St_PosMod":"","Lst_PreDir":"","Lst_Name":"JAMISON","Lst_Type":"ST","LstPosDir":"","ESN":"51","MSAGComm":"WARMINSTER TOWNSHIP","Post_Comm":"HATBORO","Post_Code":"19040","Post_Code4":"","Building":"","Floor":" ","Unit":" ","Room":"","Seat":" ","Addtl_Loc":" ","LandmkName":" ","Mile_Post":" ","Place_Type":" ","Placement":" ","Long":-75.0841863,"Lat":40.18546691,"Elev":"0","ParcelID":"49-009-028-013","Full_Addr":"78 JAMISON ST","Comment":" ","Purpose":null,"DiscrpAgID":"buckscounty.org","created_user":null,"created_date":null,"last_edited_user":"DGALLOWAY","gc_exception":"","ADDRGUID":null,"RDNAME":"JAMISON ST"}},{"type":"Feature","id":237539,"geometry":{"type":"Point","coordinates":[-75.0842571276176,40.1854576050074]},"properties":{"OBJECTID":237539,"Source":"","DateUpdate":"Tue, 12 Nov 2024 10:04:37 GMT","Effective":"Wed, 01 Jan 2020 00:00:01 GMT","Expire":"Sat, 01 Jan 2050 00:00:01 GMT","Site_NGUID":"SSAP23788876JAMISONST@buckscounty.org","Country":"US","State":"PA","County":"Bucks County","AddCode":"","AddDataURI":"","Inc_Muni":"Warminster Township","Uninc_Comm":"","Nbrhd_Comm":"","AddNum_Pre":"","Add_Number":"76","AddNum_Suf":"","St_PreMod":"","St_PreDir":"","St_PreTyp":"","St_PreSep":"","St_Name":"JAMISON","St_PosTyp":"STREET","St_PosDir":"","St_PosMod":"","Lst_PreDir":"","Lst_Name":"JAMISON","Lst_Type":"ST","LstPosDir":"","ESN":"51","MSAGComm":"WARMINSTER TOWNSHIP","Post_Comm":"HATBORO","Post_Code":"19040","Post_Code4":"","Building":"","Floor":" ","Unit":" ","Room":"","Seat":" ","Addtl_Loc":" ","LandmkName":" ","Mile_Post":" ","Place_Type":" ","Placement":" ","Long":-75.08425537,"Lat":40.18544949,"Elev":"0","ParcelID":"49-009-028-013","Full_Addr":"76 JAMISON ST","Comment":" ","Purpose":null,"DiscrpAgID":"buckscounty.org","created_user":null,"created_date":null,"last_edited_user":"DGALLOWAY","gc_exception":"","ADDRGUID":null,"RDNAME":"JAMISON ST"}},{"type":"Feature","id":237540,"geometry":{"type":"Point","coordinates":[-75.0843255251709,40.1854371128672]},"properties":{"OBJECTID":237540,"Source":"","DateUpdate":"Tue, 12 Nov 2024 10:04:37 GMT","Effective":"Wed, 01 Jan 2020 00:00:01 GMT","Expire":"Sat, 01 Jan 2050 00:00:01 GMT","Site_NGUID":"SSAP23788974JAMISONST@buckscounty.org","Country":"US","State":"PA","County":"Bucks County","AddCode":"","AddDataURI":"","Inc_Muni":"Warminster Township","Uninc_Comm":"","Nbrhd_Comm":"","AddNum_Pre":"","Add_Number":"74","AddNum_Suf":"","St_PreMod":"","St_PreDir":"","St_PreTyp":"","St_PreSep":"","St_Name":"JAMISON","St_PosTyp":"STREET","St_PosDir":"","St_PosMod":"","Lst_PreDir":"","Lst_Name":"JAMISON","Lst_Type":"ST","LstPosDir":"","ESN":"51","MSAGComm":"WARMINSTER TOWNSHIP","Post_Comm":"HATBORO","Post_Code":"19040","Post_Code4":"","Building":"","Floor":" ","Unit":" ","Room":"","Seat":" ","Addtl_Loc":" ","LandmkName":" ","Mile_Post":" ","Place_Type":" ","Placement":" ","Long":-75.08432377,"Lat":40.185429,"Elev":"0","ParcelID":"49-009-028-013","Full_Addr":"74 JAMISON ST","Comment":" ","Purpose":null,"DiscrpAgID":"buckscounty.org","created_user":null,"created_date":null,"last_edited_user":"DGALLOWAY","gc_exception":"","ADDRGUID":null,"RDNAME":"JAMISON ST"}},{"type":"Feature","id":237541,"geometry":{"type":"Point","coordinates":[-75.0843999549814,40.1854171352054]},"properties":{"OBJECTID":237541,"Source":"","DateUpdate":"Tue, 12 Nov 2024 10:04:37 GMT","Effective":"Wed, 01 Jan 2020 00:00:01 GMT","Expire":"Sat, 01 Jan 2050 00:00:01 GMT","Site_NGUID":"SSAP23789072JAMISONST@buckscounty.org","Country":"US","State":"PA","County":"Bucks County","AddCode":"","AddDataURI":"","Inc_Muni":"Warminster Township","Uninc_Comm":"","Nbrhd_Comm":"","AddNum_Pre":"","Add_Number":"72","AddNum_Suf":"","St_PreMod":"","St_PreDir":"","St_PreTyp":"","St_PreSep":"","St_Name":"JAMISON","St_PosTyp":"STREET","St_PosDir":"","St_PosMod":"","Lst_PreDir":"","Lst_Name":"JAMISON","Lst_Type":"ST","LstPosDir":"","ESN":"51","MSAGComm":"WARMINSTER TOWNSHIP","Post_Comm":"HATBORO","Post_Code":"19040","Post_Code4":"","Building":"","Floor":" ","Unit":" ","Room":"","Seat":" ","Addtl_Loc":" ","LandmkName":" ","Mile_Post":" ","Place_Type":" ","Placement":" ","Long":-75.08439819,"Lat":40.18540902,"Elev":"0","ParcelID":"49-009-028-013","Full_Addr":"72 JAMISON ST","Comment":" ","Purpose":null,"DiscrpAgID":"buckscounty.org","created_user":null,"created_date":null,"last_edited_user":"DGALLOWAY","gc_exception":"","ADDRGUID":null,"RDNAME":"JAMISON ST"}},{"type":"Feature","id":237542,"geometry":{"type":"Point","coordinates":[-75.0848285983491,40.1852152531472]},"properties":{"OBJECTID":237542,"Source":"","DateUpdate":"Tue, 12 Nov 2024 10:04:37 GMT","Effective":"Wed, 01 Jan 2020 00:00:01 GMT","Expire":"Sat, 01 Jan 2050 00:00:01 GMT","Site_NGUID":"SSAP23789164JAMISONST`@buckscounty.org","Country":"US","State":"PA","County":"Bucks County","AddCode":"","AddDataURI":"","Inc_Muni":"Warminster Township","Uninc_Comm":"","Nbrhd_Comm":"","AddNum_Pre":"","Add_Number":"64","AddNum_Suf":"","St_PreMod":"","St_PreDir":"","St_PreTyp":"","St_PreSep":"","St_Name":"JAMISON","St_PosTyp":"STREET","St_PosDir":"","St_PosMod":"","Lst_PreDir":"","Lst_Name":"JAMISON","Lst_Type":"ST","LstPosDir":"","ESN":"51","MSAGComm":"WARMINSTER TOWNSHIP","Post_Comm":"HATBORO","Post_Code":"19040","Post_Code4":"","Building":"","Floor":" ","Unit":" ","Room":"","Seat":" ","Addtl_Loc":" ","LandmkName":" ","Mile_Post":" ","Place_Type":" ","Placement":" ","Long":-75.08482684,"Lat":40.18520714,"Elev":"0","ParcelID":"49-009-028-013","Full_Addr":"64 JAMISON ST`","Comment":" ","Purpose":null,"DiscrpAgID":"buckscounty.org","created_user":null,"created_date":null,"last_edited_user":"DGALLOWAY","gc_exception":"","ADDRGUID":null,"RDNAME":"JAMISON ST"}},{"type":"Feature","id":237543,"geometry":{"type":"Point","coordinates":[-75.0847615432964,40.1852500885969]},"properties":{"OBJECTID":237543,"Source":"","DateUpdate":"Tue, 12 Nov 2024 10:04:37 GMT","Effective":"Wed, 01 Jan 2020 00:00:01 GMT","Expire":"Sat, 01 Jan 2050 00:00:01 GMT","Site_NGUID":"SSAP23789266JAMISONST@buckscounty.org","Country":"US","State":"PA","County":"Bucks County","AddCode":"","AddDataURI":"","Inc_Muni":"Warminster Township","Uninc_Comm":"","Nbrhd_Comm":"","AddNum_Pre":"","Add_Number":"66","AddNum_Suf":"","St_PreMod":"","St_PreDir":"","St_PreTyp":"","St_PreSep":"","St_Name":"JAMISON","St_PosTyp":"STREET","St_PosDir":"","St_PosMod":"","Lst_PreDir":"","Lst_Name":"JAMISON","Lst_Type":"ST","LstPosDir":"","ESN":"51","MSAGComm":"WARMINSTER TOWNSHIP","Post_Comm":"HATBORO","Post_Code":"19040","Post_Code4":"","Building":"","Floor":" ","Unit":" ","Room":"","Seat":" ","Addtl_Loc":" ","LandmkName":" ","Mile_Post":" ","Place_Type":" ","Placement":" ","Long":-75.08475978,"Lat":40.18524197,"Elev":"0","ParcelID":"49-009-028-013","Full_Addr":"66 JAMISON ST","Comment":" ","Purpose":null,"DiscrpAgID":"buckscounty.org","created_user":null,"created_date":null,"last_edited_user":"DGALLOWAY","gc_exception":"","ADDRGUID":null,"RDNAME":"JAMISON ST"}},{"type":"Feature","id":237544,"geometry":{"type":"Point","coordinates":[-75.084689122919,40.1852849232174]},"properties":{"OBJECTID":237544,"Source":"","DateUpdate":"Tue, 12 Nov 2024 10:04:37 GMT","Effective":"Wed, 01 Jan 2020 00:00:01 GMT","Expire":"Sat, 01 Jan 2050 00:00:01 GMT","Site_NGUID":"SSAP23789368JAMISONST@buckscounty.org","Country":"US","State":"PA","County":"Bucks County","AddCode":"","AddDataURI":"","Inc_Muni":"Warminster Township","Uninc_Comm":"","Nbrhd_Comm":"","AddNum_Pre":"","Add_Number":"68","AddNum_Suf":"","St_PreMod":"","St_PreDir":"","St_PreTyp":"","St_PreSep":"","St_Name":"JAMISON","St_PosTyp":"STREET","St_PosDir":"","St_PosMod":"","Lst_PreDir":"","Lst_Name":"JAMISON","Lst_Type":"ST","LstPosDir":"","ESN":"51","MSAGComm":"WARMINSTER TOWNSHIP","Post_Comm":"HATBORO","Post_Code":"19040","Post_Code4":"","Building":"","Floor":" ","Unit":" ","Room":"","Seat":" ","Addtl_Loc":" ","LandmkName":" ","Mile_Post":" ","Place_Type":" ","Placement":" ","Long":-75.08468736,"Lat":40.18527681,"Elev":"0","ParcelID":"49-009-028-013","Full_Addr":"68 JAMISON ST","Comment":" ","Purpose":null,"DiscrpAgID":"buckscounty.org","created_user":null,"created_date":null,"last_edited_user":"DGALLOWAY","gc_exception":"","ADDRGUID":null,"RDNAME":"JAMISON ST"}},{"type":"Feature","id":237545,"geometry":{"type":"Point","coordinates":[-75.0846220685638,40.1853177078644]},"properties":{"OBJECTID":237545,"Source":"","DateUpdate":"Tue, 12 Nov 2024 10:04:37 GMT","Effective":"Wed, 01 Jan 2020 00:00:01 GMT","Expire":"Sat, 01 Jan 2050 00:00:01 GMT","Site_NGUID":"SSAP23789470JAMISONST@buckscounty.org","Country":"US","State":"PA","County":"Bucks County","AddCode":"","AddDataURI":"","Inc_Muni":"Warminster Township","Uninc_Comm":"","Nbrhd_Comm":"","AddNum_Pre":"","Add_Number":"70","AddNum_Suf":"","St_PreMod":"","St_PreDir":"","St_PreTyp":"","St_PreSep":"","St_Name":"JAMISON","St_PosTyp":"STREET","St_PosDir":"","St_PosMod":"","Lst_PreDir":"","Lst_Name":"JAMISON","Lst_Type":"ST","LstPosDir":"","ESN":"51","MSAGComm":"WARMINSTER TOWNSHIP","Post_Comm":"HATBORO","Post_Code":"19040","Post_Code4":"","Building":"","Floor":" ","Unit":" ","Room":"","Seat":" ","Addtl_Loc":" ","LandmkName":" ","Mile_Post":" ","Place_Type":" ","Placement":" ","Long":-75.08462031,"Lat":40.18530959,"Elev":"0","ParcelID":"49-009-028-013","Full_Addr":"70 JAMISON ST","Comment":" ","Purpose":null,"DiscrpAgID":"buckscounty.org","created_user":null,"created_date":null,"last_edited_user":"DGALLOWAY","gc_exception":"","ADDRGUID":null,"RDNAME":"JAMISON ST"}},{"type":"Feature","id":237546,"geometry":{"type":"Point","coordinates":[-75.0852356242425,40.1850302346221]},"properties":{"OBJECTID":237546,"Source":"","DateUpdate":"Tue, 12 Nov 2024 10:04:37 GMT","Effective":"Wed, 01 Jan 2020 00:00:01 GMT","Expire":"Sat, 01 Jan 2050 00:00:01 GMT","Site_NGUID":"SSAP23789556JAMISONST@buckscounty.org","Country":"US","State":"PA","County":"Bucks County","AddCode":"","AddDataURI":"","Inc_Muni":"Warminster Township","Uninc_Comm":"","Nbrhd_Comm":"","AddNum_Pre":"","Add_Number":"56","AddNum_Suf":"","St_PreMod":"","St_PreDir":"","St_PreTyp":"","St_PreSep":"","St_Name":"JAMISON","St_PosTyp":"STREET","St_PosDir":"","St_PosMod":"","Lst_PreDir":"","Lst_Name":"JAMISON","Lst_Type":"ST","LstPosDir":"","ESN":"51","MSAGComm":"WARMINSTER TOWNSHIP","Post_Comm":"HATBORO","Post_Code":"19040","Post_Code4":"","Building":"","Floor":" ","Unit":" ","Room":"","Seat":" ","Addtl_Loc":" ","LandmkName":" ","Mile_Post":" ","Place_Type":" ","Placement":" ","Long":-75.08523386,"Lat":40.18502212,"Elev":"0","ParcelID":"49-009-028-013","Full_Addr":"56 JAMISON ST","Comment":" ","Purpose":null,"DiscrpAgID":"buckscounty.org","created_user":null,"created_date":null,"last_edited_user":"DGALLOWAY","gc_exception":"","ADDRGUID":null,"RDNAME":"JAMISON ST"}},{"type":"Feature","id":237547,"geometry":{"type":"Point","coordinates":[-75.0851712504342,40.185058921585]},"properties":{"OBJECTID":237547,"Source":"","DateUpdate":"Tue, 12 Nov 2024 10:04:37 GMT","Effective":"Wed, 01 Jan 2020 00:00:01 GMT","Expire":"Sat, 01 Jan 2050 00:00:01 GMT","Site_NGUID":"SSAP23789658JAMISONST@buckscounty.org","Country":"US","State":"PA","County":"Bucks County","AddCode":"","AddDataURI":"","Inc_Muni":"Warminster Township","Uninc_Comm":"","Nbrhd_Comm":"","AddNum_Pre":"","Add_Number":"58","AddNum_Suf":"","St_PreMod":"","St_PreDir":"","St_PreTyp":"","St_PreSep":"","St_Name":"JAMISON","St_PosTyp":"STREET","St_PosDir":"","St_PosMod":"","Lst_PreDir":"","Lst_Name":"JAMISON","Lst_Type":"ST","LstPosDir":"","ESN":"51","MSAGComm":"WARMINSTER TOWNSHIP","Post_Comm":"HATBORO","Post_Code":"19040","Post_Code4":"","Building":"","Floor":" ","Unit":" ","Room":"","Seat":" ","Addtl_Loc":" ","LandmkName":" ","Mile_Post":" ","Place_Type":" ","Placement":" ","Long":-75.08516949,"Lat":40.18505081,"Elev":"0","ParcelID":"49-009-028-013","Full_Addr":"58 JAMISON ST","Comment":" ","Purpose":null,"DiscrpAgID":"buckscounty.org","created_user":null,"created_date":null,"last_edited_user":"DGALLOWAY","gc_exception":"","ADDRGUID":null,"RDNAME":"JAMISON ST"}},{"type":"Feature","id":237548,"geometry":{"type":"Point","coordinates":[-75.0851122418114,40.1850876092823]},"properties":{"OBJECTID":237548,"Source":"","DateUpdate":"Tue, 12 Nov 2024 10:04:37 GMT","Effective":"Wed, 01 Jan 2020 00:00:01 GMT","Expire":"Sat, 01 Jan 2050 00:00:01 GMT","Site_NGUID":"SSAP23789760JAMISONST@buckscounty.org","Country":"US","State":"PA","County":"Bucks County","AddCode":"","AddDataURI":"","Inc_Muni":"Warminster Township","Uninc_Comm":"","Nbrhd_Comm":"","AddNum_Pre":"","Add_Number":"60","AddNum_Suf":"","St_PreMod":"","St_PreDir":"","St_PreTyp":"","St_PreSep":"","St_Name":"JAMISON","St_PosTyp":"STREET","St_PosDir":"","St_PosMod":"","Lst_PreDir":"","Lst_Name":"JAMISON","Lst_Type":"ST","LstPosDir":"","ESN":"51","MSAGComm":"WARMINSTER TOWNSHIP","Post_Comm":"HATBORO","Post_Code":"19040","Post_Code4":"","Building":"","Floor":" ","Unit":" ","Room":"","Seat":" ","Addtl_Loc":" ","LandmkName":" ","Mile_Post":" ","Place_Type":" ","Placement":" ","Long":-75.08511048,"Lat":40.1850795,"Elev":"0","ParcelID":"49-009-028-013","Full_Addr":"60 JAMISON ST","Comment":" ","Purpose":null,"DiscrpAgID":"buckscounty.org","created_user":null,"created_date":null,"last_edited_user":"DGALLOWAY","gc_exception":"","ADDRGUID":null,"RDNAME":"JAMISON ST"}},{"type":"Feature","id":237549,"geometry":{"type":"Point","coordinates":[-75.0850532331386,40.1851162969493]},"properties":{"OBJECTID":237549,"Source":"","DateUpdate":"Tue, 12 Nov 2024 10:04:37 GMT","Effective":"Wed, 01 Jan 2020 00:00:01 GMT","Expire":"Sat, 01 Jan 2050 00:00:01 GMT","Site_NGUID":"SSAP23789862JAMISONST@buckscounty.org","Country":"US","State":"PA","County":"Bucks County","AddCode":"","AddDataURI":"","Inc_Muni":"Warminster Township","Uninc_Comm":"","Nbrhd_Comm":"","AddNum_Pre":"","Add_Number":"62","AddNum_Suf":"","St_PreMod":"","St_PreDir":"","St_PreTyp":"","St_PreSep":"","St_Name":"JAMISON","St_PosTyp":"STREET","St_PosDir":"","St_PosMod":"","Lst_PreDir":"","Lst_Name":"JAMISON","Lst_Type":"ST","LstPosDir":"","ESN":"51","MSAGComm":"WARMINSTER TOWNSHIP","Post_Comm":"HATBORO","Post_Code":"19040","Post_Code4":"","Building":"","Floor":" ","Unit":" ","Room":"","Seat":" ","Addtl_Loc":" ","LandmkName":" ","Mile_Post":" ","Place_Type":" ","Placement":" ","Long":-75.08505147,"Lat":40.18510818,"Elev":"0","ParcelID":"49-009-028-013","Full_Addr":"62 JAMISON ST","Comment":" ","Purpose":null,"DiscrpAgID":"buckscounty.org","created_user":null,"created_date":null,"last_edited_user":"DGALLOWAY","gc_exception":"","ADDRGUID":null,"RDNAME":"JAMISON ST"}},{"type":"Feature","id":237550,"geometry":{"type":"Point","coordinates":[-75.0850800550951,40.1855015290388]},"properties":{"OBJECTID":237550,"Source":"","DateUpdate":"Tue, 12 Nov 2024 10:04:37 GMT","Effective":"Wed, 01 Jan 2020 00:00:01 GMT","Expire":"Sat, 01 Jan 2050 00:00:01 GMT","Site_NGUID":"SSAP23789975JAMISONST@buckscounty.org","Country":"US","State":"PA","County":"Bucks County","AddCode":"","AddDataURI":"","Inc_Muni":"Warminster Township","Uninc_Comm":"","Nbrhd_Comm":"","AddNum_Pre":"","Add_Number":"75","AddNum_Suf":"","St_PreMod":"","St_PreDir":"","St_PreTyp":"","St_PreSep":"","St_Name":"JAMISON","St_PosTyp":"STREET","St_PosDir":"","St_PosMod":"","Lst_PreDir":"","Lst_Name":"JAMISON","Lst_Type":"ST","LstPosDir":"","ESN":"51","MSAGComm":"WARMINSTER TOWNSHIP","Post_Comm":"WARMINSTER","Post_Code":"18974","Post_Code4":"","Building":"","Floor":" ","Unit":" ","Room":"","Seat":" ","Addtl_Loc":" ","LandmkName":" ","Mile_Post":" ","Place_Type":" ","Placement":" ","Long":-75.08507829,"Lat":40.18549341,"Elev":"0","ParcelID":"49-009-028-013","Full_Addr":"75 JAMISON ST","Comment":" ","Purpose":null,"DiscrpAgID":"buckscounty.org","created_user":null,"created_date":null,"last_edited_user":"DGALLOWAY","gc_exception":"","ADDRGUID":null,"RDNAME":"JAMISON ST"}},{"type":"Feature","id":237551,"geometry":{"type":"Point","coordinates":[-75.085136382118,40.1854789882549]},"properties":{"OBJECTID":237551,"Source":"","DateUpdate":"Tue, 12 Nov 2024 10:04:37 GMT","Effective":"Wed, 01 Jan 2020 00:00:01 GMT","Expire":"Sat, 01 Jan 2050 00:00:01 GMT","Site_NGUID":"SSAP23790073JAMISONST@buckscounty.org","Country":"US","State":"PA","County":"Bucks County","AddCode":"","AddDataURI":"","Inc_Muni":"Warminster Township","Uninc_Comm":"","Nbrhd_Comm":"","AddNum_Pre":"","Add_Number":"73","AddNum_Suf":"","St_PreMod":"","St_PreDir":"","St_PreTyp":"","St_PreSep":"","St_Name":"JAMISON","St_PosTyp":"STREET","St_PosDir":"","St_PosMod":"","Lst_PreDir":"","Lst_Name":"JAMISON","Lst_Type":"ST","LstPosDir":"","ESN":"51","MSAGComm":"WARMINSTER TOWNSHIP","Post_Comm":"WARMINSTER","Post_Code":"18974","Post_Code4":"","Building":"","Floor":" ","Unit":" ","Room":"","Seat":" ","Addtl_Loc":" ","LandmkName":" ","Mile_Post":" ","Place_Type":" ","Placement":" ","Long":-75.08513462,"Lat":40.18547087,"Elev":"0","ParcelID":"49-009-028-013","Full_Addr":"73 JAMISON ST","Comment":" ","Purpose":null,"DiscrpAgID":"buckscounty.org","created_user":null,"created_date":null,"last_edited_user":"DGALLOWAY","gc_exception":"","ADDRGUID":null,"RDNAME":"JAMISON ST"}},{"type":"Feature","id":237552,"geometry":{"type":"Point","coordinates":[-75.0852114837529,40.1854462030939]},"properties":{"OBJECTID":237552,"Source":"","DateUpdate":"Tue, 12 Nov 2024 10:04:37 GMT","Effective":"Wed, 01 Jan 2020 00:00:01 GMT","Expire":"Sat, 01 Jan 2050 00:00:01 GMT","Site_NGUID":"SSAP23790171JAMISONST@buckscounty.org","Country":"US","State":"PA","County":"Bucks County","AddCode":"","AddDataURI":"","Inc_Muni":"Warminster Township","Uninc_Comm":"","Nbrhd_Comm":"","AddNum_Pre":"","Add_Number":"71","AddNum_Suf":"","St_PreMod":"","St_PreDir":"","St_PreTyp":"","St_PreSep":"","St_Name":"JAMISON","St_PosTyp":"STREET","St_PosDir":"","St_PosMod":"","Lst_PreDir":"","Lst_Name":"JAMISON","Lst_Type":"ST","LstPosDir":"","ESN":"51","MSAGComm":"WARMINSTER TOWNSHIP","Post_Comm":"WARMINSTER","Post_Code":"18974","Post_Code4":"","Building":"","Floor":" ","Unit":" ","Room":"","Seat":" ","Addtl_Loc":" ","LandmkName":" ","Mile_Post":" ","Place_Type":" ","Placement":" ","Long":-75.08520972,"Lat":40.18543809,"Elev":"0","ParcelID":"49-009-028-013","Full_Addr":"71 JAMISON ST","Comment":" ","Purpose":null,"DiscrpAgID":"buckscounty.org","created_user":null,"created_date":null,"last_edited_user":"DGALLOWAY","gc_exception":"","ADDRGUID":null,"RDNAME":"JAMISON ST"}},{"type":"Feature","id":237553,"geometry":{"type":"Point","coordinates":[-75.0852731739624,40.1854195641852]},"properties":{"OBJECTID":237553,"Source":"","DateUpdate":"Tue, 12 Nov 2024 10:04:37 GMT","Effective":"Wed, 01 Jan 2020 00:00:01 GMT","Expire":"Sat, 01 Jan 2050 00:00:01 GMT","Site_NGUID":"SSAP23790269JAMISONST@buckscounty.org","Country":"US","State":"PA","County":"Bucks County","AddCode":"","AddDataURI":"","Inc_Muni":"Warminster Township","Uninc_Comm":"","Nbrhd_Comm":"","AddNum_Pre":"","Add_Number":"69","AddNum_Suf":"","St_PreMod":"","St_PreDir":"","St_PreTyp":"","St_PreSep":"","St_Name":"JAMISON","St_PosTyp":"STREET","St_PosDir":"","St_PosMod":"","Lst_PreDir":"","Lst_Name":"JAMISON","Lst_Type":"ST","LstPosDir":"","ESN":"51","MSAGComm":"WARMINSTER TOWNSHIP","Post_Comm":"WARMINSTER","Post_Code":"18974","Post_Code4":"","Building":"","Floor":" ","Unit":" ","Room":"","Seat":" ","Addtl_Loc":" ","LandmkName":" ","Mile_Post":" ","Place_Type":" ","Placement":" ","Long":-75.08527141,"Lat":40.18541145,"Elev":"0","ParcelID":"49-009-028-013","Full_Addr":"69 JAMISON ST","Comment":" ","Purpose":null,"DiscrpAgID":"buckscounty.org","created_user":null,"created_date":null,"last_edited_user":"DGALLOWAY","gc_exception":"","ADDRGUID":null,"RDNAME":"JAMISON ST"}},{"type":"Feature","id":237555,"geometry":{"type":"Point","coordinates":[-75.0854957973478,40.1853150588841]},"properties":{"OBJECTID":237555,"Source":"","DateUpdate":"Tue, 12 Nov 2024 10:04:37 GMT","Effective":"Wed, 01 Jan 2020 00:00:01 GMT","Expire":"Sat, 01 Jan 2050 00:00:01 GMT","Site_NGUID":"SSAP23790467JAMISONST@buckscounty.org","Country":"US","State":"PA","County":"Bucks County","AddCode":"","AddDataURI":"","Inc_Muni":"Warminster Township","Uninc_Comm":"","Nbrhd_Comm":"","AddNum_Pre":"","Add_Number":"67","AddNum_Suf":"","St_PreMod":"","St_PreDir":"","St_PreTyp":"","St_PreSep":"","St_Name":"JAMISON","St_PosTyp":"STREET","St_PosDir":"","St_PosMod":"","Lst_PreDir":"","Lst_Name":"JAMISON","Lst_Type":"ST","LstPosDir":"","ESN":"51","MSAGComm":"WARMINSTER TOWNSHIP","Post_Comm":"WARMINSTER","Post_Code":"18974","Post_Code4":"","Building":"","Floor":" ","Unit":" ","Room":"","Seat":" ","Addtl_Loc":" ","LandmkName":" ","Mile_Post":" ","Place_Type":" ","Placement":" ","Long":-75.08549404,"Lat":40.18530694,"Elev":"0","ParcelID":"49-009-028-013","Full_Addr":"67 JAMISON ST","Comment":" ","Purpose":null,"DiscrpAgID":"buckscounty.org","created_user":null,"created_date":null,"last_edited_user":"DGALLOWAY","gc_exception":"","ADDRGUID":null,"RDNAME":"JAMISON ST"}},{"type":"Feature","id":237556,"geometry":{"type":"Point","coordinates":[-75.0855413947256,40.1852986668409]},"properties":{"OBJECTID":237556,"Source":"","DateUpdate":"Tue, 12 Nov 2024 10:04:37 GMT","Effective":"Wed, 01 Jan 2020 00:00:01 GMT","Expire":"Sat, 01 Jan 2050 00:00:01 GMT","Site_NGUID":"SSAP23790565JAMISONST@buckscounty.org","Country":"US","State":"PA","County":"Bucks County","AddCode":"","AddDataURI":"","Inc_Muni":"Warminster Township","Uninc_Comm":"","Nbrhd_Comm":"","AddNum_Pre":"","Add_Number":"65","AddNum_Suf":"","St_PreMod":"","St_PreDir":"","St_PreTyp":"","St_PreSep":"","St_Name":"JAMISON","St_PosTyp":"STREET","St_PosDir":"","St_PosMod":"","Lst_PreDir":"","Lst_Name":"JAMISON","Lst_Type":"ST","LstPosDir":"","ESN":"51","MSAGComm":"WARMINSTER TOWNSHIP","Post_Comm":"WARMINSTER","Post_Code":"18974","Post_Code4":"","Building":"","Floor":" ","Unit":" ","Room":"","Seat":" ","Addtl_Loc":" ","LandmkName":" ","Mile_Post":" ","Place_Type":" ","Placement":" ","Long":-75.08553963,"Lat":40.18529055,"Elev":"0","ParcelID":"49-009-028-013","Full_Addr":"65 JAMISON ST","Comment":" ","Purpose":null,"DiscrpAgID":"buckscounty.org","created_user":null,"created_date":null,"last_edited_user":"DGALLOWAY","gc_exception":"","ADDRGUID":null,"RDNAME":"JAMISON ST"}},{"type":"Feature","id":237557,"geometry":{"type":"Point","coordinates":[-75.0856138147439,40.1852699803017]},"properties":{"OBJECTID":237557,"Source":"","DateUpdate":"Tue, 12 Nov 2024 10:04:37 GMT","Effective":"Wed, 01 Jan 2020 00:00:01 GMT","Expire":"Sat, 01 Jan 2050 00:00:01 GMT","Site_NGUID":"SSAP23790663JAMISONST@buckscounty.org","Country":"US","State":"PA","County":"Bucks County","AddCode":"","AddDataURI":"","Inc_Muni":"Warminster Township","Uninc_Comm":"","Nbrhd_Comm":"","AddNum_Pre":"","Add_Number":"63","AddNum_Suf":"","St_PreMod":"","St_PreDir":"","St_PreTyp":"","St_PreSep":"","St_Name":"JAMISON","St_PosTyp":"STREET","St_PosDir":"","St_PosMod":"","Lst_PreDir":"","Lst_Name":"JAMISON","Lst_Type":"ST","LstPosDir":"","ESN":"51","MSAGComm":"WARMINSTER TOWNSHIP","Post_Comm":"WARMINSTER","Post_Code":"18974","Post_Code4":"","Building":"","Floor":" ","Unit":" ","Room":"","Seat":" ","Addtl_Loc":" ","LandmkName":" ","Mile_Post":" ","Place_Type":" ","Placement":" ","Long":-75.08561205,"Lat":40.18526187,"Elev":"0","ParcelID":"49-009-028-013","Full_Addr":"63 JAMISON ST","Comment":" ","Purpose":null,"DiscrpAgID":"buckscounty.org","created_user":null,"created_date":null,"last_edited_user":"DGALLOWAY","gc_exception":"","ADDRGUID":null,"RDNAME":"JAMISON ST"}},{"type":"Feature","id":237558,"geometry":{"type":"Point","coordinates":[-75.0856808703254,40.185245390869]},"properties":{"OBJECTID":237558,"Source":"","DateUpdate":"Tue, 12 Nov 2024 10:04:37 GMT","Effective":"Wed, 01 Jan 2020 00:00:01 GMT","Expire":"Sat, 01 Jan 2050 00:00:01 GMT","Site_NGUID":"SSAP23790761JAMISONST@buckscounty.org","Country":"US","State":"PA","County":"Bucks County","AddCode":"","AddDataURI":"","Inc_Muni":"Warminster Township","Uninc_Comm":"","Nbrhd_Comm":"","AddNum_Pre":"","Add_Number":"61","AddNum_Suf":"","St_PreMod":"","St_PreDir":"","St_PreTyp":"","St_PreSep":"","St_Name":"JAMISON","St_PosTyp":"STREET","St_PosDir":"","St_PosMod":"","Lst_PreDir":"","Lst_Name":"JAMISON","Lst_Type":"ST","LstPosDir":"","ESN":"51","MSAGComm":"WARMINSTER TOWNSHIP","Post_Comm":"WARMINSTER","Post_Code":"18974","Post_Code4":"","Building":"","Floor":" ","Unit":" ","Room":"","Seat":" ","Addtl_Loc":" ","LandmkName":" ","Mile_Post":" ","Place_Type":" ","Placement":" ","Long":-75.08567911,"Lat":40.18523728,"Elev":"0","ParcelID":"49-009-028-013","Full_Addr":"61 JAMISON ST","Comment":" ","Purpose":null,"DiscrpAgID":"buckscounty.org","created_user":null,"created_date":null,"last_edited_user":"DGALLOWAY","gc_exception":"","ADDRGUID":null,"RDNAME":"JAMISON ST"}},{"type":"Feature","id":237559,"geometry":{"type":"Point","coordinates":[-75.0859048330527,40.1851306404802]},"properties":{"OBJECTID":237559,"Source":"","DateUpdate":"Tue, 12 Nov 2024 10:04:37 GMT","Effective":"Wed, 01 Jan 2020 00:00:01 GMT","Expire":"Sat, 01 Jan 2050 00:00:01 GMT","Site_NGUID":"SSAP23790859JAMISONST@buckscounty.org","Country":"US","State":"PA","County":"Bucks County","AddCode":"","AddDataURI":"","Inc_Muni":"Warminster Township","Uninc_Comm":"","Nbrhd_Comm":"","AddNum_Pre":"","Add_Number":"59","AddNum_Suf":"","St_PreMod":"","St_PreDir":"","St_PreTyp":"","St_PreSep":"","St_Name":"JAMISON","St_PosTyp":"STREET","St_PosDir":"","St_PosMod":"","Lst_PreDir":"","Lst_Name":"JAMISON","Lst_Type":"ST","LstPosDir":"","ESN":"51","MSAGComm":"WARMINSTER TOWNSHIP","Post_Comm":"WARMINSTER","Post_Code":"18974","Post_Code4":"","Building":"","Floor":" ","Unit":" ","Room":"","Seat":" ","Addtl_Loc":" ","LandmkName":" ","Mile_Post":" ","Place_Type":" ","Placement":" ","Long":-75.08590307,"Lat":40.18512253,"Elev":"0","ParcelID":"49-009-028-013","Full_Addr":"59 JAMISON ST","Comment":" ","Purpose":null,"DiscrpAgID":"buckscounty.org","created_user":null,"created_date":null,"last_edited_user":"DGALLOWAY","gc_exception":"","ADDRGUID":null,"RDNAME":"JAMISON ST"}},{"type":"Feature","id":237560,"geometry":{"type":"Point","coordinates":[-75.0859611583317,40.1851111744737]},"properties":{"OBJECTID":237560,"Source":"","DateUpdate":"Tue, 12 Nov 2024 10:04:37 GMT","Effective":"Wed, 01 Jan 2020 00:00:01 GMT","Expire":"Sat, 01 Jan 2050 00:00:01 GMT","Site_NGUID":"SSAP23790957JAMISONST@buckscounty.org","Country":"US","State":"PA","County":"Bucks County","AddCode":"","AddDataURI":"","Inc_Muni":"Warminster Township","Uninc_Comm":"","Nbrhd_Comm":"","AddNum_Pre":"","Add_Number":"57","AddNum_Suf":"","St_PreMod":"","St_PreDir":"","St_PreTyp":"","St_PreSep":"","St_Name":"JAMISON","St_PosTyp":"STREET","St_PosDir":"","St_PosMod":"","Lst_PreDir":"","Lst_Name":"JAMISON","Lst_Type":"ST","LstPosDir":"","ESN":"51","MSAGComm":"WARMINSTER TOWNSHIP","Post_Comm":"WARMINSTER","Post_Code":"18974","Post_Code4":"","Building":"","Floor":" ","Unit":" ","Room":"","Seat":" ","Addtl_Loc":" ","LandmkName":" ","Mile_Post":" ","Place_Type":" ","Placement":" ","Long":-75.0859594,"Lat":40.18510306,"Elev":"0","ParcelID":"49-009-028-013","Full_Addr":"57 JAMISON ST","Comment":" ","Purpose":null,"DiscrpAgID":"buckscounty.org","created_user":null,"created_date":null,"last_edited_user":"DGALLOWAY","gc_exception":"","ADDRGUID":null,"RDNAME":"JAMISON ST"}},{"type":"Feature","id":237561,"geometry":{"type":"Point","coordinates":[-75.0860402843757,40.1850773637538]},"properties":{"OBJECTID":237561,"Source":"","DateUpdate":"Tue, 12 Nov 2024 10:04:37 GMT","Effective":"Wed, 01 Jan 2020 00:00:01 GMT","Expire":"Sat, 01 Jan 2050 00:00:01 GMT","Site_NGUID":"SSAP23791055JAMISONST@buckscounty.org","Country":"US","State":"PA","County":"Bucks County","AddCode":"","AddDataURI":"","Inc_Muni":"Warminster Township","Uninc_Comm":"","Nbrhd_Comm":"","AddNum_Pre":"","Add_Number":"55","AddNum_Suf":"","St_PreMod":"","St_PreDir":"","St_PreTyp":"","St_PreSep":"","St_Name":"JAMISON","St_PosTyp":"STREET","St_PosDir":"","St_PosMod":"","Lst_PreDir":"","Lst_Name":"JAMISON","Lst_Type":"ST","LstPosDir":"","ESN":"51","MSAGComm":"WARMINSTER TOWNSHIP","Post_Comm":"WARMINSTER","Post_Code":"18974","Post_Code4":"","Building":"","Floor":" ","Unit":" ","Room":"","Seat":" ","Addtl_Loc":" ","LandmkName":" ","Mile_Post":" ","Place_Type":" ","Placement":" ","Long":-75.08603852,"Lat":40.18506925,"Elev":"0","ParcelID":"49-009-028-013","Full_Addr":"55 JAMISON ST","Comment":" ","Purpose":null,"DiscrpAgID":"buckscounty.org","created_user":null,"created_date":null,"last_edited_user":"DGALLOWAY","gc_exception":"","ADDRGUID":null,"RDNAME":"JAMISON ST"}},{"type":"Feature","id":237562,"geometry":{"type":"Point","coordinates":[-75.0860992938056,40.1850486747078]},"properties":{"OBJECTID":237562,"Source":"","DateUpdate":"Tue, 12 Nov 2024 10:04:37 GMT","Effective":"Wed, 01 Jan 2020 00:00:01 GMT","Expire":"Sat, 01 Jan 2050 00:00:01 GMT","Site_NGUID":"SSAP23791153JAMISONST@buckscounty.org","Country":"US","State":"PA","County":"Bucks County","AddCode":"","AddDataURI":"","Inc_Muni":"Warminster Township","Uninc_Comm":"","Nbrhd_Comm":"","AddNum_Pre":"","Add_Number":"53","AddNum_Suf":"","St_PreMod":"","St_PreDir":"","St_PreTyp":"","St_PreSep":"","St_Name":"JAMISON","St_PosTyp":"STREET","St_PosDir":"","St_PosMod":"","Lst_PreDir":"","Lst_Name":"JAMISON","Lst_Type":"ST","LstPosDir":"","ESN":"51","MSAGComm":"WARMINSTER TOWNSHIP","Post_Comm":"WARMINSTER","Post_Code":"18974","Post_Code4":"","Building":"","Floor":" ","Unit":" ","Room":"","Seat":" ","Addtl_Loc":" ","LandmkName":" ","Mile_Post":" ","Place_Type":" ","Placement":" ","Long":-75.08609753,"Lat":40.18504056,"Elev":"0","ParcelID":"49-009-028-013","Full_Addr":"53 JAMISON ST","Comment":" ","Purpose":null,"DiscrpAgID":"buckscounty.org","created_user":null,"created_date":null,"last_edited_user":"DGALLOWAY","gc_exception":"","ADDRGUID":null,"RDNAME":"JAMISON ST"}},{"type":"Feature","id":237563,"geometry":{"type":"Point","coordinates":[-75.0865284462566,40.184848887751]},"properties":{"OBJECTID":237563,"Source":"","DateUpdate":"Tue, 12 Nov 2024 10:04:37 GMT","Effective":"Wed, 01 Jan 2020 00:00:01 GMT","Expire":"Sat, 01 Jan 2050 00:00:01 GMT","Site_NGUID":"SSAP23791245JAMISONST@buckscounty.org","Country":"US","State":"PA","County":"Bucks County","AddCode":"","AddDataURI":"","Inc_Muni":"Warminster Township","Uninc_Comm":"","Nbrhd_Comm":"","AddNum_Pre":"","Add_Number":"45","AddNum_Suf":"","St_PreMod":"","St_PreDir":"","St_PreTyp":"","St_PreSep":"","St_Name":"JAMISON","St_PosTyp":"STREET","St_PosDir":"","St_PosMod":"","Lst_PreDir":"","Lst_Name":"JAMISON","Lst_Type":"ST","LstPosDir":"","ESN":"51","MSAGComm":"WARMINSTER TOWNSHIP","Post_Comm":"WARMINSTER","Post_Code":"18974","Post_Code4":"","Building":"","Floor":" ","Unit":" ","Room":"","Seat":" ","Addtl_Loc":" ","LandmkName":" ","Mile_Post":" ","Place_Type":" ","Placement":" ","Long":-75.08652669,"Lat":40.18484077,"Elev":"0","ParcelID":"49-009-028-013","Full_Addr":"45 JAMISON ST","Comment":" ","Purpose":null,"DiscrpAgID":"buckscounty.org","created_user":null,"created_date":null,"last_edited_user":"DGALLOWAY","gc_exception":"","ADDRGUID":null,"RDNAME":"JAMISON ST"}},{"type":"Feature","id":237564,"geometry":{"type":"Point","coordinates":[-75.0864627323956,40.1848785995161]},"properties":{"OBJECTID":237564,"Source":"","DateUpdate":"Tue, 12 Nov 2024 10:04:37 GMT","Effective":"Wed, 01 Jan 2020 00:00:01 GMT","Expire":"Sat, 01 Jan 2050 00:00:01 GMT","Site_NGUID":"SSAP23791347JAMISONST@buckscounty.org","Country":"US","State":"PA","County":"Bucks County","AddCode":"","AddDataURI":"","Inc_Muni":"Warminster Township","Uninc_Comm":"","Nbrhd_Comm":"","AddNum_Pre":"","Add_Number":"47","AddNum_Suf":"","St_PreMod":"","St_PreDir":"","St_PreTyp":"","St_PreSep":"","St_Name":"JAMISON","St_PosTyp":"STREET","St_PosDir":"","St_PosMod":"","Lst_PreDir":"","Lst_Name":"JAMISON","Lst_Type":"ST","LstPosDir":"","ESN":"51","MSAGComm":"WARMINSTER TOWNSHIP","Post_Comm":"WARMINSTER","Post_Code":"18974","Post_Code4":"","Building":"","Floor":" ","Unit":" ","Room":"","Seat":" ","Addtl_Loc":" ","LandmkName":" ","Mile_Post":" ","Place_Type":" ","Placement":" ","Long":-75.08646097,"Lat":40.18487049,"Elev":"0","ParcelID":"49-009-028-013","Full_Addr":"47 JAMISON ST","Comment":" ","Purpose":null,"DiscrpAgID":"buckscounty.org","created_user":null,"created_date":null,"last_edited_user":"DGALLOWAY","gc_exception":"","ADDRGUID":null,"RDNAME":"JAMISON ST"}},{"type":"Feature","id":237565,"geometry":{"type":"Point","coordinates":[-75.0863795843332,40.1849124102525]},"properties":{"OBJECTID":237565,"Source":"","DateUpdate":"Tue, 12 Nov 2024 10:04:37 GMT","Effective":"Wed, 01 Jan 2020 00:00:01 GMT","Expire":"Sat, 01 Jan 2050 00:00:01 GMT","Site_NGUID":"SSAP23791449JAMISONST@buckscounty.org","Country":"US","State":"PA","County":"Bucks County","AddCode":"","AddDataURI":"","Inc_Muni":"Warminster Township","Uninc_Comm":"","Nbrhd_Comm":"","AddNum_Pre":"","Add_Number":"49","AddNum_Suf":"","St_PreMod":"","St_PreDir":"","St_PreTyp":"","St_PreSep":"","St_Name":"JAMISON","St_PosTyp":"STREET","St_PosDir":"","St_PosMod":"","Lst_PreDir":"","Lst_Name":"JAMISON","Lst_Type":"ST","LstPosDir":"","ESN":"51","MSAGComm":"WARMINSTER TOWNSHIP","Post_Comm":"WARMINSTER","Post_Code":"18974","Post_Code4":"","Building":"","Floor":" ","Unit":" ","Room":"","Seat":" ","Addtl_Loc":" ","LandmkName":" ","Mile_Post":" ","Place_Type":" ","Placement":" ","Long":-75.08637782,"Lat":40.1849043,"Elev":"0","ParcelID":"49-009-028-013","Full_Addr":"49 JAMISON ST","Comment":" ","Purpose":null,"DiscrpAgID":"buckscounty.org","created_user":null,"created_date":null,"last_edited_user":"DGALLOWAY","gc_exception":"","ADDRGUID":null,"RDNAME":"JAMISON ST"}},{"type":"Feature","id":237566,"geometry":{"type":"Point","coordinates":[-75.0863111887577,40.184944170987]},"properties":{"OBJECTID":237566,"Source":"","DateUpdate":"Tue, 12 Nov 2024 10:04:37 GMT","Effective":"Wed, 01 Jan 2020 00:00:01 GMT","Expire":"Sat, 01 Jan 2050 00:00:01 GMT","Site_NGUID":"SSAP23791551JAMISONST@buckscounty.org","Country":"US","State":"PA","County":"Bucks County","AddCode":"","AddDataURI":"","Inc_Muni":"Warminster Township","Uninc_Comm":"","Nbrhd_Comm":"","AddNum_Pre":"","Add_Number":"51","AddNum_Suf":"","St_PreMod":"","St_PreDir":"","St_PreTyp":"","St_PreSep":"","St_Name":"JAMISON","St_PosTyp":"STREET","St_PosDir":"","St_PosMod":"","Lst_PreDir":"","Lst_Name":"JAMISON","Lst_Type":"ST","LstPosDir":"","ESN":"51","MSAGComm":"WARMINSTER TOWNSHIP","Post_Comm":"WARMINSTER","Post_Code":"18974","Post_Code4":"","Building":"","Floor":" ","Unit":" ","Room":"","Seat":" ","Addtl_Loc":" ","LandmkName":" ","Mile_Post":" ","Place_Type":" ","Placement":" ","Long":-75.08630943,"Lat":40.18493606,"Elev":"0","ParcelID":"49-009-028-013","Full_Addr":"51 JAMISON ST","Comment":" ","Purpose":null,"DiscrpAgID":"buckscounty.org","created_user":null,"created_date":null,"last_edited_user":"DGALLOWAY","gc_exception":"","ADDRGUID":null,"RDNAME":"JAMISON ST"}},{"type":"Feature","id":237567,"geometry":{"type":"Point","coordinates":[-75.0867269302078,40.184756677454]},"properties":{"OBJECTID":237567,"Source":"","DateUpdate":"Tue, 12 Nov 2024 10:04:37 GMT","Effective":"Wed, 01 Jan 2020 00:00:01 GMT","Expire":"Sat, 01 Jan 2050 00:00:01 GMT","Site_NGUID":"SSAP23791643JAMISONST@buckscounty.org","Country":"US","State":"PA","County":"Bucks County","AddCode":"","AddDataURI":"","Inc_Muni":"Warminster Township","Uninc_Comm":"","Nbrhd_Comm":"","AddNum_Pre":"","Add_Number":"43","AddNum_Suf":"","St_PreMod":"","St_PreDir":"","St_PreTyp":"","St_PreSep":"","St_Name":"JAMISON","St_PosTyp":"STREET","St_PosDir":"","St_PosMod":"","Lst_PreDir":"","Lst_Name":"JAMISON","Lst_Type":"ST","LstPosDir":"","ESN":"51","MSAGComm":"WARMINSTER TOWNSHIP","Post_Comm":"WARMINSTER","Post_Code":"18974","Post_Code4":"","Building":"","Floor":" ","Unit":" ","Room":"","Seat":" ","Addtl_Loc":" ","LandmkName":" ","Mile_Post":" ","Place_Type":" ","Placement":" ","Long":-75.08672517,"Lat":40.18474856,"Elev":"0","ParcelID":"49-009-028-005","Full_Addr":"43 JAMISON ST","Comment":" ","Purpose":null,"DiscrpAgID":"buckscounty.org","created_user":null,"created_date":null,"last_edited_user":"DGALLOWAY","gc_exception":"","ADDRGUID":null,"RDNAME":"JAMISON ST"}},{"type":"Feature","id":237568,"geometry":{"type":"Point","coordinates":[-75.0867845963564,40.1847310628321]},"properties":{"OBJECTID":237568,"Source":"","DateUpdate":"Tue, 12 Nov 2024 10:04:37 GMT","Effective":"Wed, 01 Jan 2020 00:00:01 GMT","Expire":"Sat, 01 Jan 2050 00:00:01 GMT","Site_NGUID":"SSAP23791741JAMISONST@buckscounty.org","Country":"US","State":"PA","County":"Bucks County","AddCode":"","AddDataURI":"","Inc_Muni":"Warminster Township","Uninc_Comm":"","Nbrhd_Comm":"","AddNum_Pre":"","Add_Number":"41","AddNum_Suf":"","St_PreMod":"","St_PreDir":"","St_PreTyp":"","St_PreSep":"","St_Name":"JAMISON","St_PosTyp":"STREET","St_PosDir":"","St_PosMod":"","Lst_PreDir":"","Lst_Name":"JAMISON","Lst_Type":"ST","LstPosDir":"","ESN":"51","MSAGComm":"WARMINSTER TOWNSHIP","Post_Comm":"WARMINSTER","Post_Code":"18974","Post_Code4":"","Building":"","Floor":" ","Unit":" ","Room":"","Seat":" ","Addtl_Loc":" ","LandmkName":" ","Mile_Post":" ","Place_Type":" ","Placement":" ","Long":-75.08678284,"Lat":40.18472295,"Elev":"0","ParcelID":"49-009-028-005","Full_Addr":"41 JAMISON ST","Comment":" ","Purpose":null,"DiscrpAgID":"buckscounty.org","created_user":null,"created_date":null,"last_edited_user":"DGALLOWAY","gc_exception":"","ADDRGUID":null,"RDNAME":"JAMISON ST"}},{"type":"Feature","id":237569,"geometry":{"type":"Point","coordinates":[-75.0868503122804,40.1847013509372]},"properties":{"OBJECTID":237569,"Source":"","DateUpdate":"Tue, 12 Nov 2024 10:04:37 GMT","Effective":"Wed, 01 Jan 2020 00:00:01 GMT","Expire":"Sat, 01 Jan 2050 00:00:01 GMT","Site_NGUID":"SSAP23791839JAMISONST@buckscounty.org","Country":"US","State":"PA","County":"Bucks County","AddCode":"","AddDataURI":"","Inc_Muni":"Warminster Township","Uninc_Comm":"","Nbrhd_Comm":"","AddNum_Pre":"","Add_Number":"39","AddNum_Suf":"","St_PreMod":"","St_PreDir":"","St_PreTyp":"","St_PreSep":"","St_Name":"JAMISON","St_PosTyp":"STREET","St_PosDir":"","St_PosMod":"","Lst_PreDir":"","Lst_Name":"JAMISON","Lst_Type":"ST","LstPosDir":"","ESN":"51","MSAGComm":"WARMINSTER TOWNSHIP","Post_Comm":"WARMINSTER","Post_Code":"18974","Post_Code4":"","Building":"","Floor":" ","Unit":" ","Room":"","Seat":" ","Addtl_Loc":" ","LandmkName":" ","Mile_Post":" ","Place_Type":" ","Placement":" ","Long":-75.08684855,"Lat":40.18469324,"Elev":"0","ParcelID":"49-009-028-005","Full_Addr":"39 JAMISON ST","Comment":" ","Purpose":null,"DiscrpAgID":"buckscounty.org","created_user":null,"created_date":null,"last_edited_user":"DGALLOWAY","gc_exception":"","ADDRGUID":null,"RDNAME":"JAMISON ST"}},{"type":"Feature","id":237570,"geometry":{"type":"Point","coordinates":[-75.0869294374373,40.1846675387048]},"properties":{"OBJECTID":237570,"Source":"","DateUpdate":"Tue, 12 Nov 2024 10:04:37 GMT","Effective":"Wed, 01 Jan 2020 00:00:01 GMT","Expire":"Sat, 01 Jan 2050 00:00:01 GMT","Site_NGUID":"SSAP23791937JAMISONST@buckscounty.org","Country":"US","State":"PA","County":"Bucks County","AddCode":"","AddDataURI":"","Inc_Muni":"Warminster Township","Uninc_Comm":"","Nbrhd_Comm":"","AddNum_Pre":"","Add_Number":"37","AddNum_Suf":"","St_PreMod":"","St_PreDir":"","St_PreTyp":"","St_PreSep":"","St_Name":"JAMISON","St_PosTyp":"STREET","St_PosDir":"","St_PosMod":"","Lst_PreDir":"","Lst_Name":"JAMISON","Lst_Type":"ST","LstPosDir":"","ESN":"51","MSAGComm":"WARMINSTER TOWNSHIP","Post_Comm":"WARMINSTER","Post_Code":"18974","Post_Code4":"","Building":"","Floor":" ","Unit":" ","Room":"","Seat":" ","Addtl_Loc":" ","LandmkName":" ","Mile_Post":" ","Place_Type":" ","Placement":" ","Long":-75.08692768,"Lat":40.18465942,"Elev":"0","ParcelID":"49-009-028-005","Full_Addr":"37 JAMISON ST","Comment":" ","Purpose":null,"DiscrpAgID":"buckscounty.org","created_user":null,"created_date":null,"last_edited_user":"DGALLOWAY","gc_exception":"","ADDRGUID":null,"RDNAME":"JAMISON ST"}},{"type":"Feature","id":237571,"geometry":{"type":"Point","coordinates":[-75.0869897865695,40.1846419256866]},"properties":{"OBJECTID":237571,"Source":"","DateUpdate":"Tue, 12 Nov 2024 10:04:37 GMT","Effective":"Wed, 01 Jan 2020 00:00:01 GMT","Expire":"Sat, 01 Jan 2050 00:00:01 GMT","Site_NGUID":"SSAP23792035JAMISONST@buckscounty.org","Country":"US","State":"PA","County":"Bucks County","AddCode":"","AddDataURI":"","Inc_Muni":"Warminster Township","Uninc_Comm":"","Nbrhd_Comm":"","AddNum_Pre":"","Add_Number":"35","AddNum_Suf":"","St_PreMod":"","St_PreDir":"","St_PreTyp":"","St_PreSep":"","St_Name":"JAMISON","St_PosTyp":"STREET","St_PosDir":"","St_PosMod":"","Lst_PreDir":"","Lst_Name":"JAMISON","Lst_Type":"ST","LstPosDir":"","ESN":"51","MSAGComm":"WARMINSTER TOWNSHIP","Post_Comm":"WARMINSTER","Post_Code":"18974","Post_Code4":"","Building":"","Floor":" ","Unit":" ","Room":"","Seat":" ","Addtl_Loc":" ","LandmkName":" ","Mile_Post":" ","Place_Type":" ","Placement":" ","Long":-75.08698803,"Lat":40.18463381,"Elev":"0","ParcelID":"49-009-028-005","Full_Addr":"35 JAMISON ST","Comment":" ","Purpose":null,"DiscrpAgID":"buckscounty.org","created_user":null,"created_date":null,"last_edited_user":"DGALLOWAY","gc_exception":"","ADDRGUID":null,"RDNAME":"JAMISON ST"}},{"type":"Feature","id":237572,"geometry":{"type":"Point","coordinates":[-75.0870662294846,40.1846081152826]},"properties":{"OBJECTID":237572,"Source":"","DateUpdate":"Tue, 12 Nov 2024 10:04:37 GMT","Effective":"Wed, 01 Jan 2020 00:00:01 GMT","Expire":"Sat, 01 Jan 2050 00:00:01 GMT","Site_NGUID":"SSAP23792133JAMISONST@buckscounty.org","Country":"US","State":"PA","County":"Bucks County","AddCode":"","AddDataURI":"","Inc_Muni":"Warminster Township","Uninc_Comm":"","Nbrhd_Comm":"","AddNum_Pre":"","Add_Number":"33","AddNum_Suf":"","St_PreMod":"","St_PreDir":"","St_PreTyp":"","St_PreSep":"","St_Name":"JAMISON","St_PosTyp":"STREET","St_PosDir":"","St_PosMod":"","Lst_PreDir":"","Lst_Name":"JAMISON","Lst_Type":"ST","LstPosDir":"","ESN":"51","MSAGComm":"WARMINSTER TOWNSHIP","Post_Comm":"WARMINSTER","Post_Code":"18974","Post_Code4":"","Building":"","Floor":" ","Unit":" ","Room":"","Seat":" ","Addtl_Loc":" ","LandmkName":" ","Mile_Post":" ","Place_Type":" ","Placement":" ","Long":-75.08706447,"Lat":40.1846,"Elev":"0","ParcelID":"49-009-028-005","Full_Addr":"33 JAMISON ST","Comment":" ","Purpose":null,"DiscrpAgID":"buckscounty.org","created_user":null,"created_date":null,"last_edited_user":"DGALLOWAY","gc_exception":"","ADDRGUID":null,"RDNAME":"JAMISON ST"}},{"type":"Feature","id":237574,"geometry":{"type":"Point","coordinates":[-75.086553927467,40.1844390618669]},"properties":{"OBJECTID":237574,"Source":"","DateUpdate":"Tue, 12 Nov 2024 10:04:37 GMT","Effective":"Wed, 01 Jan 2020 00:00:01 GMT","Expire":"Sat, 01 Jan 2050 00:00:01 GMT","Site_NGUID":"SSAP23792340JAMISONST@buckscounty.org","Country":"US","State":"PA","County":"Bucks County","AddCode":"","AddDataURI":"","Inc_Muni":"Warminster Township","Uninc_Comm":"","Nbrhd_Comm":"","AddNum_Pre":"","Add_Number":"40","AddNum_Suf":"","St_PreMod":"","St_PreDir":"","St_PreTyp":"","St_PreSep":"","St_Name":"JAMISON","St_PosTyp":"STREET","St_PosDir":"","St_PosMod":"","Lst_PreDir":"","Lst_Name":"JAMISON","Lst_Type":"ST","LstPosDir":"","ESN":"51","MSAGComm":"WARMINSTER TOWNSHIP","Post_Comm":"WARMINSTER","Post_Code":"18974","Post_Code4":"","Building":"","Floor":" ","Unit":" ","Room":"","Seat":" ","Addtl_Loc":" ","LandmkName":" ","Mile_Post":" ","Place_Type":" ","Placement":" ","Long":-75.08655217,"Lat":40.18443095,"Elev":"0","ParcelID":"49-009-028-005","Full_Addr":"40 JAMISON ST","Comment":" ","Purpose":null,"DiscrpAgID":"buckscounty.org","created_user":null,"created_date":null,"last_edited_user":"DGALLOWAY","gc_exception":"","ADDRGUID":null,"RDNAME":"JAMISON ST"}},{"type":"Feature","id":237575,"geometry":{"type":"Point","coordinates":[-75.0866183009208,40.1844113986169]},"properties":{"OBJECTID":237575,"Source":"","DateUpdate":"Tue, 12 Nov 2024 10:04:37 GMT","Effective":"Wed, 01 Jan 2020 00:00:01 GMT","Expire":"Sat, 01 Jan 2050 00:00:01 GMT","Site_NGUID":"SSAP23792438JAMISONST@buckscounty.org","Country":"US","State":"PA","County":"Bucks County","AddCode":"","AddDataURI":"","Inc_Muni":"Warminster Township","Uninc_Comm":"","Nbrhd_Comm":"","AddNum_Pre":"","Add_Number":"38","AddNum_Suf":"","St_PreMod":"","St_PreDir":"","St_PreTyp":"","St_PreSep":"","St_Name":"JAMISON","St_PosTyp":"STREET","St_PosDir":"","St_PosMod":"","Lst_PreDir":"","Lst_Name":"JAMISON","Lst_Type":"ST","LstPosDir":"","ESN":"51","MSAGComm":"WARMINSTER TOWNSHIP","Post_Comm":"WARMINSTER","Post_Code":"18974","Post_Code4":"","Building":"","Floor":" ","Unit":" ","Room":"","Seat":" ","Addtl_Loc":" ","LandmkName":" ","Mile_Post":" ","Place_Type":" ","Placement":" ","Long":-75.08661654,"Lat":40.18440328,"Elev":"0","ParcelID":"49-009-028-005","Full_Addr":"38 JAMISON ST","Comment":" ","Purpose":null,"DiscrpAgID":"buckscounty.org","created_user":null,"created_date":null,"last_edited_user":"DGALLOWAY","gc_exception":"","ADDRGUID":null,"RDNAME":"JAMISON ST"}},{"type":"Feature","id":237577,"geometry":{"type":"Point","coordinates":[-75.0866907213316,40.1843775881953]},"properties":{"OBJECTID":237577,"Source":"","DateUpdate":"Tue, 12 Nov 2024 10:04:37 GMT","Effective":"Wed, 01 Jan 2020 00:00:01 GMT","Expire":"Sat, 01 Jan 2050 00:00:01 GMT","Site_NGUID":"SSAP23792636JAMISONST@buckscounty.org","Country":"US","State":"PA","County":"Bucks County","AddCode":"","AddDataURI":"","Inc_Muni":"Warminster Township","Uninc_Comm":"","Nbrhd_Comm":"","AddNum_Pre":"","Add_Number":"36","AddNum_Suf":"","St_PreMod":"","St_PreDir":"","St_PreTyp":"","St_PreSep":"","St_Name":"JAMISON","St_PosTyp":"STREET","St_PosDir":"","St_PosMod":"","Lst_PreDir":"","Lst_Name":"JAMISON","Lst_Type":"ST","LstPosDir":"","ESN":"51","MSAGComm":"WARMINSTER TOWNSHIP","Post_Comm":"WARMINSTER","Post_Code":"18974","Post_Code4":"","Building":"","Floor":" ","Unit":" ","Room":"","Seat":" ","Addtl_Loc":" ","LandmkName":" ","Mile_Post":" ","Place_Type":" ","Placement":" ","Long":-75.08668896,"Lat":40.18436947,"Elev":"0","ParcelID":"49-009-028-005","Full_Addr":"36 JAMISON ST","Comment":" ","Purpose":null,"DiscrpAgID":"buckscounty.org","created_user":null,"created_date":null,"last_edited_user":"DGALLOWAY","gc_exception":"","ADDRGUID":null,"RDNAME":"JAMISON ST"}},{"type":"Feature","id":237578,"geometry":{"type":"Point","coordinates":[-75.0867658233049,40.1843448029717]},"properties":{"OBJECTID":237578,"Source":"","DateUpdate":"Tue, 12 Nov 2024 10:04:37 GMT","Effective":"Wed, 01 Jan 2020 00:00:01 GMT","Expire":"Sat, 01 Jan 2050 00:00:01 GMT","Site_NGUID":"SSAP23792734JAMISONST@buckscounty.org","Country":"US","State":"PA","County":"Bucks County","AddCode":"","AddDataURI":"","Inc_Muni":"Warminster Township","Uninc_Comm":"","Nbrhd_Comm":"","AddNum_Pre":"","Add_Number":"34","AddNum_Suf":"","St_PreMod":"","St_PreDir":"","St_PreTyp":"","St_PreSep":"","St_Name":"JAMISON","St_PosTyp":"STREET","St_PosDir":"","St_PosMod":"","Lst_PreDir":"","Lst_Name":"JAMISON","Lst_Type":"ST","LstPosDir":"","ESN":"51","MSAGComm":"WARMINSTER TOWNSHIP","Post_Comm":"WARMINSTER","Post_Code":"18974","Post_Code4":"","Building":"","Floor":" ","Unit":" ","Room":"","Seat":" ","Addtl_Loc":" ","LandmkName":" ","Mile_Post":" ","Place_Type":" ","Placement":" ","Long":-75.08676406,"Lat":40.18433669,"Elev":"0","ParcelID":"49-009-028-005","Full_Addr":"34 JAMISON ST","Comment":" ","Purpose":null,"DiscrpAgID":"buckscounty.org","created_user":null,"created_date":null,"last_edited_user":"DGALLOWAY","gc_exception":"","ADDRGUID":null,"RDNAME":"JAMISON ST"}},{"type":"Feature","id":237579,"geometry":{"type":"Point","coordinates":[-75.0868342187978,40.1843109921442]},"properties":{"OBJECTID":237579,"Source":"","DateUpdate":"Tue, 12 Nov 2024 10:04:37 GMT","Effective":"Wed, 01 Jan 2020 00:00:01 GMT","Expire":"Sat, 01 Jan 2050 00:00:01 GMT","Site_NGUID":"SSAP23792832JAMISONST@buckscounty.org","Country":"US","State":"PA","County":"Bucks County","AddCode":"","AddDataURI":"","Inc_Muni":"Warminster Township","Uninc_Comm":"","Nbrhd_Comm":"","AddNum_Pre":"","Add_Number":"32","AddNum_Suf":"","St_PreMod":"","St_PreDir":"","St_PreTyp":"","St_PreSep":"","St_Name":"JAMISON","St_PosTyp":"STREET","St_PosDir":"","St_PosMod":"","Lst_PreDir":"","Lst_Name":"JAMISON","Lst_Type":"ST","LstPosDir":"","ESN":"51","MSAGComm":"WARMINSTER TOWNSHIP","Post_Comm":"WARMINSTER","Post_Code":"18974","Post_Code4":"","Building":"","Floor":" ","Unit":" ","Room":"","Seat":" ","Addtl_Loc":" ","LandmkName":" ","Mile_Post":" ","Place_Type":" ","Placement":" ","Long":-75.08683246,"Lat":40.18430288,"Elev":"0","ParcelID":"49-009-028-005","Full_Addr":"32 JAMISON ST","Comment":" ","Purpose":null,"DiscrpAgID":"buckscounty.org","created_user":null,"created_date":null,"last_edited_user":"DGALLOWAY","gc_exception":"","ADDRGUID":null,"RDNAME":"JAMISON ST"}},{"type":"Feature","id":237580,"geometry":{"type":"Point","coordinates":[-75.0872700764562,40.1845077080609]},"properties":{"OBJECTID":237580,"Source":"","DateUpdate":"Tue, 12 Nov 2024 10:04:37 GMT","Effective":"Wed, 01 Jan 2020 00:00:01 GMT","Expire":"Sat, 01 Jan 2050 00:00:01 GMT","Site_NGUID":"SSAP23792931JAMISONST@buckscounty.org","Country":"US","State":"PA","County":"Bucks County","AddCode":"","AddDataURI":"","Inc_Muni":"Warminster Township","Uninc_Comm":"","Nbrhd_Comm":"","AddNum_Pre":"","Add_Number":"31","AddNum_Suf":"","St_PreMod":"","St_PreDir":"","St_PreTyp":"","St_PreSep":"","St_Name":"JAMISON","St_PosTyp":"STREET","St_PosDir":"","St_PosMod":"","Lst_PreDir":"","Lst_Name":"JAMISON","Lst_Type":"ST","LstPosDir":"","ESN":"51","MSAGComm":"WARMINSTER TOWNSHIP","Post_Comm":"WARMINSTER","Post_Code":"18974","Post_Code4":"","Building":"","Floor":" ","Unit":" ","Room":"","Seat":" ","Addtl_Loc":" ","LandmkName":" ","Mile_Post":" ","Place_Type":" ","Placement":" ","Long":-75.08726832,"Lat":40.18449959,"Elev":"0","ParcelID":"49-009-028-008","Full_Addr":"31 JAMISON ST","Comment":" ","Purpose":null,"DiscrpAgID":"buckscounty.org","created_user":null,"created_date":null,"last_edited_user":"DGALLOWAY","gc_exception":"","ADDRGUID":null,"RDNAME":"JAMISON ST"}},{"type":"Feature","id":237581,"geometry":{"type":"Point","coordinates":[-75.0873572493029,40.1844779957714]},"properties":{"OBJECTID":237581,"Source":"","DateUpdate":"Tue, 12 Nov 2024 10:04:37 GMT","Effective":"Wed, 01 Jan 2020 00:00:01 GMT","Expire":"Sat, 01 Jan 2050 00:00:01 GMT","Site_NGUID":"SSAP23793029JAMISONST@buckscounty.org","Country":"US","State":"PA","County":"Bucks County","AddCode":"","AddDataURI":"","Inc_Muni":"Warminster Township","Uninc_Comm":"","Nbrhd_Comm":"","AddNum_Pre":"","Add_Number":"29","AddNum_Suf":"","St_PreMod":"","St_PreDir":"","St_PreTyp":"","St_PreSep":"","St_Name":"JAMISON","St_PosTyp":"STREET","St_PosDir":"","St_PosMod":"","Lst_PreDir":"","Lst_Name":"JAMISON","Lst_Type":"ST","LstPosDir":"","ESN":"51","MSAGComm":"WARMINSTER TOWNSHIP","Post_Comm":"WARMINSTER","Post_Code":"18974","Post_Code4":"","Building":"","Floor":" ","Unit":" ","Room":"","Seat":" ","Addtl_Loc":" ","LandmkName":" ","Mile_Post":" ","Place_Type":" ","Placement":" ","Long":-75.08735549,"Lat":40.18446988,"Elev":"0","ParcelID":"49-009-028-008","Full_Addr":"29 JAMISON ST","Comment":" ","Purpose":null,"DiscrpAgID":"buckscounty.org","created_user":null,"created_date":null,"last_edited_user":"DGALLOWAY","gc_exception":"","ADDRGUID":null,"RDNAME":"JAMISON ST"}},{"type":"Feature","id":237582,"geometry":{"type":"Point","coordinates":[-75.0875302521077,40.1844042271149]},"properties":{"OBJECTID":237582,"Source":"","DateUpdate":"Tue, 12 Nov 2024 10:04:37 GMT","Effective":"Wed, 01 Jan 2020 00:00:01 GMT","Expire":"Sat, 01 Jan 2050 00:00:01 GMT","Site_NGUID":"SSAP23793125JAMISONST@buckscounty.org","Country":"US","State":"PA","County":"Bucks County","AddCode":"","AddDataURI":"","Inc_Muni":"Warminster Township","Uninc_Comm":"","Nbrhd_Comm":"","AddNum_Pre":"","Add_Number":"25","AddNum_Suf":"","St_PreMod":"","St_PreDir":"","St_PreTyp":"","St_PreSep":"","St_Name":"JAMISON","St_PosTyp":"STREET","St_PosDir":"","St_PosMod":"","Lst_PreDir":"","Lst_Name":"JAMISON","Lst_Type":"ST","LstPosDir":"","ESN":"51","MSAGComm":"WARMINSTER TOWNSHIP","Post_Comm":"WARMINSTER","Post_Code":"18974","Post_Code4":"","Building":"","Floor":" ","Unit":" ","Room":"","Seat":" ","Addtl_Loc":" ","LandmkName":" ","Mile_Post":" ","Place_Type":" ","Placement":" ","Long":-75.08752849,"Lat":40.18439611,"Elev":"0","ParcelID":"49-009-028-008","Full_Addr":"25 JAMISON ST","Comment":" ","Purpose":null,"DiscrpAgID":"buckscounty.org","created_user":null,"created_date":null,"last_edited_user":"DGALLOWAY","gc_exception":"","ADDRGUID":null,"RDNAME":"JAMISON ST"}},{"type":"Feature","id":237583,"geometry":{"type":"Point","coordinates":[-75.0870447719561,40.1842177558905]},"properties":{"OBJECTID":237583,"Source":"","DateUpdate":"Tue, 12 Nov 2024 10:04:37 GMT","Effective":"Wed, 01 Jan 2020 00:00:01 GMT","Expire":"Sat, 01 Jan 2050 00:00:01 GMT","Site_NGUID":"SSAP23793230JAMISONST@buckscounty.org","Country":"US","State":"PA","County":"Bucks County","AddCode":"","AddDataURI":"","Inc_Muni":"Warminster Township","Uninc_Comm":"","Nbrhd_Comm":"","AddNum_Pre":"","Add_Number":"30","AddNum_Suf":"","St_PreMod":"","St_PreDir":"","St_PreTyp":"","St_PreSep":"","St_Name":"JAMISON","St_PosTyp":"STREET","St_PosDir":"","St_PosMod":"","Lst_PreDir":"","Lst_Name":"JAMISON","Lst_Type":"ST","LstPosDir":"","ESN":"51","MSAGComm":"WARMINSTER TOWNSHIP","Post_Comm":"WARMINSTER","Post_Code":"18974","Post_Code4":"","Building":"","Floor":" ","Unit":" ","Room":"","Seat":" ","Addtl_Loc":" ","LandmkName":" ","Mile_Post":" ","Place_Type":" ","Placement":" ","Long":-75.08704301,"Lat":40.18420964,"Elev":"0","ParcelID":"49-009-028-008","Full_Addr":"30 JAMISON ST","Comment":" ","Purpose":null,"DiscrpAgID":"buckscounty.org","created_user":null,"created_date":null,"last_edited_user":"DGALLOWAY","gc_exception":"","ADDRGUID":null,"RDNAME":"JAMISON ST"}},{"type":"Feature","id":237584,"geometry":{"type":"Point","coordinates":[-75.0871252395117,40.1841829203907]},"properties":{"OBJECTID":237584,"Source":"","DateUpdate":"Tue, 12 Nov 2024 10:04:37 GMT","Effective":"Wed, 01 Jan 2020 00:00:01 GMT","Expire":"Sat, 01 Jan 2050 00:00:01 GMT","Site_NGUID":"SSAP23793328JAMISONST@buckscounty.org","Country":"US","State":"PA","County":"Bucks County","AddCode":"","AddDataURI":"","Inc_Muni":"Warminster Township","Uninc_Comm":"","Nbrhd_Comm":"","AddNum_Pre":"","Add_Number":"28","AddNum_Suf":"","St_PreMod":"","St_PreDir":"","St_PreTyp":"","St_PreSep":"","St_Name":"JAMISON","St_PosTyp":"STREET","St_PosDir":"","St_PosMod":"","Lst_PreDir":"","Lst_Name":"JAMISON","Lst_Type":"ST","LstPosDir":"","ESN":"51","MSAGComm":"WARMINSTER TOWNSHIP","Post_Comm":"WARMINSTER","Post_Code":"18974","Post_Code4":"","Building":"","Floor":" ","Unit":" ","Room":"","Seat":" ","Addtl_Loc":" ","LandmkName":" ","Mile_Post":" ","Place_Type":" ","Placement":" ","Long":-75.08712348,"Lat":40.18417481,"Elev":"0","ParcelID":"49-009-028-008","Full_Addr":"28 JAMISON ST","Comment":" ","Purpose":null,"DiscrpAgID":"buckscounty.org","created_user":null,"created_date":null,"last_edited_user":"DGALLOWAY","gc_exception":"","ADDRGUID":null,"RDNAME":"JAMISON ST"}},{"type":"Feature","id":237585,"geometry":{"type":"Point","coordinates":[-75.0872258222338,40.1841388641159]},"properties":{"OBJECTID":237585,"Source":"","DateUpdate":"Tue, 12 Nov 2024 10:04:37 GMT","Effective":"Wed, 01 Jan 2020 00:00:01 GMT","Expire":"Sat, 01 Jan 2050 00:00:01 GMT","Site_NGUID":"SSAP23793426JAMISONST@buckscounty.org","Country":"US","State":"PA","County":"Bucks County","AddCode":"","AddDataURI":"","Inc_Muni":"Warminster Township","Uninc_Comm":"","Nbrhd_Comm":"","AddNum_Pre":"","Add_Number":"26","AddNum_Suf":"","St_PreMod":"","St_PreDir":"","St_PreTyp":"","St_PreSep":"","St_Name":"JAMISON","St_PosTyp":"STREET","St_PosDir":"","St_PosMod":"","Lst_PreDir":"","Lst_Name":"JAMISON","Lst_Type":"ST","LstPosDir":"","ESN":"51","MSAGComm":"WARMINSTER TOWNSHIP","Post_Comm":"WARMINSTER","Post_Code":"18974","Post_Code4":"","Building":"","Floor":" ","Unit":" ","Room":"","Seat":" ","Addtl_Loc":" ","LandmkName":" ","Mile_Post":" ","Place_Type":" ","Placement":" ","Long":-75.08722406,"Lat":40.18413075,"Elev":"0","ParcelID":"49-009-028-008","Full_Addr":"26 JAMISON ST","Comment":" ","Purpose":null,"DiscrpAgID":"buckscounty.org","created_user":null,"created_date":null,"last_edited_user":"DGALLOWAY","gc_exception":"","ADDRGUID":null,"RDNAME":"JAMISON ST"}},{"type":"Feature","id":237586,"geometry":{"type":"Point","coordinates":[-75.0873089702963,40.1841009549238]},"properties":{"OBJECTID":237586,"Source":"","DateUpdate":"Tue, 12 Nov 2024 10:04:37 GMT","Effective":"Wed, 01 Jan 2020 00:00:01 GMT","Expire":"Sat, 01 Jan 2050 00:00:01 GMT","Site_NGUID":"SSAP23793524JAMISONST@buckscounty.org","Country":"US","State":"PA","County":"Bucks County","AddCode":"","AddDataURI":"","Inc_Muni":"Warminster Township","Uninc_Comm":"","Nbrhd_Comm":"","AddNum_Pre":"","Add_Number":"24","AddNum_Suf":"","St_PreMod":"","St_PreDir":"","St_PreTyp":"","St_PreSep":"","St_Name":"JAMISON","St_PosTyp":"STREET","St_PosDir":"","St_PosMod":"","Lst_PreDir":"","Lst_Name":"JAMISON","Lst_Type":"ST","LstPosDir":"","ESN":"51","MSAGComm":"WARMINSTER TOWNSHIP","Post_Comm":"WARMINSTER","Post_Code":"18974","Post_Code4":"","Building":"","Floor":" ","Unit":" ","Room":"","Seat":" ","Addtl_Loc":" ","LandmkName":" ","Mile_Post":" ","Place_Type":" ","Placement":" ","Long":-75.08730721,"Lat":40.18409284,"Elev":"0","ParcelID":"49-009-028-008","Full_Addr":"24 JAMISON ST","Comment":" ","Purpose":null,"DiscrpAgID":"buckscounty.org","created_user":null,"created_date":null,"last_edited_user":"DGALLOWAY","gc_exception":"","ADDRGUID":null,"RDNAME":"JAMISON ST"}},{"type":"Feature","id":237587,"geometry":{"type":"Point","coordinates":[-75.0878266363711,40.1837782148865]},"properties":{"OBJECTID":237587,"Source":"","DateUpdate":"Tue, 12 Nov 2024 10:04:37 GMT","Effective":"Wed, 01 Jan 2020 00:00:01 GMT","Expire":"Sat, 01 Jan 2050 00:00:01 GMT","Site_NGUID":"SSAP23793622JAMISONST@buckscounty.org","Country":"US","State":"PA","County":"Bucks County","AddCode":"","AddDataURI":"","Inc_Muni":"Warminster Township","Uninc_Comm":"","Nbrhd_Comm":"","AddNum_Pre":"","Add_Number":"22","AddNum_Suf":"","St_PreMod":"","St_PreDir":"","St_PreTyp":"","St_PreSep":"","St_Name":"JAMISON","St_PosTyp":"STREET","St_PosDir":"","St_PosMod":"","Lst_PreDir":"","Lst_Name":"JAMISON","Lst_Type":"ST","LstPosDir":"","ESN":"51","MSAGComm":"WARMINSTER TOWNSHIP","Post_Comm":"WARMINSTER","Post_Code":"18974","Post_Code4":"","Building":"","Floor":" ","Unit":" ","Room":"","Seat":" ","Addtl_Loc":" ","LandmkName":" ","Mile_Post":" ","Place_Type":" ","Placement":" ","Long":-75.08782488,"Lat":40.1837701,"Elev":"0","ParcelID":"49-009-028-008","Full_Addr":"22 JAMISON ST","Comment":" ","Purpose":null,"DiscrpAgID":"buckscounty.org","created_user":null,"created_date":null,"last_edited_user":"DGALLOWAY","gc_exception":"","ADDRGUID":null,"RDNAME":"JAMISON ST"}},{"type":"Feature","id":237588,"geometry":{"type":"Point","coordinates":[-75.0878682107162,40.1837341574693]},"properties":{"OBJECTID":237588,"Source":"","DateUpdate":"Tue, 12 Nov 2024 10:04:37 GMT","Effective":"Wed, 01 Jan 2020 00:00:01 GMT","Expire":"Sat, 01 Jan 2050 00:00:01 GMT","Site_NGUID":"SSAP23793720JAMISONST@buckscounty.org","Country":"US","State":"PA","County":"Bucks County","AddCode":"","AddDataURI":"","Inc_Muni":"Warminster Township","Uninc_Comm":"","Nbrhd_Comm":"","AddNum_Pre":"","Add_Number":"20","AddNum_Suf":"","St_PreMod":"","St_PreDir":"","St_PreTyp":"","St_PreSep":"","St_Name":"JAMISON","St_PosTyp":"STREET","St_PosDir":"","St_PosMod":"","Lst_PreDir":"","Lst_Name":"JAMISON","Lst_Type":"ST","LstPosDir":"","ESN":"51","MSAGComm":"WARMINSTER TOWNSHIP","Post_Comm":"WARMINSTER","Post_Code":"18974","Post_Code4":"","Building":"","Floor":" ","Unit":" ","Room":"","Seat":" ","Addtl_Loc":" ","LandmkName":" ","Mile_Post":" ","Place_Type":" ","Placement":" ","Long":-75.08786645,"Lat":40.18372604,"Elev":"0","ParcelID":"49-009-028-008","Full_Addr":"20 JAMISON ST","Comment":" ","Purpose":null,"DiscrpAgID":"buckscounty.org","created_user":null,"created_date":null,"last_edited_user":"DGALLOWAY","gc_exception":"","ADDRGUID":null,"RDNAME":"JAMISON ST"}},{"type":"Feature","id":237589,"geometry":{"type":"Point","coordinates":[-75.0879299010489,40.1836706336347]},"properties":{"OBJECTID":237589,"Source":"","DateUpdate":"Tue, 12 Nov 2024 10:04:37 GMT","Effective":"Wed, 01 Jan 2020 00:00:01 GMT","Expire":"Sat, 01 Jan 2050 00:00:01 GMT","Site_NGUID":"SSAP23793818JAMISONST@buckscounty.org","Country":"US","State":"PA","County":"Bucks County","AddCode":"","AddDataURI":"","Inc_Muni":"Warminster Township","Uninc_Comm":"","Nbrhd_Comm":"","AddNum_Pre":"","Add_Number":"18","AddNum_Suf":"","St_PreMod":"","St_PreDir":"","St_PreTyp":"","St_PreSep":"","St_Name":"JAMISON","St_PosTyp":"STREET","St_PosDir":"","St_PosMod":"","Lst_PreDir":"","Lst_Name":"JAMISON","Lst_Type":"ST","LstPosDir":"","ESN":"51","MSAGComm":"WARMINSTER TOWNSHIP","Post_Comm":"WARMINSTER","Post_Code":"18974","Post_Code4":"","Building":"","Floor":" ","Unit":" ","Room":"","Seat":" ","Addtl_Loc":" ","LandmkName":" ","Mile_Post":" ","Place_Type":" ","Placement":" ","Long":-75.08792814,"Lat":40.18366252,"Elev":"0","ParcelID":"49-009-028-008","Full_Addr":"18 JAMISON ST","Comment":" ","Purpose":null,"DiscrpAgID":"buckscounty.org","created_user":null,"created_date":null,"last_edited_user":"DGALLOWAY","gc_exception":"","ADDRGUID":null,"RDNAME":"JAMISON ST"}},{"type":"Feature","id":237590,"geometry":{"type":"Point","coordinates":[-75.087994274256,40.1836040362392]},"properties":{"OBJECTID":237590,"Source":"","DateUpdate":"Tue, 12 Nov 2024 10:04:37 GMT","Effective":"Wed, 01 Jan 2020 00:00:01 GMT","Expire":"Sat, 01 Jan 2050 00:00:01 GMT","Site_NGUID":"SSAP23793916JAMISONST@buckscounty.org","Country":"US","State":"PA","County":"Bucks County","AddCode":"","AddDataURI":"","Inc_Muni":"Warminster Township","Uninc_Comm":"","Nbrhd_Comm":"","AddNum_Pre":"","Add_Number":"16","AddNum_Suf":"","St_PreMod":"","St_PreDir":"","St_PreTyp":"","St_PreSep":"","St_Name":"JAMISON","St_PosTyp":"STREET","St_PosDir":"","St_PosMod":"","Lst_PreDir":"","Lst_Name":"JAMISON","Lst_Type":"ST","LstPosDir":"","ESN":"51","MSAGComm":"WARMINSTER TOWNSHIP","Post_Comm":"WARMINSTER","Post_Code":"18974","Post_Code4":"","Building":"","Floor":" ","Unit":" ","Room":"","Seat":" ","Addtl_Loc":" ","LandmkName":" ","Mile_Post":" ","Place_Type":" ","Placement":" ","Long":-75.08799251,"Lat":40.18359592,"Elev":"0","ParcelID":"49-009-028-008","Full_Addr":"16 JAMISON ST","Comment":" ","Purpose":null,"DiscrpAgID":"buckscounty.org","created_user":null,"created_date":null,"last_edited_user":"DGALLOWAY","gc_exception":"","ADDRGUID":null,"RDNAME":"JAMISON ST"}},{"type":"Feature","id":237591,"geometry":{"type":"Point","coordinates":[-75.0882517669544,40.1839155076441]},"properties":{"OBJECTID":237591,"Source":"","DateUpdate":"Tue, 12 Nov 2024 10:04:37 GMT","Effective":"Wed, 01 Jan 2020 00:00:01 GMT","Expire":"Sat, 01 Jan 2050 00:00:01 GMT","Site_NGUID":"SSAP23794023JAMISONST@buckscounty.org","Country":"US","State":"PA","County":"Bucks County","AddCode":"","AddDataURI":"","Inc_Muni":"Warminster Township","Uninc_Comm":"","Nbrhd_Comm":"","AddNum_Pre":"","Add_Number":"23","AddNum_Suf":"","St_PreMod":"","St_PreDir":"","St_PreTyp":"","St_PreSep":"","St_Name":"JAMISON","St_PosTyp":"STREET","St_PosDir":"","St_PosMod":"","Lst_PreDir":"","Lst_Name":"JAMISON","Lst_Type":"ST","LstPosDir":"","ESN":"51","MSAGComm":"WARMINSTER TOWNSHIP","Post_Comm":"WARMINSTER","Post_Code":"18974","Post_Code4":"","Building":"","Floor":" ","Unit":" ","Room":"","Seat":" ","Addtl_Loc":" ","LandmkName":" ","Mile_Post":" ","Place_Type":" ","Placement":" ","Long":-75.08825001,"Lat":40.18390739,"Elev":"0","ParcelID":"49-009-028-008","Full_Addr":"23 JAMISON ST","Comment":" ","Purpose":null,"DiscrpAgID":"buckscounty.org","created_user":null,"created_date":null,"last_edited_user":"DGALLOWAY","gc_exception":"","ADDRGUID":null,"RDNAME":"JAMISON ST"}},{"type":"Feature","id":237592,"geometry":{"type":"Point","coordinates":[-75.0882960230746,40.1838714508216]},"properties":{"OBJECTID":237592,"Source":"","DateUpdate":"Tue, 12 Nov 2024 10:04:37 GMT","Effective":"Wed, 01 Jan 2020 00:00:01 GMT","Expire":"Sat, 01 Jan 2050 00:00:01 GMT","Site_NGUID":"SSAP23794121JAMISONST@buckscounty.org","Country":"US","State":"PA","County":"Bucks County","AddCode":"","AddDataURI":"","Inc_Muni":"Warminster Township","Uninc_Comm":"","Nbrhd_Comm":"","AddNum_Pre":"","Add_Number":"21","AddNum_Suf":"","St_PreMod":"","St_PreDir":"","St_PreTyp":"","St_PreSep":"","St_Name":"JAMISON","St_PosTyp":"STREET","St_PosDir":"","St_PosMod":"","Lst_PreDir":"","Lst_Name":"JAMISON","Lst_Type":"ST","LstPosDir":"","ESN":"51","MSAGComm":"WARMINSTER TOWNSHIP","Post_Comm":"WARMINSTER","Post_Code":"18974","Post_Code4":"","Building":"","Floor":" ","Unit":" ","Room":"","Seat":" ","Addtl_Loc":" ","LandmkName":" ","Mile_Post":" ","Place_Type":" ","Placement":" ","Long":-75.08829426,"Lat":40.18386334,"Elev":"0","ParcelID":"49-009-028-008","Full_Addr":"21 JAMISON ST","Comment":" ","Purpose":null,"DiscrpAgID":"buckscounty.org","created_user":null,"created_date":null,"last_edited_user":"DGALLOWAY","gc_exception":"","ADDRGUID":null,"RDNAME":"JAMISON ST"}},{"type":"Feature","id":237593,"geometry":{"type":"Point","coordinates":[-75.0883577144616,40.1838110010947]},"properties":{"OBJECTID":237593,"Source":"","DateUpdate":"Tue, 12 Nov 2024 10:04:37 GMT","Effective":"Wed, 01 Jan 2020 00:00:01 GMT","Expire":"Sat, 01 Jan 2050 00:00:01 GMT","Site_NGUID":"SSAP23794219JAMISONST@buckscounty.org","Country":"US","State":"PA","County":"Bucks County","AddCode":"","AddDataURI":"","Inc_Muni":"Warminster Township","Uninc_Comm":"","Nbrhd_Comm":"","AddNum_Pre":"","Add_Number":"19","AddNum_Suf":"","St_PreMod":"","St_PreDir":"","St_PreTyp":"","St_PreSep":"","St_Name":"JAMISON","St_PosTyp":"STREET","St_PosDir":"","St_PosMod":"","Lst_PreDir":"","Lst_Name":"JAMISON","Lst_Type":"ST","LstPosDir":"","ESN":"51","MSAGComm":"WARMINSTER TOWNSHIP","Post_Comm":"WARMINSTER","Post_Code":"18974","Post_Code4":"","Building":"","Floor":" ","Unit":" ","Room":"","Seat":" ","Addtl_Loc":" ","LandmkName":" ","Mile_Post":" ","Place_Type":" ","Placement":" ","Long":-75.08835595,"Lat":40.18380289,"Elev":"0","ParcelID":"49-009-028-008","Full_Addr":"19 JAMISON ST","Comment":" ","Purpose":null,"DiscrpAgID":"buckscounty.org","created_user":null,"created_date":null,"last_edited_user":"DGALLOWAY","gc_exception":"","ADDRGUID":null,"RDNAME":"JAMISON ST"}},{"type":"Feature","id":237594,"geometry":{"type":"Point","coordinates":[-75.0884140404449,40.183747476409]},"properties":{"OBJECTID":237594,"Source":"","DateUpdate":"Tue, 12 Nov 2024 10:04:37 GMT","Effective":"Wed, 01 Jan 2020 00:00:01 GMT","Expire":"Sat, 01 Jan 2050 00:00:01 GMT","Site_NGUID":"SSAP23794317JAMISONST@buckscounty.org","Country":"US","State":"PA","County":"Bucks County","AddCode":"","AddDataURI":"","Inc_Muni":"Warminster Township","Uninc_Comm":"","Nbrhd_Comm":"","AddNum_Pre":"","Add_Number":"0","AddNum_Suf":"","St_PreMod":"","St_PreDir":"","St_PreTyp":"","St_PreSep":"","St_Name":"JAMISON","St_PosTyp":"STREET","St_PosDir":"","St_PosMod":"","Lst_PreDir":"","Lst_Name":"JAMISON","Lst_Type":"ST","LstPosDir":"","ESN":"51","MSAGComm":"WARMINSTER TOWNSHIP","Post_Comm":"WARMINSTER","Post_Code":"18974","Post_Code4":"","Building":"","Floor":" ","Unit":" ","Room":"","Seat":" ","Addtl_Loc":" ","LandmkName":" ","Mile_Post":" ","Place_Type":" ","Placement":" ","Long":-75.08841228,"Lat":40.18373936,"Elev":"0","ParcelID":"49-009-028-008","Full_Addr":"17 JAMISON ST","Comment":" ","Purpose":null,"DiscrpAgID":"buckscounty.org","created_user":null,"created_date":null,"last_edited_user":"DGALLOWAY","gc_exception":"999","ADDRGUID":null,"RDNAME":"JAMISON ST"}},{"type":"Feature","id":237595,"geometry":{"type":"Point","coordinates":[-75.0883268688452,40.1832597763087]},"properties":{"OBJECTID":237595,"Source":"","DateUpdate":"Tue, 12 Nov 2024 10:04:37 GMT","Effective":"Wed, 01 Jan 2020 00:00:01 GMT","Expire":"Sat, 01 Jan 2050 00:00:01 GMT","Site_NGUID":"SSAP2379448JAMISONST@buckscounty.org","Country":"US","State":"PA","County":"Bucks County","AddCode":"","AddDataURI":"","Inc_Muni":"Warminster Township","Uninc_Comm":"","Nbrhd_Comm":"","AddNum_Pre":"","Add_Number":"8","AddNum_Suf":"","St_PreMod":"","St_PreDir":"","St_PreTyp":"","St_PreSep":"","St_Name":"JAMISON","St_PosTyp":"STREET","St_PosDir":"","St_PosMod":"","Lst_PreDir":"","Lst_Name":"JAMISON","Lst_Type":"ST","LstPosDir":"","ESN":"51","MSAGComm":"WARMINSTER TOWNSHIP","Post_Comm":"WARMINSTER","Post_Code":"18974","Post_Code4":"","Building":"","Floor":" ","Unit":" ","Room":"","Seat":" ","Addtl_Loc":" ","LandmkName":" ","Mile_Post":" ","Place_Type":" ","Placement":" ","Long":-75.08832511,"Lat":40.18325166,"Elev":"0","ParcelID":"49-009-028-008","Full_Addr":"8 JAMISON ST","Comment":" ","Purpose":null,"DiscrpAgID":"buckscounty.org","created_user":null,"created_date":null,"last_edited_user":"DGALLOWAY","gc_exception":"","ADDRGUID":null,"RDNAME":"JAMISON ST"}},{"type":"Feature","id":237596,"geometry":{"type":"Point","coordinates":[-75.0882705421522,40.183319203058]},"properties":{"OBJECTID":237596,"Source":"","DateUpdate":"Tue, 12 Nov 2024 10:04:37 GMT","Effective":"Wed, 01 Jan 2020 00:00:01 GMT","Expire":"Sat, 01 Jan 2050 00:00:01 GMT","Site_NGUID":"SSAP23794510JAMISONST@buckscounty.org","Country":"US","State":"PA","County":"Bucks County","AddCode":"","AddDataURI":"","Inc_Muni":"Warminster Township","Uninc_Comm":"","Nbrhd_Comm":"","AddNum_Pre":"","Add_Number":"10","AddNum_Suf":"","St_PreMod":"","St_PreDir":"","St_PreTyp":"","St_PreSep":"","St_Name":"JAMISON","St_PosTyp":"STREET","St_PosDir":"","St_PosMod":"","Lst_PreDir":"","Lst_Name":"JAMISON","Lst_Type":"ST","LstPosDir":"","ESN":"51","MSAGComm":"WARMINSTER TOWNSHIP","Post_Comm":"WARMINSTER","Post_Code":"18974","Post_Code4":"","Building":"","Floor":" ","Unit":" ","Room":"","Seat":" ","Addtl_Loc":" ","LandmkName":" ","Mile_Post":" ","Place_Type":" ","Placement":" ","Long":-75.08826878,"Lat":40.18331109,"Elev":"0","ParcelID":"49-009-028-008","Full_Addr":"10 JAMISON ST","Comment":" ","Purpose":null,"DiscrpAgID":"buckscounty.org","created_user":null,"created_date":null,"last_edited_user":"DGALLOWAY","gc_exception":"","ADDRGUID":null,"RDNAME":"JAMISON ST"}},{"type":"Feature","id":237597,"geometry":{"type":"Point","coordinates":[-75.0882088522798,40.1833868258469]},"properties":{"OBJECTID":237597,"Source":"","DateUpdate":"Tue, 12 Nov 2024 10:04:37 GMT","Effective":"Wed, 01 Jan 2020 00:00:01 GMT","Expire":"Sat, 01 Jan 2050 00:00:01 GMT","Site_NGUID":"SSAP23794612JAMISONST@buckscounty.org","Country":"US","State":"PA","County":"Bucks County","AddCode":"","AddDataURI":"","Inc_Muni":"Warminster Township","Uninc_Comm":"","Nbrhd_Comm":"","AddNum_Pre":"","Add_Number":"12","AddNum_Suf":"","St_PreMod":"","St_PreDir":"","St_PreTyp":"","St_PreSep":"","St_Name":"JAMISON","St_PosTyp":"STREET","St_PosDir":"","St_PosMod":"","Lst_PreDir":"","Lst_Name":"JAMISON","Lst_Type":"ST","LstPosDir":"","ESN":"51","MSAGComm":"WARMINSTER TOWNSHIP","Post_Comm":"WARMINSTER","Post_Code":"18974","Post_Code4":"","Building":"","Floor":" ","Unit":" ","Room":"","Seat":" ","Addtl_Loc":" ","LandmkName":" ","Mile_Post":" ","Place_Type":" ","Placement":" ","Long":-75.08820709,"Lat":40.18337871,"Elev":"0","ParcelID":"49-009-028-008","Full_Addr":"12 JAMISON ST","Comment":" ","Purpose":null,"DiscrpAgID":"buckscounty.org","created_user":null,"created_date":null,"last_edited_user":"DGALLOWAY","gc_exception":"","ADDRGUID":null,"RDNAME":"JAMISON ST"}},{"type":"Feature","id":237598,"geometry":{"type":"Point","coordinates":[-75.0881552075815,40.1834421527184]},"properties":{"OBJECTID":237598,"Source":"","DateUpdate":"Tue, 12 Nov 2024 10:04:37 GMT","Effective":"Wed, 01 Jan 2020 00:00:01 GMT","Expire":"Sat, 01 Jan 2050 00:00:01 GMT","Site_NGUID":"SSAP23794714JAMISONST@buckscounty.org","Country":"US","State":"PA","County":"Bucks County","AddCode":"","AddDataURI":"","Inc_Muni":"Warminster Township","Uninc_Comm":"","Nbrhd_Comm":"","AddNum_Pre":"","Add_Number":"14","AddNum_Suf":"","St_PreMod":"","St_PreDir":"","St_PreTyp":"","St_PreSep":"","St_Name":"JAMISON","St_PosTyp":"STREET","St_PosDir":"","St_PosMod":"","Lst_PreDir":"","Lst_Name":"JAMISON","Lst_Type":"ST","LstPosDir":"","ESN":"51","MSAGComm":"WARMINSTER TOWNSHIP","Post_Comm":"WARMINSTER","Post_Code":"18974","Post_Code4":"","Building":"","Floor":" ","Unit":" ","Room":"","Seat":" ","Addtl_Loc":" ","LandmkName":" ","Mile_Post":" ","Place_Type":" ","Placement":" ","Long":-75.08815345,"Lat":40.18343404,"Elev":"0","ParcelID":"49-009-028-008","Full_Addr":"14 JAMISON ST","Comment":" ","Purpose":null,"DiscrpAgID":"buckscounty.org","created_user":null,"created_date":null,"last_edited_user":"DGALLOWAY","gc_exception":"","ADDRGUID":null,"RDNAME":"JAMISON ST"}},{"type":"Feature","id":237599,"geometry":{"type":"Point","coordinates":[-75.0885602202543,40.1835896914568]},"properties":{"OBJECTID":237599,"Source":"","DateUpdate":"Tue, 12 Nov 2024 10:04:37 GMT","Effective":"Wed, 01 Jan 2020 00:00:01 GMT","Expire":"Sat, 01 Jan 2050 00:00:01 GMT","Site_NGUID":"SSAP23794815JAMISONST@buckscounty.org","Country":"US","State":"PA","County":"Bucks County","AddCode":"","AddDataURI":"","Inc_Muni":"Warminster Township","Uninc_Comm":"","Nbrhd_Comm":"","AddNum_Pre":"","Add_Number":"15","AddNum_Suf":"","St_PreMod":"","St_PreDir":"","St_PreTyp":"","St_PreSep":"","St_Name":"JAMISON","St_PosTyp":"STREET","St_PosDir":"","St_PosMod":"","Lst_PreDir":"","Lst_Name":"JAMISON","Lst_Type":"ST","LstPosDir":"","ESN":"51","MSAGComm":"WARMINSTER TOWNSHIP","Post_Comm":"WARMINSTER","Post_Code":"18974","Post_Code4":"","Building":"","Floor":" ","Unit":" ","Room":"","Seat":" ","Addtl_Loc":" ","LandmkName":" ","Mile_Post":" ","Place_Type":" ","Placement":" ","Long":-75.08855846,"Lat":40.18358158,"Elev":"0","ParcelID":"49-009-028-008","Full_Addr":"15 JAMISON ST","Comment":" ","Purpose":null,"DiscrpAgID":"buckscounty.org","created_user":null,"created_date":null,"last_edited_user":"DGALLOWAY","gc_exception":"","ADDRGUID":null,"RDNAME":"JAMISON ST"}},{"type":"Feature","id":237600,"geometry":{"type":"Point","coordinates":[-75.0886058186151,40.183538463647]},"properties":{"OBJECTID":237600,"Source":"","DateUpdate":"Tue, 12 Nov 2024 10:04:37 GMT","Effective":"Wed, 01 Jan 2020 00:00:01 GMT","Expire":"Sat, 01 Jan 2050 00:00:01 GMT","Site_NGUID":"SSAP23794913JAMISONST@buckscounty.org","Country":"US","State":"PA","County":"Bucks County","AddCode":"","AddDataURI":"","Inc_Muni":"Warminster Township","Uninc_Comm":"","Nbrhd_Comm":"","AddNum_Pre":"","Add_Number":"13","AddNum_Suf":"","St_PreMod":"","St_PreDir":"","St_PreTyp":"","St_PreSep":"","St_Name":"JAMISON","St_PosTyp":"STREET","St_PosDir":"","St_PosMod":"","Lst_PreDir":"","Lst_Name":"JAMISON","Lst_Type":"ST","LstPosDir":"","ESN":"51","MSAGComm":"WARMINSTER TOWNSHIP","Post_Comm":"WARMINSTER","Post_Code":"18974","Post_Code4":"","Building":"","Floor":" ","Unit":" ","Room":"","Seat":" ","Addtl_Loc":" ","LandmkName":" ","Mile_Post":" ","Place_Type":" ","Placement":" ","Long":-75.08860406,"Lat":40.18353035,"Elev":"0","ParcelID":"49-009-028-008","Full_Addr":"13 JAMISON ST","Comment":" ","Purpose":null,"DiscrpAgID":"buckscounty.org","created_user":null,"created_date":null,"last_edited_user":"DGALLOWAY","gc_exception":"","ADDRGUID":null,"RDNAME":"JAMISON ST"}},{"type":"Feature","id":237601,"geometry":{"type":"Point","coordinates":[-75.0886648263513,40.1834851851648]},"properties":{"OBJECTID":237601,"Source":"","DateUpdate":"Tue, 12 Nov 2024 10:04:37 GMT","Effective":"Wed, 01 Jan 2020 00:00:01 GMT","Expire":"Sat, 01 Jan 2050 00:00:01 GMT","Site_NGUID":"SSAP23795011JAMISONST@buckscounty.org","Country":"US","State":"PA","County":"Bucks County","AddCode":"","AddDataURI":"","Inc_Muni":"Warminster Township","Uninc_Comm":"","Nbrhd_Comm":"","AddNum_Pre":"","Add_Number":"11","AddNum_Suf":"","St_PreMod":"","St_PreDir":"","St_PreTyp":"","St_PreSep":"","St_Name":"JAMISON","St_PosTyp":"STREET","St_PosDir":"","St_PosMod":"","Lst_PreDir":"","Lst_Name":"JAMISON","Lst_Type":"ST","LstPosDir":"","ESN":"51","MSAGComm":"WARMINSTER TOWNSHIP","Post_Comm":"WARMINSTER","Post_Code":"18974","Post_Code4":"","Building":"","Floor":" ","Unit":" ","Room":"","Seat":" ","Addtl_Loc":" ","LandmkName":" ","Mile_Post":" ","Place_Type":" ","Placement":" ","Long":-75.08866307,"Lat":40.18347707,"Elev":"0","ParcelID":"49-009-028-008","Full_Addr":"11 JAMISON ST","Comment":" ","Purpose":null,"DiscrpAgID":"buckscounty.org","created_user":null,"created_date":null,"last_edited_user":"DGALLOWAY","gc_exception":"","ADDRGUID":null,"RDNAME":"JAMISON ST"}},{"type":"Feature","id":237602,"geometry":{"type":"Point","coordinates":[-75.0887184710775,40.183417562647]},"properties":{"OBJECTID":237602,"Source":"","DateUpdate":"Tue, 12 Nov 2024 10:04:37 GMT","Effective":"Wed, 01 Jan 2020 00:00:01 GMT","Expire":"Sat, 01 Jan 2050 00:00:01 GMT","Site_NGUID":"SSAP2379519JAMISONST@buckscounty.org","Country":"US","State":"PA","County":"Bucks County","AddCode":"","AddDataURI":"","Inc_Muni":"Warminster Township","Uninc_Comm":"","Nbrhd_Comm":"","AddNum_Pre":"","Add_Number":"9","AddNum_Suf":"","St_PreMod":"","St_PreDir":"","St_PreTyp":"","St_PreSep":"","St_Name":"JAMISON","St_PosTyp":"STREET","St_PosDir":"","St_PosMod":"","Lst_PreDir":"","Lst_Name":"JAMISON","Lst_Type":"ST","LstPosDir":"","ESN":"51","MSAGComm":"WARMINSTER TOWNSHIP","Post_Comm":"WARMINSTER","Post_Code":"18974","Post_Code4":"","Building":"","Floor":" ","Unit":" ","Room":"","Seat":" ","Addtl_Loc":" ","LandmkName":" ","Mile_Post":" ","Place_Type":" ","Placement":" ","Long":-75.08871671,"Lat":40.18340945,"Elev":"0","ParcelID":"49-009-028-008","Full_Addr":"9 JAMISON ST","Comment":" ","Purpose":null,"DiscrpAgID":"buckscounty.org","created_user":null,"created_date":null,"last_edited_user":"DGALLOWAY","gc_exception":"","ADDRGUID":null,"RDNAME":"JAMISON ST"}},{"type":"Feature","id":237603,"geometry":{"type":"Point","coordinates":[-75.0888686756768,40.1832700222602]},"properties":{"OBJECTID":237603,"Source":"","DateUpdate":"Tue, 12 Nov 2024 10:04:37 GMT","Effective":"Wed, 01 Jan 2020 00:00:01 GMT","Expire":"Sat, 01 Jan 2050 00:00:01 GMT","Site_NGUID":"SSAP2379527JAMISONST@buckscounty.org","Country":"US","State":"PA","County":"Bucks County","AddCode":"","AddDataURI":"","Inc_Muni":"Warminster Township","Uninc_Comm":"","Nbrhd_Comm":"","AddNum_Pre":"","Add_Number":"7","AddNum_Suf":"","St_PreMod":"","St_PreDir":"","St_PreTyp":"","St_PreSep":"","St_Name":"JAMISON","St_PosTyp":"STREET","St_PosDir":"","St_PosMod":"","Lst_PreDir":"","Lst_Name":"JAMISON","Lst_Type":"ST","LstPosDir":"","ESN":"51","MSAGComm":"WARMINSTER TOWNSHIP","Post_Comm":"WARMINSTER","Post_Code":"18974","Post_Code4":"","Building":"","Floor":" ","Unit":" ","Room":"","Seat":" ","Addtl_Loc":" ","LandmkName":" ","Mile_Post":" ","Place_Type":" ","Placement":" ","Long":-75.08886691,"Lat":40.18326191,"Elev":"0","ParcelID":"49-009-028-008","Full_Addr":"7 JAMISON ST","Comment":" ","Purpose":null,"DiscrpAgID":"buckscounty.org","created_user":null,"created_date":null,"last_edited_user":"DGALLOWAY","gc_exception":"","ADDRGUID":null,"RDNAME":"JAMISON ST"}},{"type":"Feature","id":237604,"geometry":{"type":"Point","coordinates":[-75.0889196362683,40.1832228918349]},"properties":{"OBJECTID":237604,"Source":"","DateUpdate":"Tue, 12 Nov 2024 10:04:37 GMT","Effective":"Wed, 01 Jan 2020 00:00:01 GMT","Expire":"Sat, 01 Jan 2050 00:00:01 GMT","Site_NGUID":"SSAP2379535JAMISONST@buckscounty.org","Country":"US","State":"PA","County":"Bucks County","AddCode":"","AddDataURI":"","Inc_Muni":"Warminster Township","Uninc_Comm":"","Nbrhd_Comm":"","AddNum_Pre":"","Add_Number":"5","AddNum_Suf":"","St_PreMod":"","St_PreDir":"","St_PreTyp":"","St_PreSep":"","St_Name":"JAMISON","St_PosTyp":"STREET","St_PosDir":"","St_PosMod":"","Lst_PreDir":"","Lst_Name":"JAMISON","Lst_Type":"ST","LstPosDir":"","ESN":"51","MSAGComm":"WARMINSTER TOWNSHIP","Post_Comm":"WARMINSTER","Post_Code":"18974","Post_Code4":"","Building":"","Floor":" ","Unit":" ","Room":"","Seat":" ","Addtl_Loc":" ","LandmkName":" ","Mile_Post":" ","Place_Type":" ","Placement":" ","Long":-75.08891787,"Lat":40.18321478,"Elev":"0","ParcelID":"49-009-028-008","Full_Addr":"5 JAMISON ST","Comment":" ","Purpose":null,"DiscrpAgID":"buckscounty.org","created_user":null,"created_date":null,"last_edited_user":"DGALLOWAY","gc_exception":"","ADDRGUID":null,"RDNAME":"JAMISON ST"}},{"type":"Feature","id":237605,"geometry":{"type":"Point","coordinates":[-75.0889786453893,40.1831634664266]},"properties":{"OBJECTID":237605,"Source":"","DateUpdate":"Tue, 12 Nov 2024 10:04:37 GMT","Effective":"Wed, 01 Jan 2020 00:00:01 GMT","Expire":"Sat, 01 Jan 2050 00:00:01 GMT","Site_NGUID":"SSAP2379543JAMISONST@buckscounty.org","Country":"US","State":"PA","County":"Bucks County","AddCode":"","AddDataURI":"","Inc_Muni":"Warminster Township","Uninc_Comm":"","Nbrhd_Comm":"","AddNum_Pre":"","Add_Number":"3","AddNum_Suf":"","St_PreMod":"","St_PreDir":"","St_PreTyp":"","St_PreSep":"","St_Name":"JAMISON","St_PosTyp":"STREET","St_PosDir":"","St_PosMod":"","Lst_PreDir":"","Lst_Name":"JAMISON","Lst_Type":"ST","LstPosDir":"","ESN":"51","MSAGComm":"WARMINSTER TOWNSHIP","Post_Comm":"WARMINSTER","Post_Code":"18974","Post_Code4":"","Building":"","Floor":" ","Unit":" ","Room":"","Seat":" ","Addtl_Loc":" ","LandmkName":" ","Mile_Post":" ","Place_Type":" ","Placement":" ","Long":-75.08897688,"Lat":40.18315535,"Elev":"0","ParcelID":"49-009-028-008","Full_Addr":"3 JAMISON ST","Comment":" ","Purpose":null,"DiscrpAgID":"buckscounty.org","created_user":null,"created_date":null,"last_edited_user":"DGALLOWAY","gc_exception":"","ADDRGUID":null,"RDNAME":"JAMISON ST"}},{"type":"Feature","id":237606,"geometry":{"type":"Point","coordinates":[-75.0890403354989,40.1830958423507]},"properties":{"OBJECTID":237606,"Source":"","DateUpdate":"Tue, 12 Nov 2024 10:04:37 GMT","Effective":"Wed, 01 Jan 2020 00:00:01 GMT","Expire":"Sat, 01 Jan 2050 00:00:01 GMT","Site_NGUID":"SSAP2379551JAMISONST@buckscounty.org","Country":"US","State":"PA","County":"Bucks County","AddCode":"","AddDataURI":"","Inc_Muni":"Warminster Township","Uninc_Comm":"","Nbrhd_Comm":"","AddNum_Pre":"","Add_Number":"1","AddNum_Suf":"","St_PreMod":"","St_PreDir":"","St_PreTyp":"","St_PreSep":"","St_Name":"JAMISON","St_PosTyp":"STREET","St_PosDir":"","St_PosMod":"","Lst_PreDir":"","Lst_Name":"JAMISON","Lst_Type":"ST","LstPosDir":"","ESN":"51","MSAGComm":"WARMINSTER TOWNSHIP","Post_Comm":"WARMINSTER","Post_Code":"18974","Post_Code4":"","Building":"","Floor":" ","Unit":" ","Room":"","Seat":" ","Addtl_Loc":" ","LandmkName":" ","Mile_Post":" ","Place_Type":" ","Placement":" ","Long":-75.08903857,"Lat":40.18308773,"Elev":"0","ParcelID":"49-009-028-008","Full_Addr":"1 JAMISON ST","Comment":" ","Purpose":null,"DiscrpAgID":"buckscounty.org","created_user":null,"created_date":null,"last_edited_user":"DGALLOWAY","gc_exception":"","ADDRGUID":null,"RDNAME":"JAMISON ST"}},{"type":"Feature","id":237611,"geometry":{"type":"Point","coordinates":[-75.0837717249198,40.1877688855618]},"properties":{"OBJECTID":237611,"Source":"","DateUpdate":"Tue, 12 Nov 2024 10:04:37 GMT","Effective":"Wed, 01 Jan 2020 00:00:01 GMT","Expire":"Sat, 01 Jan 2050 00:00:01 GMT","Site_NGUID":"SSAP23796010YEATESST@buckscounty.org","Country":"US","State":"PA","County":"Bucks County","AddCode":"","AddDataURI":"","Inc_Muni":"Warminster Township","Uninc_Comm":"","Nbrhd_Comm":"","AddNum_Pre":"","Add_Number":"10","AddNum_Suf":"","St_PreMod":"","St_PreDir":"","St_PreTyp":"","St_PreSep":"","St_Name":"YEATES","St_PosTyp":"STREET","St_PosDir":"","St_PosMod":"","Lst_PreDir":"","Lst_Name":"YEATES","Lst_Type":"ST","LstPosDir":"","ESN":"51","MSAGComm":"WARMINSTER TOWNSHIP","Post_Comm":"HATBORO","Post_Code":"19040","Post_Code4":"","Building":"","Floor":" ","Unit":" ","Room":"","Seat":" ","Addtl_Loc":" ","LandmkName":" ","Mile_Post":" ","Place_Type":" ","Placement":" ","Long":-75.08376996,"Lat":40.18776077,"Elev":"0","ParcelID":"49-009-028-013","Full_Addr":"10 YEATES ST","Comment":" ","Purpose":null,"DiscrpAgID":"buckscounty.org","created_user":null,"created_date":null,"last_edited_user":"DGALLOWAY","gc_exception":"","ADDRGUID":null,"RDNAME":"YEATES ST"}},{"type":"Feature","id":237612,"geometry":{"type":"Point","coordinates":[-75.0837073510993,40.1877320039311]},"properties":{"OBJECTID":237612,"Source":"","DateUpdate":"Tue, 12 Nov 2024 10:04:37 GMT","Effective":"Wed, 01 Jan 2020 00:00:01 GMT","Expire":"Sat, 01 Jan 2050 00:00:01 GMT","Site_NGUID":"SSAP23796112YEATESST@buckscounty.org","Country":"US","State":"PA","County":"Bucks County","AddCode":"","AddDataURI":"","Inc_Muni":"Warminster Township","Uninc_Comm":"","Nbrhd_Comm":"","AddNum_Pre":"","Add_Number":"12","AddNum_Suf":"","St_PreMod":"","St_PreDir":"","St_PreTyp":"","St_PreSep":"","St_Name":"YEATES","St_PosTyp":"STREET","St_PosDir":"","St_PosMod":"","Lst_PreDir":"","Lst_Name":"YEATES","Lst_Type":"ST","LstPosDir":"","ESN":"51","MSAGComm":"WARMINSTER TOWNSHIP","Post_Comm":"HATBORO","Post_Code":"19040","Post_Code4":"","Building":"","Floor":" ","Unit":" ","Room":"","Seat":" ","Addtl_Loc":" ","LandmkName":" ","Mile_Post":" ","Place_Type":" ","Placement":" ","Long":-75.08370559,"Lat":40.18772389,"Elev":"0","ParcelID":"49-009-028-013","Full_Addr":"12 YEATES ST","Comment":" ","Purpose":null,"DiscrpAgID":"buckscounty.org","created_user":null,"created_date":null,"last_edited_user":"DGALLOWAY","gc_exception":"","ADDRGUID":null,"RDNAME":"YEATES ST"}},{"type":"Feature","id":237613,"geometry":{"type":"Point","coordinates":[-75.0836268853374,40.1876869249926]},"properties":{"OBJECTID":237613,"Source":"","DateUpdate":"Tue, 12 Nov 2024 10:04:37 GMT","Effective":"Wed, 01 Jan 2020 00:00:01 GMT","Expire":"Sat, 01 Jan 2050 00:00:01 GMT","Site_NGUID":"SSAP23796215YEATESST@buckscounty.org","Country":"US","State":"PA","County":"Bucks County","AddCode":"","AddDataURI":"","Inc_Muni":"Warminster Township","Uninc_Comm":"","Nbrhd_Comm":"","AddNum_Pre":"","Add_Number":"15","AddNum_Suf":"","St_PreMod":"","St_PreDir":"","St_PreTyp":"","St_PreSep":"","St_Name":"YEATES","St_PosTyp":"STREET","St_PosDir":"","St_PosMod":"","Lst_PreDir":"","Lst_Name":"YEATES","Lst_Type":"ST","LstPosDir":"","ESN":"51","MSAGComm":"WARMINSTER TOWNSHIP","Post_Comm":"HATBORO","Post_Code":"19040","Post_Code4":"","Building":"","Floor":" ","Unit":" ","Room":"","Seat":" ","Addtl_Loc":" ","LandmkName":" ","Mile_Post":" ","Place_Type":" ","Placement":" ","Long":-75.08362513,"Lat":40.18767881,"Elev":"0","ParcelID":"49-009-028-013","Full_Addr":"15 YEATES ST","Comment":" ","Purpose":null,"DiscrpAgID":"buckscounty.org","created_user":null,"created_date":null,"last_edited_user":"DGALLOWAY","gc_exception":"","ADDRGUID":null,"RDNAME":"YEATES ST"}},{"type":"Feature","id":237614,"geometry":{"type":"Point","coordinates":[-75.0835571481881,40.18765413946]},"properties":{"OBJECTID":237614,"Source":"","DateUpdate":"Tue, 12 Nov 2024 10:04:37 GMT","Effective":"Wed, 01 Jan 2020 00:00:01 GMT","Expire":"Sat, 01 Jan 2050 00:00:01 GMT","Site_NGUID":"SSAP23796316YEATESST@buckscounty.org","Country":"US","State":"PA","County":"Bucks County","AddCode":"","AddDataURI":"","Inc_Muni":"Warminster Township","Uninc_Comm":"","Nbrhd_Comm":"","AddNum_Pre":"","Add_Number":"16","AddNum_Suf":"","St_PreMod":"","St_PreDir":"","St_PreTyp":"","St_PreSep":"","St_Name":"YEATES","St_PosTyp":"STREET","St_PosDir":"","St_PosMod":"","Lst_PreDir":"","Lst_Name":"YEATES","Lst_Type":"ST","LstPosDir":"","ESN":"51","MSAGComm":"WARMINSTER TOWNSHIP","Post_Comm":"HATBORO","Post_Code":"19040","Post_Code4":"","Building":"","Floor":" ","Unit":" ","Room":"","Seat":" ","Addtl_Loc":" ","LandmkName":" ","Mile_Post":" ","Place_Type":" ","Placement":" ","Long":-75.08355539,"Lat":40.18764602,"Elev":"0","ParcelID":"49-009-028-013","Full_Addr":"16 YEATES ST","Comment":" ","Purpose":null,"DiscrpAgID":"buckscounty.org","created_user":null,"created_date":null,"last_edited_user":"DGALLOWAY","gc_exception":"","ADDRGUID":null,"RDNAME":"YEATES ST"}},{"type":"Feature","id":237615,"geometry":{"type":"Point","coordinates":[-75.0832755153592,40.1874820216998]},"properties":{"OBJECTID":237615,"Source":"","DateUpdate":"Tue, 12 Nov 2024 10:04:37 GMT","Effective":"Wed, 01 Jan 2020 00:00:01 GMT","Expire":"Sat, 01 Jan 2050 00:00:01 GMT","Site_NGUID":"SSAP23796420YEATESST@buckscounty.org","Country":"US","State":"PA","County":"Bucks County","AddCode":"","AddDataURI":"","Inc_Muni":"Warminster Township","Uninc_Comm":"","Nbrhd_Comm":"","AddNum_Pre":"","Add_Number":"20","AddNum_Suf":"","St_PreMod":"","St_PreDir":"","St_PreTyp":"","St_PreSep":"","St_Name":"YEATES","St_PosTyp":"STREET","St_PosDir":"","St_PosMod":"","Lst_PreDir":"","Lst_Name":"YEATES","Lst_Type":"ST","LstPosDir":"","ESN":"51","MSAGComm":"WARMINSTER TOWNSHIP","Post_Comm":"HATBORO","Post_Code":"19040","Post_Code4":"","Building":"","Floor":" ","Unit":" ","Room":"","Seat":" ","Addtl_Loc":" ","LandmkName":" ","Mile_Post":" ","Place_Type":" ","Placement":" ","Long":-75.08327376,"Lat":40.18747391,"Elev":"0","ParcelID":"49-009-028-013","Full_Addr":"20 YEATES ST","Comment":" ","Purpose":null,"DiscrpAgID":"buckscounty.org","created_user":null,"created_date":null,"last_edited_user":"DGALLOWAY","gc_exception":"","ADDRGUID":null,"RDNAME":"YEATES ST"}},{"type":"Feature","id":237616,"geometry":{"type":"Point","coordinates":[-75.0833506180315,40.1875230013186]},"properties":{"OBJECTID":237616,"Source":"","DateUpdate":"Tue, 12 Nov 2024 10:04:37 GMT","Effective":"Wed, 01 Jan 2020 00:00:01 GMT","Expire":"Sat, 01 Jan 2050 00:00:01 GMT","Site_NGUID":"SSAP23796518YEATESST@buckscounty.org","Country":"US","State":"PA","County":"Bucks County","AddCode":"","AddDataURI":"","Inc_Muni":"Warminster Township","Uninc_Comm":"","Nbrhd_Comm":"","AddNum_Pre":"","Add_Number":"18","AddNum_Suf":"","St_PreMod":"","St_PreDir":"","St_PreTyp":"","St_PreSep":"","St_Name":"YEATES","St_PosTyp":"STREET","St_PosDir":"","St_PosMod":"","Lst_PreDir":"","Lst_Name":"YEATES","Lst_Type":"ST","LstPosDir":"","ESN":"51","MSAGComm":"WARMINSTER TOWNSHIP","Post_Comm":"HATBORO","Post_Code":"19040","Post_Code4":"","Building":"","Floor":" ","Unit":" ","Room":"","Seat":" ","Addtl_Loc":" ","LandmkName":" ","Mile_Post":" ","Place_Type":" ","Placement":" ","Long":-75.08334886,"Lat":40.18751489,"Elev":"0","ParcelID":"49-009-028-013","Full_Addr":"18 YEATES ST","Comment":" ","Purpose":null,"DiscrpAgID":"buckscounty.org","created_user":null,"created_date":null,"last_edited_user":"DGALLOWAY","gc_exception":"","ADDRGUID":null,"RDNAME":"YEATES ST"}},{"type":"Feature","id":237617,"geometry":{"type":"Point","coordinates":[-75.084807058075,40.187611109327]},"properties":{"OBJECTID":237617,"Source":"","DateUpdate":"Tue, 12 Nov 2024 10:04:37 GMT","Effective":"Wed, 01 Jan 2020 00:00:01 GMT","Expire":"Sat, 01 Jan 2050 00:00:01 GMT","Site_NGUID":"SSAP23796616WALKST@buckscounty.org","Country":"US","State":"PA","County":"Bucks County","AddCode":"","AddDataURI":"","Inc_Muni":"Warminster Township","Uninc_Comm":"","Nbrhd_Comm":"","AddNum_Pre":"","Add_Number":"16","AddNum_Suf":"","St_PreMod":"","St_PreDir":"","St_PreTyp":"","St_PreSep":"","St_Name":"WALK","St_PosTyp":"STREET","St_PosDir":"","St_PosMod":"","Lst_PreDir":"","Lst_Name":"WALK","Lst_Type":"ST","LstPosDir":"","ESN":"51","MSAGComm":"WARMINSTER TOWNSHIP","Post_Comm":"HATBORO","Post_Code":"19040","Post_Code4":"","Building":"","Floor":" ","Unit":" ","Room":"","Seat":" ","Addtl_Loc":" ","LandmkName":" ","Mile_Post":" ","Place_Type":" ","Placement":" ","Long":-75.0848053,"Lat":40.18760299,"Elev":"0","ParcelID":"49-009-028-013","Full_Addr":"16 WALK ST","Comment":" ","Purpose":null,"DiscrpAgID":"buckscounty.org","created_user":null,"created_date":null,"last_edited_user":"DGALLOWAY","gc_exception":"","ADDRGUID":null,"RDNAME":"WALK ST"}},{"type":"Feature","id":237618,"geometry":{"type":"Point","coordinates":[-75.0848365614741,40.1876807778297]},"properties":{"OBJECTID":237618,"Source":"","DateUpdate":"Tue, 12 Nov 2024 10:04:37 GMT","Effective":"Wed, 01 Jan 2020 00:00:01 GMT","Expire":"Sat, 01 Jan 2050 00:00:01 GMT","Site_NGUID":"SSAP23796714WALKST@buckscounty.org","Country":"US","State":"PA","County":"Bucks County","AddCode":"","AddDataURI":"","Inc_Muni":"Warminster Township","Uninc_Comm":"","Nbrhd_Comm":"","AddNum_Pre":"","Add_Number":"14","AddNum_Suf":"","St_PreMod":"","St_PreDir":"","St_PreTyp":"","St_PreSep":"","St_Name":"WALK","St_PosTyp":"STREET","St_PosDir":"","St_PosMod":"","Lst_PreDir":"","Lst_Name":"WALK","Lst_Type":"ST","LstPosDir":"","ESN":"51","MSAGComm":"WARMINSTER TOWNSHIP","Post_Comm":"HATBORO","Post_Code":"19040","Post_Code4":"","Building":"","Floor":" ","Unit":" ","Room":"","Seat":" ","Addtl_Loc":" ","LandmkName":" ","Mile_Post":" ","Place_Type":" ","Placement":" ","Long":-75.0848348,"Lat":40.18767266,"Elev":"0","ParcelID":"49-009-028-013","Full_Addr":"14 WALK ST","Comment":" ","Purpose":null,"DiscrpAgID":"buckscounty.org","created_user":null,"created_date":null,"last_edited_user":"DGALLOWAY","gc_exception":"","ADDRGUID":null,"RDNAME":"WALK ST"}},{"type":"Feature","id":237619,"geometry":{"type":"Point","coordinates":[-75.084874112269,40.1877483944848]},"properties":{"OBJECTID":237619,"Source":"","DateUpdate":"Tue, 12 Nov 2024 10:04:37 GMT","Effective":"Wed, 01 Jan 2020 00:00:01 GMT","Expire":"Sat, 01 Jan 2050 00:00:01 GMT","Site_NGUID":"SSAP23796812WALKST@buckscounty.org","Country":"US","State":"PA","County":"Bucks County","AddCode":"","AddDataURI":"","Inc_Muni":"Warminster Township","Uninc_Comm":"","Nbrhd_Comm":"","AddNum_Pre":"","Add_Number":"12","AddNum_Suf":"","St_PreMod":"","St_PreDir":"","St_PreTyp":"","St_PreSep":"","St_Name":"WALK","St_PosTyp":"STREET","St_PosDir":"","St_PosMod":"","Lst_PreDir":"","Lst_Name":"WALK","Lst_Type":"ST","LstPosDir":"","ESN":"51","MSAGComm":"WARMINSTER TOWNSHIP","Post_Comm":"HATBORO","Post_Code":"19040","Post_Code4":"","Building":"","Floor":" ","Unit":" ","Room":"","Seat":" ","Addtl_Loc":" ","LandmkName":" ","Mile_Post":" ","Place_Type":" ","Placement":" ","Long":-75.08487235,"Lat":40.18774028,"Elev":"0","ParcelID":"49-009-028-013","Full_Addr":"12 WALK ST","Comment":" ","Purpose":null,"DiscrpAgID":"buckscounty.org","created_user":null,"created_date":null,"last_edited_user":"DGALLOWAY","gc_exception":"","ADDRGUID":null,"RDNAME":"WALK ST"}},{"type":"Feature","id":237620,"geometry":{"type":"Point","coordinates":[-75.0849062987147,40.1878160139754]},"properties":{"OBJECTID":237620,"Source":"","DateUpdate":"Tue, 12 Nov 2024 10:04:37 GMT","Effective":"Wed, 01 Jan 2020 00:00:01 GMT","Expire":"Sat, 01 Jan 2050 00:00:01 GMT","Site_NGUID":"SSAP23796910WALKST@buckscounty.org","Country":"US","State":"PA","County":"Bucks County","AddCode":"","AddDataURI":"","Inc_Muni":"Warminster Township","Uninc_Comm":"","Nbrhd_Comm":"","AddNum_Pre":"","Add_Number":"10","AddNum_Suf":"","St_PreMod":"","St_PreDir":"","St_PreTyp":"","St_PreSep":"","St_Name":"WALK","St_PosTyp":"STREET","St_PosDir":"","St_PosMod":"","Lst_PreDir":"","Lst_Name":"WALK","Lst_Type":"ST","LstPosDir":"","ESN":"51","MSAGComm":"WARMINSTER TOWNSHIP","Post_Comm":"HATBORO","Post_Code":"19040","Post_Code4":"","Building":"","Floor":" ","Unit":" ","Room":"","Seat":" ","Addtl_Loc":" ","LandmkName":" ","Mile_Post":" ","Place_Type":" ","Placement":" ","Long":-75.08490454,"Lat":40.1878079,"Elev":"0","ParcelID":"49-009-028-013","Full_Addr":"10 WALK ST","Comment":" ","Purpose":null,"DiscrpAgID":"buckscounty.org","created_user":null,"created_date":null,"last_edited_user":"DGALLOWAY","gc_exception":"","ADDRGUID":null,"RDNAME":"WALK ST"}},{"type":"Feature","id":237621,"geometry":{"type":"Point","coordinates":[-75.0850913715689,40.1881991809125]},"properties":{"OBJECTID":237621,"Source":"","DateUpdate":"Tue, 12 Nov 2024 10:04:37 GMT","Effective":"Wed, 01 Jan 2020 00:00:01 GMT","Expire":"Sat, 01 Jan 2050 00:00:01 GMT","Site_NGUID":"SSAP2379702WALKST@buckscounty.org","Country":"US","State":"PA","County":"Bucks County","AddCode":"","AddDataURI":"","Inc_Muni":"Warminster Township","Uninc_Comm":"","Nbrhd_Comm":"","AddNum_Pre":"","Add_Number":"2","AddNum_Suf":"","St_PreMod":"","St_PreDir":"","St_PreTyp":"","St_PreSep":"","St_Name":"WALK","St_PosTyp":"STREET","St_PosDir":"","St_PosMod":"","Lst_PreDir":"","Lst_Name":"WALK","Lst_Type":"ST","LstPosDir":"","ESN":"51","MSAGComm":"WARMINSTER TOWNSHIP","Post_Comm":"HATBORO","Post_Code":"19040","Post_Code4":"","Building":"","Floor":" ","Unit":" ","Room":"","Seat":" ","Addtl_Loc":" ","LandmkName":" ","Mile_Post":" ","Place_Type":" ","Placement":" ","Long":-75.08508961,"Lat":40.18819107,"Elev":"0","ParcelID":"49-009-028-013","Full_Addr":"2 WALK ST","Comment":" ","Purpose":null,"DiscrpAgID":"buckscounty.org","created_user":null,"created_date":null,"last_edited_user":"DGALLOWAY","gc_exception":"","ADDRGUID":null,"RDNAME":"WALK ST"}},{"type":"Feature","id":237622,"geometry":{"type":"Point","coordinates":[-75.0850618673266,40.188139759862]},"properties":{"OBJECTID":237622,"Source":"","DateUpdate":"Tue, 12 Nov 2024 10:04:37 GMT","Effective":"Wed, 01 Jan 2020 00:00:01 GMT","Expire":"Sat, 01 Jan 2050 00:00:01 GMT","Site_NGUID":"SSAP2379714WALKST@buckscounty.org","Country":"US","State":"PA","County":"Bucks County","AddCode":"","AddDataURI":"","Inc_Muni":"Warminster Township","Uninc_Comm":"","Nbrhd_Comm":"","AddNum_Pre":"","Add_Number":"4","AddNum_Suf":"","St_PreMod":"","St_PreDir":"","St_PreTyp":"","St_PreSep":"","St_Name":"WALK","St_PosTyp":"STREET","St_PosDir":"","St_PosMod":"","Lst_PreDir":"","Lst_Name":"WALK","Lst_Type":"ST","LstPosDir":"","ESN":"51","MSAGComm":"WARMINSTER TOWNSHIP","Post_Comm":"HATBORO","Post_Code":"19040","Post_Code4":"","Building":"","Floor":" ","Unit":" ","Room":"","Seat":" ","Addtl_Loc":" ","LandmkName":" ","Mile_Post":" ","Place_Type":" ","Placement":" ","Long":-75.08506011,"Lat":40.18813165,"Elev":"0","ParcelID":"49-009-028-013","Full_Addr":"4 WALK ST","Comment":" ","Purpose":null,"DiscrpAgID":"buckscounty.org","created_user":null,"created_date":null,"last_edited_user":"DGALLOWAY","gc_exception":"","ADDRGUID":null,"RDNAME":"WALK ST"}},{"type":"Feature","id":237623,"geometry":{"type":"Point","coordinates":[-75.0850243156977,40.1880639457074]},"properties":{"OBJECTID":237623,"Source":"","DateUpdate":"Tue, 12 Nov 2024 10:04:37 GMT","Effective":"Wed, 01 Jan 2020 00:00:01 GMT","Expire":"Sat, 01 Jan 2050 00:00:01 GMT","Site_NGUID":"SSAP2379726WALKST@buckscounty.org","Country":"US","State":"PA","County":"Bucks County","AddCode":"","AddDataURI":"","Inc_Muni":"Warminster Township","Uninc_Comm":"","Nbrhd_Comm":"","AddNum_Pre":"","Add_Number":"6","AddNum_Suf":"","St_PreMod":"","St_PreDir":"","St_PreTyp":"","St_PreSep":"","St_Name":"WALK","St_PosTyp":"STREET","St_PosDir":"","St_PosMod":"","Lst_PreDir":"","Lst_Name":"WALK","Lst_Type":"ST","LstPosDir":"","ESN":"51","MSAGComm":"WARMINSTER TOWNSHIP","Post_Comm":"HATBORO","Post_Code":"19040","Post_Code4":"","Building":"","Floor":" ","Unit":" ","Room":"","Seat":" ","Addtl_Loc":" ","LandmkName":" ","Mile_Post":" ","Place_Type":" ","Placement":" ","Long":-75.08502256,"Lat":40.18805583,"Elev":"0","ParcelID":"49-009-028-013","Full_Addr":"6 WALK ST","Comment":" ","Purpose":null,"DiscrpAgID":"buckscounty.org","created_user":null,"created_date":null,"last_edited_user":"DGALLOWAY","gc_exception":"","ADDRGUID":null,"RDNAME":"WALK ST"}},{"type":"Feature","id":237624,"geometry":{"type":"Point","coordinates":[-75.0849894480319,40.1880024749699]},"properties":{"OBJECTID":237624,"Source":"","DateUpdate":"Tue, 12 Nov 2024 10:04:37 GMT","Effective":"Wed, 01 Jan 2020 00:00:01 GMT","Expire":"Sat, 01 Jan 2050 00:00:01 GMT","Site_NGUID":"SSAP2379738WALKST@buckscounty.org","Country":"US","State":"PA","County":"Bucks County","AddCode":"","AddDataURI":"","Inc_Muni":"Warminster Township","Uninc_Comm":"","Nbrhd_Comm":"","AddNum_Pre":"","Add_Number":"8","AddNum_Suf":"","St_PreMod":"","St_PreDir":"","St_PreTyp":"","St_PreSep":"","St_Name":"WALK","St_PosTyp":"STREET","St_PosDir":"","St_PosMod":"","Lst_PreDir":"","Lst_Name":"WALK","Lst_Type":"ST","LstPosDir":"","ESN":"51","MSAGComm":"WARMINSTER TOWNSHIP","Post_Comm":"HATBORO","Post_Code":"19040","Post_Code4":"","Building":"","Floor":" ","Unit":" ","Room":"","Seat":" ","Addtl_Loc":" ","LandmkName":" ","Mile_Post":" ","Place_Type":" ","Placement":" ","Long":-75.08498769,"Lat":40.18799436,"Elev":"0","ParcelID":"49-009-028-013","Full_Addr":"8 WALK ST","Comment":" ","Purpose":null,"DiscrpAgID":"buckscounty.org","created_user":null,"created_date":null,"last_edited_user":"DGALLOWAY","gc_exception":"","ADDRGUID":null,"RDNAME":"WALK ST"}},{"type":"Feature","id":237625,"geometry":{"type":"Point","coordinates":[-75.0854668798404,40.1881356605176]},"properties":{"OBJECTID":237625,"Source":"","DateUpdate":"Tue, 12 Nov 2024 10:04:37 GMT","Effective":"Wed, 01 Jan 2020 00:00:01 GMT","Expire":"Sat, 01 Jan 2050 00:00:01 GMT","Site_NGUID":"SSAP2379741WALKST@buckscounty.org","Country":"US","State":"PA","County":"Bucks County","AddCode":"","AddDataURI":"","Inc_Muni":"Warminster Township","Uninc_Comm":"","Nbrhd_Comm":"","AddNum_Pre":"","Add_Number":"1","AddNum_Suf":"","St_PreMod":"","St_PreDir":"","St_PreTyp":"","St_PreSep":"","St_Name":"WALK","St_PosTyp":"STREET","St_PosDir":"","St_PosMod":"","Lst_PreDir":"","Lst_Name":"WALK","Lst_Type":"ST","LstPosDir":"","ESN":"51","MSAGComm":"WARMINSTER TOWNSHIP","Post_Comm":"WARMINSTER","Post_Code":"18974","Post_Code4":"","Building":"","Floor":" ","Unit":" ","Room":"","Seat":" ","Addtl_Loc":" ","LandmkName":" ","Mile_Post":" ","Place_Type":" ","Placement":" ","Long":-75.08546512,"Lat":40.18812755,"Elev":"0","ParcelID":"49-009-028-013","Full_Addr":"1 WALK ST","Comment":" ","Purpose":null,"DiscrpAgID":"buckscounty.org","created_user":null,"created_date":null,"last_edited_user":"DGALLOWAY","gc_exception":"","ADDRGUID":null,"RDNAME":"WALK ST"}},{"type":"Feature","id":237626,"geometry":{"type":"Point","coordinates":[-75.0854320100959,40.18807214184]},"properties":{"OBJECTID":237626,"Source":"","DateUpdate":"Tue, 12 Nov 2024 10:04:37 GMT","Effective":"Wed, 01 Jan 2020 00:00:01 GMT","Expire":"Sat, 01 Jan 2050 00:00:01 GMT","Site_NGUID":"SSAP2379753WALKST@buckscounty.org","Country":"US","State":"PA","County":"Bucks County","AddCode":"","AddDataURI":"","Inc_Muni":"Warminster Township","Uninc_Comm":"","Nbrhd_Comm":"","AddNum_Pre":"","Add_Number":"3","AddNum_Suf":"","St_PreMod":"","St_PreDir":"","St_PreTyp":"","St_PreSep":"","St_Name":"WALK","St_PosTyp":"STREET","St_PosDir":"","St_PosMod":"","Lst_PreDir":"","Lst_Name":"WALK","Lst_Type":"ST","LstPosDir":"","ESN":"51","MSAGComm":"WARMINSTER TOWNSHIP","Post_Comm":"WARMINSTER","Post_Code":"18974","Post_Code4":"","Building":"","Floor":" ","Unit":" ","Room":"","Seat":" ","Addtl_Loc":" ","LandmkName":" ","Mile_Post":" ","Place_Type":" ","Placement":" ","Long":-75.08543025,"Lat":40.18806403,"Elev":"0","ParcelID":"49-009-028-013","Full_Addr":"3 WALK ST","Comment":" ","Purpose":null,"DiscrpAgID":"buckscounty.org","created_user":null,"created_date":null,"last_edited_user":"DGALLOWAY","gc_exception":"","ADDRGUID":null,"RDNAME":"WALK ST"}},{"type":"Feature","id":237627,"geometry":{"type":"Point","coordinates":[-75.0853434981892,40.1878549455387]},"properties":{"OBJECTID":237627,"Source":"","DateUpdate":"Tue, 12 Nov 2024 10:04:37 GMT","Effective":"Wed, 01 Jan 2020 00:00:01 GMT","Expire":"Sat, 01 Jan 2050 00:00:01 GMT","Site_NGUID":"SSAP2379765WALKST@buckscounty.org","Country":"US","State":"PA","County":"Bucks County","AddCode":"","AddDataURI":"","Inc_Muni":"Warminster Township","Uninc_Comm":"","Nbrhd_Comm":"","AddNum_Pre":"","Add_Number":"5","AddNum_Suf":"","St_PreMod":"","St_PreDir":"","St_PreTyp":"","St_PreSep":"","St_Name":"WALK","St_PosTyp":"STREET","St_PosDir":"","St_PosMod":"","Lst_PreDir":"","Lst_Name":"WALK","Lst_Type":"ST","LstPosDir":"","ESN":"51","MSAGComm":"WARMINSTER TOWNSHIP","Post_Comm":"WARMINSTER","Post_Code":"18974","Post_Code4":"","Building":"","Floor":" ","Unit":" ","Room":"","Seat":" ","Addtl_Loc":" ","LandmkName":" ","Mile_Post":" ","Place_Type":" ","Placement":" ","Long":-75.08534174,"Lat":40.18784683,"Elev":"0","ParcelID":"49-009-028-013","Full_Addr":"5 WALK ST","Comment":" ","Purpose":null,"DiscrpAgID":"buckscounty.org","created_user":null,"created_date":null,"last_edited_user":"DGALLOWAY","gc_exception":"","ADDRGUID":null,"RDNAME":"WALK ST"}},{"type":"Feature","id":237628,"geometry":{"type":"Point","coordinates":[-75.0853139940546,40.1878016695658]},"properties":{"OBJECTID":237628,"Source":"","DateUpdate":"Tue, 12 Nov 2024 10:04:37 GMT","Effective":"Wed, 01 Jan 2020 00:00:01 GMT","Expire":"Sat, 01 Jan 2050 00:00:01 GMT","Site_NGUID":"SSAP2379777WALKST@buckscounty.org","Country":"US","State":"PA","County":"Bucks County","AddCode":"","AddDataURI":"","Inc_Muni":"Warminster Township","Uninc_Comm":"","Nbrhd_Comm":"","AddNum_Pre":"","Add_Number":"7","AddNum_Suf":"","St_PreMod":"","St_PreDir":"","St_PreTyp":"","St_PreSep":"","St_Name":"WALK","St_PosTyp":"STREET","St_PosDir":"","St_PosMod":"","Lst_PreDir":"","Lst_Name":"WALK","Lst_Type":"ST","LstPosDir":"","ESN":"51","MSAGComm":"WARMINSTER TOWNSHIP","Post_Comm":"WARMINSTER","Post_Code":"18974","Post_Code4":"","Building":"","Floor":" ","Unit":" ","Room":"","Seat":" ","Addtl_Loc":" ","LandmkName":" ","Mile_Post":" ","Place_Type":" ","Placement":" ","Long":-75.08531223,"Lat":40.18779355,"Elev":"0","ParcelID":"49-009-028-013","Full_Addr":"7 WALK ST","Comment":" ","Purpose":null,"DiscrpAgID":"buckscounty.org","created_user":null,"created_date":null,"last_edited_user":"DGALLOWAY","gc_exception":"","ADDRGUID":null,"RDNAME":"WALK ST"}},{"type":"Feature","id":237629,"geometry":{"type":"Point","coordinates":[-75.0852871727991,40.1877463463827]},"properties":{"OBJECTID":237629,"Source":"","DateUpdate":"Tue, 12 Nov 2024 10:04:37 GMT","Effective":"Wed, 01 Jan 2020 00:00:01 GMT","Expire":"Sat, 01 Jan 2050 00:00:01 GMT","Site_NGUID":"SSAP2379789WALKST@buckscounty.org","Country":"US","State":"PA","County":"Bucks County","AddCode":"","AddDataURI":"","Inc_Muni":"Warminster Township","Uninc_Comm":"","Nbrhd_Comm":"","AddNum_Pre":"","Add_Number":"9","AddNum_Suf":"","St_PreMod":"","St_PreDir":"","St_PreTyp":"","St_PreSep":"","St_Name":"WALK","St_PosTyp":"STREET","St_PosDir":"","St_PosMod":"","Lst_PreDir":"","Lst_Name":"WALK","Lst_Type":"ST","LstPosDir":"","ESN":"51","MSAGComm":"WARMINSTER TOWNSHIP","Post_Comm":"WARMINSTER","Post_Code":"18974","Post_Code4":"","Building":"","Floor":" ","Unit":" ","Room":"","Seat":" ","Addtl_Loc":" ","LandmkName":" ","Mile_Post":" ","Place_Type":" ","Placement":" ","Long":-75.08528541,"Lat":40.18773823,"Elev":"0","ParcelID":"49-009-028-013","Full_Addr":"9 WALK ST","Comment":" ","Purpose":null,"DiscrpAgID":"buckscounty.org","created_user":null,"created_date":null,"last_edited_user":"DGALLOWAY","gc_exception":"","ADDRGUID":null,"RDNAME":"WALK ST"}},{"type":"Feature","id":237630,"geometry":{"type":"Point","coordinates":[-75.0852603513329,40.1877012687765]},"properties":{"OBJECTID":237630,"Source":"","DateUpdate":"Tue, 12 Nov 2024 10:04:37 GMT","Effective":"Wed, 01 Jan 2020 00:00:01 GMT","Expire":"Sat, 01 Jan 2050 00:00:01 GMT","Site_NGUID":"SSAP23797911WALKST@buckscounty.org","Country":"US","State":"PA","County":"Bucks County","AddCode":"","AddDataURI":"","Inc_Muni":"Warminster Township","Uninc_Comm":"","Nbrhd_Comm":"","AddNum_Pre":"","Add_Number":"11","AddNum_Suf":"","St_PreMod":"","St_PreDir":"","St_PreTyp":"","St_PreSep":"","St_Name":"WALK","St_PosTyp":"STREET","St_PosDir":"","St_PosMod":"","Lst_PreDir":"","Lst_Name":"WALK","Lst_Type":"ST","LstPosDir":"","ESN":"51","MSAGComm":"WARMINSTER TOWNSHIP","Post_Comm":"WARMINSTER","Post_Code":"18974","Post_Code4":"","Building":"","Floor":" ","Unit":" ","Room":"","Seat":" ","Addtl_Loc":" ","LandmkName":" ","Mile_Post":" ","Place_Type":" ","Placement":" ","Long":-75.08525859,"Lat":40.18769315,"Elev":"0","ParcelID":"49-009-028-013","Full_Addr":"11 WALK ST","Comment":" ","Purpose":null,"DiscrpAgID":"buckscounty.org","created_user":null,"created_date":null,"last_edited_user":"DGALLOWAY","gc_exception":"","ADDRGUID":null,"RDNAME":"WALK ST"}},{"type":"Feature","id":237631,"geometry":{"type":"Point","coordinates":[-75.085182567252,40.1874922668242]},"properties":{"OBJECTID":237631,"Source":"","DateUpdate":"Tue, 12 Nov 2024 10:04:37 GMT","Effective":"Wed, 01 Jan 2020 00:00:01 GMT","Expire":"Sat, 01 Jan 2050 00:00:01 GMT","Site_NGUID":"SSAP23798013WALKST@buckscounty.org","Country":"US","State":"PA","County":"Bucks County","AddCode":"","AddDataURI":"","Inc_Muni":"Warminster Township","Uninc_Comm":"","Nbrhd_Comm":"","AddNum_Pre":"","Add_Number":"13","AddNum_Suf":"","St_PreMod":"","St_PreDir":"","St_PreTyp":"","St_PreSep":"","St_Name":"WALK","St_PosTyp":"STREET","St_PosDir":"","St_PosMod":"","Lst_PreDir":"","Lst_Name":"WALK","Lst_Type":"ST","LstPosDir":"","ESN":"51","MSAGComm":"WARMINSTER TOWNSHIP","Post_Comm":"WARMINSTER","Post_Code":"18974","Post_Code4":"","Building":"","Floor":" ","Unit":" ","Room":"","Seat":" ","Addtl_Loc":" ","LandmkName":" ","Mile_Post":" ","Place_Type":" ","Placement":" ","Long":-75.08518081,"Lat":40.18748415,"Elev":"0","ParcelID":"49-009-028-013","Full_Addr":"13 WALK ST","Comment":" ","Purpose":null,"DiscrpAgID":"buckscounty.org","created_user":null,"created_date":null,"last_edited_user":"DGALLOWAY","gc_exception":"","ADDRGUID":null,"RDNAME":"WALK ST"}},{"type":"Feature","id":237632,"geometry":{"type":"Point","coordinates":[-75.0851584280772,40.1874410404971]},"properties":{"OBJECTID":237632,"Source":"","DateUpdate":"Tue, 12 Nov 2024 10:04:37 GMT","Effective":"Wed, 01 Jan 2020 00:00:01 GMT","Expire":"Sat, 01 Jan 2050 00:00:01 GMT","Site_NGUID":"SSAP23798115WALKST@buckscounty.org","Country":"US","State":"PA","County":"Bucks County","AddCode":"","AddDataURI":"","Inc_Muni":"Warminster Township","Uninc_Comm":"","Nbrhd_Comm":"","AddNum_Pre":"","Add_Number":"15","AddNum_Suf":"","St_PreMod":"","St_PreDir":"","St_PreTyp":"","St_PreSep":"","St_Name":"WALK","St_PosTyp":"STREET","St_PosDir":"","St_PosMod":"","Lst_PreDir":"","Lst_Name":"WALK","Lst_Type":"ST","LstPosDir":"","ESN":"51","MSAGComm":"WARMINSTER TOWNSHIP","Post_Comm":"WARMINSTER","Post_Code":"18974","Post_Code4":"","Building":"","Floor":" ","Unit":" ","Room":"","Seat":" ","Addtl_Loc":" ","LandmkName":" ","Mile_Post":" ","Place_Type":" ","Placement":" ","Long":-75.08515667,"Lat":40.18743293,"Elev":"0","ParcelID":"49-009-028-013","Full_Addr":"15 WALK ST","Comment":" ","Purpose":null,"DiscrpAgID":"buckscounty.org","created_user":null,"created_date":null,"last_edited_user":"DGALLOWAY","gc_exception":"","ADDRGUID":null,"RDNAME":"WALK ST"}},{"type":"Feature","id":237633,"geometry":{"type":"Point","coordinates":[-75.0851047824213,40.18734063775]},"properties":{"OBJECTID":237633,"Source":"","DateUpdate":"Tue, 12 Nov 2024 10:04:37 GMT","Effective":"Wed, 01 Jan 2020 00:00:01 GMT","Expire":"Sat, 01 Jan 2050 00:00:01 GMT","Site_NGUID":"SSAP23798219WALKST@buckscounty.org","Country":"US","State":"PA","County":"Bucks County","AddCode":"","AddDataURI":"","Inc_Muni":"Warminster Township","Uninc_Comm":"","Nbrhd_Comm":"","AddNum_Pre":"","Add_Number":"19","AddNum_Suf":"","St_PreMod":"","St_PreDir":"","St_PreTyp":"","St_PreSep":"","St_Name":"WALK","St_PosTyp":"STREET","St_PosDir":"","St_PosMod":"","Lst_PreDir":"","Lst_Name":"WALK","Lst_Type":"ST","LstPosDir":"","ESN":"51","MSAGComm":"WARMINSTER TOWNSHIP","Post_Comm":"WARMINSTER","Post_Code":"18974","Post_Code4":"","Building":"","Floor":" ","Unit":" ","Room":"","Seat":" ","Addtl_Loc":" ","LandmkName":" ","Mile_Post":" ","Place_Type":" ","Placement":" ","Long":-75.08510302,"Lat":40.18733252,"Elev":"0","ParcelID":"49-009-028-013","Full_Addr":"19 WALK ST","Comment":" ","Purpose":null,"DiscrpAgID":"buckscounty.org","created_user":null,"created_date":null,"last_edited_user":"DGALLOWAY","gc_exception":"","ADDRGUID":null,"RDNAME":"WALK ST"}},{"type":"Feature","id":237634,"geometry":{"type":"Point","coordinates":[-75.08556075687,40.1883528565407]},"properties":{"OBJECTID":237634,"Source":"","DateUpdate":"Tue, 12 Nov 2024 10:04:37 GMT","Effective":"Wed, 01 Jan 2020 00:00:01 GMT","Expire":"Sat, 01 Jan 2050 00:00:01 GMT","Site_NGUID":"SSAP237983111DOWNEYDR@buckscounty.org","Country":"US","State":"PA","County":"Bucks County","AddCode":"","AddDataURI":"","Inc_Muni":"Warminster Township","Uninc_Comm":"","Nbrhd_Comm":"","AddNum_Pre":"","Add_Number":"111","AddNum_Suf":"","St_PreMod":"","St_PreDir":"","St_PreTyp":"","St_PreSep":"","St_Name":"DOWNEY","St_PosTyp":"DRIVE","St_PosDir":"","St_PosMod":"","Lst_PreDir":"","Lst_Name":"DOWNEY","Lst_Type":"DR","LstPosDir":"","ESN":"51","MSAGComm":"WARMINSTER TOWNSHIP","Post_Comm":"HATBORO","Post_Code":"19040","Post_Code4":"","Building":"","Floor":" ","Unit":" ","Room":"","Seat":" ","Addtl_Loc":" ","LandmkName":" ","Mile_Post":" ","Place_Type":" ","Placement":" ","Long":-75.085559,"Lat":40.18834474,"Elev":"0","ParcelID":"49-009-028-013","Full_Addr":"111 DOWNEY DR","Comment":" ","Purpose":null,"DiscrpAgID":"buckscounty.org","created_user":null,"created_date":null,"last_edited_user":"DGALLOWAY","gc_exception":"","ADDRGUID":null,"RDNAME":"DOWNEY DR"}},{"type":"Feature","id":237635,"geometry":{"type":"Point","coordinates":[-75.0856251300245,40.1883405625855]},"properties":{"OBJECTID":237635,"Source":"","DateUpdate":"Tue, 12 Nov 2024 10:04:37 GMT","Effective":"Wed, 01 Jan 2020 00:00:01 GMT","Expire":"Sat, 01 Jan 2050 00:00:01 GMT","Site_NGUID":"SSAP237984109DOWNEYDR@buckscounty.org","Country":"US","State":"PA","County":"Bucks County","AddCode":"","AddDataURI":"","Inc_Muni":"Warminster Township","Uninc_Comm":"","Nbrhd_Comm":"","AddNum_Pre":"","Add_Number":"109","AddNum_Suf":"","St_PreMod":"","St_PreDir":"","St_PreTyp":"","St_PreSep":"","St_Name":"DOWNEY","St_PosTyp":"DRIVE","St_PosDir":"","St_PosMod":"","Lst_PreDir":"","Lst_Name":"DOWNEY","Lst_Type":"DR","LstPosDir":"","ESN":"51","MSAGComm":"WARMINSTER TOWNSHIP","Post_Comm":"HATBORO","Post_Code":"19040","Post_Code4":"","Building":"","Floor":" ","Unit":" ","Room":"","Seat":" ","Addtl_Loc":" ","LandmkName":" ","Mile_Post":" ","Place_Type":" ","Placement":" ","Long":-75.08562337,"Lat":40.18833245,"Elev":"0","ParcelID":"49-009-028-013","Full_Addr":"109 DOWNEY DR","Comment":" ","Purpose":null,"DiscrpAgID":"buckscounty.org","created_user":null,"created_date":null,"last_edited_user":"DGALLOWAY","gc_exception":"","ADDRGUID":null,"RDNAME":"DOWNEY DR"}},{"type":"Feature","id":237636,"geometry":{"type":"Point","coordinates":[-75.085686821273,40.1883241708186]},"properties":{"OBJECTID":237636,"Source":"","DateUpdate":"Tue, 12 Nov 2024 10:04:37 GMT","Effective":"Wed, 01 Jan 2020 00:00:01 GMT","Expire":"Sat, 01 Jan 2050 00:00:01 GMT","Site_NGUID":"SSAP237985107DOWNEYDR@buckscounty.org","Country":"US","State":"PA","County":"Bucks County","AddCode":"","AddDataURI":"","Inc_Muni":"Warminster Township","Uninc_Comm":"","Nbrhd_Comm":"","AddNum_Pre":"","Add_Number":"107","AddNum_Suf":"","St_PreMod":"","St_PreDir":"","St_PreTyp":"","St_PreSep":"","St_Name":"DOWNEY","St_PosTyp":"DRIVE","St_PosDir":"","St_PosMod":"","Lst_PreDir":"","Lst_Name":"DOWNEY","Lst_Type":"DR","LstPosDir":"","ESN":"51","MSAGComm":"WARMINSTER TOWNSHIP","Post_Comm":"HATBORO","Post_Code":"19040","Post_Code4":"","Building":"","Floor":" ","Unit":" ","Room":"","Seat":" ","Addtl_Loc":" ","LandmkName":" ","Mile_Post":" ","Place_Type":" ","Placement":" ","Long":-75.08568506,"Lat":40.18831606,"Elev":"0","ParcelID":"49-009-028-013","Full_Addr":"107 DOWNEY DR","Comment":" ","Purpose":null,"DiscrpAgID":"buckscounty.org","created_user":null,"created_date":null,"last_edited_user":"DGALLOWAY","gc_exception":"","ADDRGUID":null,"RDNAME":"DOWNEY DR"}},{"type":"Feature","id":237637,"geometry":{"type":"Point","coordinates":[-75.0857592403236,40.1883036807501]},"properties":{"OBJECTID":237637,"Source":"","DateUpdate":"Tue, 12 Nov 2024 10:04:37 GMT","Effective":"Wed, 01 Jan 2020 00:00:01 GMT","Expire":"Sat, 01 Jan 2050 00:00:01 GMT","Site_NGUID":"SSAP237986105DOWNEYDR@buckscounty.org","Country":"US","State":"PA","County":"Bucks County","AddCode":"","AddDataURI":"","Inc_Muni":"Warminster Township","Uninc_Comm":"","Nbrhd_Comm":"","AddNum_Pre":"","Add_Number":"105","AddNum_Suf":"","St_PreMod":"","St_PreDir":"","St_PreTyp":"","St_PreSep":"","St_Name":"DOWNEY","St_PosTyp":"DRIVE","St_PosDir":"","St_PosMod":"","Lst_PreDir":"","Lst_Name":"DOWNEY","Lst_Type":"DR","LstPosDir":"","ESN":"51","MSAGComm":"WARMINSTER TOWNSHIP","Post_Comm":"HATBORO","Post_Code":"19040","Post_Code4":"","Building":"","Floor":" ","Unit":" ","Room":"","Seat":" ","Addtl_Loc":" ","LandmkName":" ","Mile_Post":" ","Place_Type":" ","Placement":" ","Long":-75.08575748,"Lat":40.18829557,"Elev":"0","ParcelID":"49-009-028-013","Full_Addr":"105 DOWNEY DR","Comment":" ","Purpose":null,"DiscrpAgID":"buckscounty.org","created_user":null,"created_date":null,"last_edited_user":"DGALLOWAY","gc_exception":"","ADDRGUID":null,"RDNAME":"DOWNEY DR"}},{"type":"Feature","id":237638,"geometry":{"type":"Point","coordinates":[-75.0858289780388,40.1882872886259]},"properties":{"OBJECTID":237638,"Source":"","DateUpdate":"Tue, 12 Nov 2024 10:04:37 GMT","Effective":"Wed, 01 Jan 2020 00:00:01 GMT","Expire":"Sat, 01 Jan 2050 00:00:01 GMT","Site_NGUID":"SSAP237987103DOWNEYDR@buckscounty.org","Country":"US","State":"PA","County":"Bucks County","AddCode":"","AddDataURI":"","Inc_Muni":"Warminster Township","Uninc_Comm":"","Nbrhd_Comm":"","AddNum_Pre":"","Add_Number":"103","AddNum_Suf":"","St_PreMod":"","St_PreDir":"","St_PreTyp":"","St_PreSep":"","St_Name":"DOWNEY","St_PosTyp":"DRIVE","St_PosDir":"","St_PosMod":"","Lst_PreDir":"","Lst_Name":"DOWNEY","Lst_Type":"DR","LstPosDir":"","ESN":"51","MSAGComm":"WARMINSTER TOWNSHIP","Post_Comm":"HATBORO","Post_Code":"19040","Post_Code4":"","Building":"","Floor":" ","Unit":" ","Room":"","Seat":" ","Addtl_Loc":" ","LandmkName":" ","Mile_Post":" ","Place_Type":" ","Placement":" ","Long":-75.08582722,"Lat":40.18827917,"Elev":"0","ParcelID":"49-009-028-013","Full_Addr":"103 DOWNEY DR","Comment":" ","Purpose":null,"DiscrpAgID":"buckscounty.org","created_user":null,"created_date":null,"last_edited_user":"DGALLOWAY","gc_exception":"","ADDRGUID":null,"RDNAME":"DOWNEY DR"}},{"type":"Feature","id":237639,"geometry":{"type":"Point","coordinates":[-75.0858960330984,40.1882688476089]},"properties":{"OBJECTID":237639,"Source":"","DateUpdate":"Tue, 12 Nov 2024 10:04:37 GMT","Effective":"Wed, 01 Jan 2020 00:00:01 GMT","Expire":"Sat, 01 Jan 2050 00:00:01 GMT","Site_NGUID":"SSAP237988101DOWNEYDR@buckscounty.org","Country":"US","State":"PA","County":"Bucks County","AddCode":"","AddDataURI":"","Inc_Muni":"Warminster Township","Uninc_Comm":"","Nbrhd_Comm":"","AddNum_Pre":"","Add_Number":"101","AddNum_Suf":"","St_PreMod":"","St_PreDir":"","St_PreTyp":"","St_PreSep":"","St_Name":"DOWNEY","St_PosTyp":"DRIVE","St_PosDir":"","St_PosMod":"","Lst_PreDir":"","Lst_Name":"DOWNEY","Lst_Type":"DR","LstPosDir":"","ESN":"51","MSAGComm":"WARMINSTER TOWNSHIP","Post_Comm":"HATBORO","Post_Code":"19040","Post_Code4":"","Building":"","Floor":" ","Unit":" ","Room":"","Seat":" ","Addtl_Loc":" ","LandmkName":" ","Mile_Post":" ","Place_Type":" ","Placement":" ","Long":-75.08589427,"Lat":40.18826073,"Elev":"0","ParcelID":"49-009-028-013","Full_Addr":"101 DOWNEY DR","Comment":" ","Purpose":null,"DiscrpAgID":"buckscounty.org","created_user":null,"created_date":null,"last_edited_user":"DGALLOWAY","gc_exception":"","ADDRGUID":null,"RDNAME":"DOWNEY DR"}},{"type":"Feature","id":237640,"geometry":{"type":"Point","coordinates":[-75.0857739928334,40.1880455046951]},"properties":{"OBJECTID":237640,"Source":"","DateUpdate":"Tue, 12 Nov 2024 10:04:37 GMT","Effective":"Wed, 01 Jan 2020 00:00:01 GMT","Expire":"Sat, 01 Jan 2050 00:00:01 GMT","Site_NGUID":"SSAP23798920VANHORNDR@buckscounty.org","Country":"US","State":"PA","County":"Bucks County","AddCode":"","AddDataURI":"","Inc_Muni":"Warminster Township","Uninc_Comm":"","Nbrhd_Comm":"","AddNum_Pre":"","Add_Number":"20","AddNum_Suf":"","St_PreMod":"","St_PreDir":"","St_PreTyp":"","St_PreSep":"","St_Name":"VAN HORN","St_PosTyp":"DRIVE","St_PosDir":"","St_PosMod":"","Lst_PreDir":"","Lst_Name":"VAN HORN","Lst_Type":"DR","LstPosDir":"","ESN":"51","MSAGComm":"WARMINSTER TOWNSHIP","Post_Comm":"WARMINSTER","Post_Code":"18974","Post_Code4":"","Building":"","Floor":" ","Unit":" ","Room":"","Seat":" ","Addtl_Loc":" ","LandmkName":" ","Mile_Post":" ","Place_Type":" ","Placement":" ","Long":-75.08577223,"Lat":40.18803739,"Elev":"0","ParcelID":"49-009-028-013","Full_Addr":"20 VAN HORN DR","Comment":" ","Purpose":null,"DiscrpAgID":"buckscounty.org","created_user":null,"created_date":null,"last_edited_user":"DGALLOWAY","gc_exception":"","ADDRGUID":null,"RDNAME":"VAN HORN DR"}},{"type":"Feature","id":237641,"geometry":{"type":"Point","coordinates":[-75.0857431464425,40.1879860825013]},"properties":{"OBJECTID":237641,"Source":"","DateUpdate":"Tue, 12 Nov 2024 10:04:37 GMT","Effective":"Wed, 01 Jan 2020 00:00:01 GMT","Expire":"Sat, 01 Jan 2050 00:00:01 GMT","Site_NGUID":"SSAP23799022VANHORNDR@buckscounty.org","Country":"US","State":"PA","County":"Bucks County","AddCode":"","AddDataURI":"","Inc_Muni":"Warminster Township","Uninc_Comm":"","Nbrhd_Comm":"","AddNum_Pre":"","Add_Number":"22","AddNum_Suf":"","St_PreMod":"","St_PreDir":"","St_PreTyp":"","St_PreSep":"","St_Name":"VAN HORN","St_PosTyp":"DRIVE","St_PosDir":"","St_PosMod":"","Lst_PreDir":"","Lst_Name":"VAN HORN","Lst_Type":"DR","LstPosDir":"","ESN":"51","MSAGComm":"WARMINSTER TOWNSHIP","Post_Comm":"WARMINSTER","Post_Code":"18974","Post_Code4":"","Building":"","Floor":" ","Unit":" ","Room":"","Seat":" ","Addtl_Loc":" ","LandmkName":" ","Mile_Post":" ","Place_Type":" ","Placement":" ","Long":-75.08574139,"Lat":40.18797797,"Elev":"0","ParcelID":"49-009-028-013","Full_Addr":"22 VAN HORN DR","Comment":" ","Purpose":null,"DiscrpAgID":"buckscounty.org","created_user":null,"created_date":null,"last_edited_user":"DGALLOWAY","gc_exception":"","ADDRGUID":null,"RDNAME":"VAN HORN DR"}},{"type":"Feature","id":237676,"geometry":{"type":"Point","coordinates":[-75.0857806981483,40.1854893031102]},"properties":{"OBJECTID":237676,"Source":"","DateUpdate":"Tue, 12 Nov 2024 10:04:37 GMT","Effective":"Wed, 01 Jan 2020 00:00:01 GMT","Expire":"Sat, 01 Jan 2050 00:00:01 GMT","Site_NGUID":"SSAP23802540HARTST@buckscounty.org","Country":"US","State":"PA","County":"Bucks County","AddCode":"","AddDataURI":"","Inc_Muni":"Warminster Township","Uninc_Comm":"","Nbrhd_Comm":"","AddNum_Pre":"","Add_Number":"40","AddNum_Suf":"","St_PreMod":"","St_PreDir":"","St_PreTyp":"","St_PreSep":"","St_Name":"HART","St_PosTyp":"STREET","St_PosDir":"","St_PosMod":"","Lst_PreDir":"","Lst_Name":"HART","Lst_Type":"ST","LstPosDir":"","ESN":"51","MSAGComm":"WARMINSTER TOWNSHIP","Post_Comm":"WARMINSTER","Post_Code":"18974","Post_Code4":"","Building":"","Floor":" ","Unit":" ","Room":"","Seat":" ","Addtl_Loc":" ","LandmkName":" ","Mile_Post":" ","Place_Type":" ","Placement":" ","Long":-75.08577894,"Lat":40.18548119,"Elev":"0","ParcelID":"49-009-028-009","Full_Addr":"40 HART ST","Comment":" ","Purpose":null,"DiscrpAgID":"buckscounty.org","created_user":null,"created_date":null,"last_edited_user":"DGALLOWAY","gc_exception":"","ADDRGUID":null,"RDNAME":"HART ST"}},{"type":"Feature","id":237677,"geometry":{"type":"Point","coordinates":[-75.0857002326405,40.1855220879266]},"properties":{"OBJECTID":237677,"Source":"","DateUpdate":"Tue, 12 Nov 2024 10:04:37 GMT","Effective":"Wed, 01 Jan 2020 00:00:01 GMT","Expire":"Sat, 01 Jan 2050 00:00:01 GMT","Site_NGUID":"SSAP23802642HARTST@buckscounty.org","Country":"US","State":"PA","County":"Bucks County","AddCode":"","AddDataURI":"","Inc_Muni":"Warminster Township","Uninc_Comm":"","Nbrhd_Comm":"","AddNum_Pre":"","Add_Number":"42","AddNum_Suf":"","St_PreMod":"","St_PreDir":"","St_PreTyp":"","St_PreSep":"","St_Name":"HART","St_PosTyp":"STREET","St_PosDir":"","St_PosMod":"","Lst_PreDir":"","Lst_Name":"HART","Lst_Type":"ST","LstPosDir":"","ESN":"51","MSAGComm":"WARMINSTER TOWNSHIP","Post_Comm":"WARMINSTER","Post_Code":"18974","Post_Code4":"","Building":"","Floor":" ","Unit":" ","Room":"","Seat":" ","Addtl_Loc":" ","LandmkName":" ","Mile_Post":" ","Place_Type":" ","Placement":" ","Long":-75.08569847,"Lat":40.18551397,"Elev":"0","ParcelID":"49-009-028-009","Full_Addr":"42 HART ST","Comment":" ","Purpose":null,"DiscrpAgID":"buckscounty.org","created_user":null,"created_date":null,"last_edited_user":"DGALLOWAY","gc_exception":"","ADDRGUID":null,"RDNAME":"HART ST"}},{"type":"Feature","id":237678,"geometry":{"type":"Point","coordinates":[-75.0856076972693,40.1855640955544]},"properties":{"OBJECTID":237678,"Source":"","DateUpdate":"Tue, 12 Nov 2024 10:04:37 GMT","Effective":"Wed, 01 Jan 2020 00:00:01 GMT","Expire":"Sat, 01 Jan 2050 00:00:01 GMT","Site_NGUID":"SSAP23802744HARTST@buckscounty.org","Country":"US","State":"PA","County":"Bucks County","AddCode":"","AddDataURI":"","Inc_Muni":"Warminster Township","Uninc_Comm":"","Nbrhd_Comm":"","AddNum_Pre":"","Add_Number":"44","AddNum_Suf":"","St_PreMod":"","St_PreDir":"","St_PreTyp":"","St_PreSep":"","St_Name":"HART","St_PosTyp":"STREET","St_PosDir":"","St_PosMod":"","Lst_PreDir":"","Lst_Name":"HART","Lst_Type":"ST","LstPosDir":"","ESN":"51","MSAGComm":"WARMINSTER TOWNSHIP","Post_Comm":"WARMINSTER","Post_Code":"18974","Post_Code4":"","Building":"","Floor":" ","Unit":" ","Room":"","Seat":" ","Addtl_Loc":" ","LandmkName":" ","Mile_Post":" ","Place_Type":" ","Placement":" ","Long":-75.08560594,"Lat":40.18555598,"Elev":"0","ParcelID":"49-009-028-009","Full_Addr":"44 HART ST","Comment":" ","Purpose":null,"DiscrpAgID":"buckscounty.org","created_user":null,"created_date":null,"last_edited_user":"DGALLOWAY","gc_exception":"","ADDRGUID":null,"RDNAME":"HART ST"}},{"type":"Feature","id":237679,"geometry":{"type":"Point","coordinates":[-75.0858531163653,40.1854626653146]},"properties":{"OBJECTID":237679,"Source":"","DateUpdate":"Tue, 12 Nov 2024 10:04:37 GMT","Effective":"Wed, 01 Jan 2020 00:00:01 GMT","Expire":"Sat, 01 Jan 2050 00:00:01 GMT","Site_NGUID":"SSAP23802838HARTST@buckscounty.org","Country":"US","State":"PA","County":"Bucks County","AddCode":"","AddDataURI":"","Inc_Muni":"Warminster Township","Uninc_Comm":"","Nbrhd_Comm":"","AddNum_Pre":"","Add_Number":"38","AddNum_Suf":"","St_PreMod":"","St_PreDir":"","St_PreTyp":"","St_PreSep":"","St_Name":"HART","St_PosTyp":"STREET","St_PosDir":"","St_PosMod":"","Lst_PreDir":"","Lst_Name":"HART","Lst_Type":"ST","LstPosDir":"","ESN":"51","MSAGComm":"WARMINSTER TOWNSHIP","Post_Comm":"WARMINSTER","Post_Code":"18974","Post_Code4":"","Building":"","Floor":" ","Unit":" ","Room":"","Seat":" ","Addtl_Loc":" ","LandmkName":" ","Mile_Post":" ","Place_Type":" ","Placement":" ","Long":-75.08585136,"Lat":40.18545455,"Elev":"0","ParcelID":"49-009-028-009","Full_Addr":"38 HART ST","Comment":" ","Purpose":null,"DiscrpAgID":"buckscounty.org","created_user":null,"created_date":null,"last_edited_user":"DGALLOWAY","gc_exception":"","ADDRGUID":null,"RDNAME":"HART ST"}},{"type":"Feature","id":237680,"geometry":{"type":"Point","coordinates":[-75.0861159741987,40.1855999546219]},"properties":{"OBJECTID":237680,"Source":"","DateUpdate":"Tue, 12 Nov 2024 10:04:37 GMT","Effective":"Wed, 01 Jan 2020 00:00:01 GMT","Expire":"Sat, 01 Jan 2050 00:00:01 GMT","Site_NGUID":"SSAP23802939HARTST@buckscounty.org","Country":"US","State":"PA","County":"Bucks County","AddCode":"","AddDataURI":"","Inc_Muni":"Warminster Township","Uninc_Comm":"","Nbrhd_Comm":"","AddNum_Pre":"","Add_Number":"39","AddNum_Suf":"","St_PreMod":"","St_PreDir":"","St_PreTyp":"","St_PreSep":"","St_Name":"HART","St_PosTyp":"STREET","St_PosDir":"","St_PosMod":"","Lst_PreDir":"","Lst_Name":"HART","Lst_Type":"ST","LstPosDir":"","ESN":"51","MSAGComm":"WARMINSTER TOWNSHIP","Post_Comm":"WARMINSTER","Post_Code":"18974","Post_Code4":"","Building":"","Floor":" ","Unit":" ","Room":"","Seat":" ","Addtl_Loc":" ","LandmkName":" ","Mile_Post":" ","Place_Type":" ","Placement":" ","Long":-75.08611421,"Lat":40.18559184,"Elev":"0","ParcelID":"49-009-028-009","Full_Addr":"39 HART ST","Comment":" ","Purpose":null,"DiscrpAgID":"buckscounty.org","created_user":null,"created_date":null,"last_edited_user":"DGALLOWAY","gc_exception":"","ADDRGUID":null,"RDNAME":"HART ST"}},{"type":"Feature","id":237681,"geometry":{"type":"Point","coordinates":[-75.0861803469473,40.1855712671051]},"properties":{"OBJECTID":237681,"Source":"","DateUpdate":"Tue, 12 Nov 2024 10:04:37 GMT","Effective":"Wed, 01 Jan 2020 00:00:01 GMT","Expire":"Sat, 01 Jan 2050 00:00:01 GMT","Site_NGUID":"SSAP23803037HARTST@buckscounty.org","Country":"US","State":"PA","County":"Bucks County","AddCode":"","AddDataURI":"","Inc_Muni":"Warminster Township","Uninc_Comm":"","Nbrhd_Comm":"","AddNum_Pre":"","Add_Number":"37","AddNum_Suf":"","St_PreMod":"","St_PreDir":"","St_PreTyp":"","St_PreSep":"","St_Name":"HART","St_PosTyp":"STREET","St_PosDir":"","St_PosMod":"","Lst_PreDir":"","Lst_Name":"HART","Lst_Type":"ST","LstPosDir":"","ESN":"51","MSAGComm":"WARMINSTER TOWNSHIP","Post_Comm":"WARMINSTER","Post_Code":"18974","Post_Code4":"","Building":"","Floor":" ","Unit":" ","Room":"","Seat":" ","Addtl_Loc":" ","LandmkName":" ","Mile_Post":" ","Place_Type":" ","Placement":" ","Long":-75.08617859,"Lat":40.18556315,"Elev":"0","ParcelID":"49-009-028-009","Full_Addr":"37 HART ST","Comment":" ","Purpose":null,"DiscrpAgID":"buckscounty.org","created_user":null,"created_date":null,"last_edited_user":"DGALLOWAY","gc_exception":"","ADDRGUID":null,"RDNAME":"HART ST"}},{"type":"Feature","id":237682,"geometry":{"type":"Point","coordinates":[-75.0862447202542,40.185550776217]},"properties":{"OBJECTID":237682,"Source":"","DateUpdate":"Tue, 12 Nov 2024 10:04:37 GMT","Effective":"Wed, 01 Jan 2020 00:00:01 GMT","Expire":"Sat, 01 Jan 2050 00:00:01 GMT","Site_NGUID":"SSAP23803135HARTST@buckscounty.org","Country":"US","State":"PA","County":"Bucks County","AddCode":"","AddDataURI":"","Inc_Muni":"Warminster Township","Uninc_Comm":"","Nbrhd_Comm":"","AddNum_Pre":"","Add_Number":"35","AddNum_Suf":"","St_PreMod":"","St_PreDir":"","St_PreTyp":"","St_PreSep":"","St_Name":"HART","St_PosTyp":"STREET","St_PosDir":"","St_PosMod":"","Lst_PreDir":"","Lst_Name":"HART","Lst_Type":"ST","LstPosDir":"","ESN":"51","MSAGComm":"WARMINSTER TOWNSHIP","Post_Comm":"WARMINSTER","Post_Code":"18974","Post_Code4":"","Building":"","Floor":" ","Unit":" ","Room":"","Seat":" ","Addtl_Loc":" ","LandmkName":" ","Mile_Post":" ","Place_Type":" ","Placement":" ","Long":-75.08624296,"Lat":40.18554266,"Elev":"0","ParcelID":"49-009-028-009","Full_Addr":"35 HART ST","Comment":" ","Purpose":null,"DiscrpAgID":"buckscounty.org","created_user":null,"created_date":null,"last_edited_user":"DGALLOWAY","gc_exception":"","ADDRGUID":null,"RDNAME":"HART ST"}},{"type":"Feature","id":237683,"geometry":{"type":"Point","coordinates":[-75.0862983634555,40.1855220890259]},"properties":{"OBJECTID":237683,"Source":"","DateUpdate":"Tue, 12 Nov 2024 10:04:37 GMT","Effective":"Wed, 01 Jan 2020 00:00:01 GMT","Expire":"Sat, 01 Jan 2050 00:00:01 GMT","Site_NGUID":"SSAP23803233HARTST@buckscounty.org","Country":"US","State":"PA","County":"Bucks County","AddCode":"","AddDataURI":"","Inc_Muni":"Warminster Township","Uninc_Comm":"","Nbrhd_Comm":"","AddNum_Pre":"","Add_Number":"33","AddNum_Suf":"","St_PreMod":"","St_PreDir":"","St_PreTyp":"","St_PreSep":"","St_Name":"HART","St_PosTyp":"STREET","St_PosDir":"","St_PosMod":"","Lst_PreDir":"","Lst_Name":"HART","Lst_Type":"ST","LstPosDir":"","ESN":"51","MSAGComm":"WARMINSTER TOWNSHIP","Post_Comm":"WARMINSTER","Post_Code":"18974","Post_Code4":"","Building":"","Floor":" ","Unit":" ","Room":"","Seat":" ","Addtl_Loc":" ","LandmkName":" ","Mile_Post":" ","Place_Type":" ","Placement":" ","Long":-75.0862966,"Lat":40.18551397,"Elev":"0","ParcelID":"49-009-028-009","Full_Addr":"33 HART ST","Comment":" ","Purpose":null,"DiscrpAgID":"buckscounty.org","created_user":null,"created_date":null,"last_edited_user":"DGALLOWAY","gc_exception":"","ADDRGUID":null,"RDNAME":"HART ST"}},{"type":"Feature","id":237684,"geometry":{"type":"Point","coordinates":[-75.0863573733841,40.1854893028803]},"properties":{"OBJECTID":237684,"Source":"","DateUpdate":"Tue, 12 Nov 2024 10:04:37 GMT","Effective":"Wed, 01 Jan 2020 00:00:01 GMT","Expire":"Sat, 01 Jan 2050 00:00:01 GMT","Site_NGUID":"SSAP23803331HARTST@buckscounty.org","Country":"US","State":"PA","County":"Bucks County","AddCode":"","AddDataURI":"","Inc_Muni":"Warminster Township","Uninc_Comm":"","Nbrhd_Comm":"","AddNum_Pre":"","Add_Number":"31","AddNum_Suf":"","St_PreMod":"","St_PreDir":"","St_PreTyp":"","St_PreSep":"","St_Name":"HART","St_PosTyp":"STREET","St_PosDir":"","St_PosMod":"","Lst_PreDir":"","Lst_Name":"HART","Lst_Type":"ST","LstPosDir":"","ESN":"51","MSAGComm":"WARMINSTER TOWNSHIP","Post_Comm":"WARMINSTER","Post_Code":"18974","Post_Code4":"","Building":"","Floor":" ","Unit":" ","Room":"","Seat":" ","Addtl_Loc":" ","LandmkName":" ","Mile_Post":" ","Place_Type":" ","Placement":" ","Long":-75.08635561,"Lat":40.18548119,"Elev":"0","ParcelID":"49-009-028-009","Full_Addr":"31 HART ST","Comment":" ","Purpose":null,"DiscrpAgID":"buckscounty.org","created_user":null,"created_date":null,"last_edited_user":"DGALLOWAY","gc_exception":"","ADDRGUID":null,"RDNAME":"HART ST"}},{"type":"Feature","id":237685,"geometry":{"type":"Point","coordinates":[-75.0864163803325,40.1854647141879]},"properties":{"OBJECTID":237685,"Source":"","DateUpdate":"Tue, 12 Nov 2024 10:04:37 GMT","Effective":"Wed, 01 Jan 2020 00:00:01 GMT","Expire":"Sat, 01 Jan 2050 00:00:01 GMT","Site_NGUID":"SSAP23803429HARTST@buckscounty.org","Country":"US","State":"PA","County":"Bucks County","AddCode":"","AddDataURI":"","Inc_Muni":"Warminster Township","Uninc_Comm":"","Nbrhd_Comm":"","AddNum_Pre":"","Add_Number":"29","AddNum_Suf":"","St_PreMod":"","St_PreDir":"","St_PreTyp":"","St_PreSep":"","St_Name":"HART","St_PosTyp":"STREET","St_PosDir":"","St_PosMod":"","Lst_PreDir":"","Lst_Name":"HART","Lst_Type":"ST","LstPosDir":"","ESN":"51","MSAGComm":"WARMINSTER TOWNSHIP","Post_Comm":"WARMINSTER","Post_Code":"18974","Post_Code4":"","Building":"","Floor":" ","Unit":" ","Room":"","Seat":" ","Addtl_Loc":" ","LandmkName":" ","Mile_Post":" ","Place_Type":" ","Placement":" ","Long":-75.08641462,"Lat":40.1854566,"Elev":"0","ParcelID":"49-009-028-009","Full_Addr":"29 HART ST","Comment":" ","Purpose":null,"DiscrpAgID":"buckscounty.org","created_user":null,"created_date":null,"last_edited_user":"DGALLOWAY","gc_exception":"","ADDRGUID":null,"RDNAME":"HART ST"}},{"type":"Feature","id":237686,"geometry":{"type":"Point","coordinates":[-75.0876797021503,40.1849053078267]},"properties":{"OBJECTID":237686,"Source":"","DateUpdate":"Tue, 12 Nov 2024 10:04:37 GMT","Effective":"Wed, 01 Jan 2020 00:00:01 GMT","Expire":"Sat, 01 Jan 2050 00:00:01 GMT","Site_NGUID":"SSAP2380355HARTST@buckscounty.org","Country":"US","State":"PA","County":"Bucks County","AddCode":"","AddDataURI":"","Inc_Muni":"Warminster Township","Uninc_Comm":"","Nbrhd_Comm":"","AddNum_Pre":"","Add_Number":"5","AddNum_Suf":"","St_PreMod":"","St_PreDir":"","St_PreTyp":"","St_PreSep":"","St_Name":"HART","St_PosTyp":"STREET","St_PosDir":"","St_PosMod":"","Lst_PreDir":"","Lst_Name":"HART","Lst_Type":"ST","LstPosDir":"","ESN":"51","MSAGComm":"WARMINSTER TOWNSHIP","Post_Comm":"WARMINSTER","Post_Code":"18974","Post_Code4":"","Building":"","Floor":" ","Unit":" ","Room":"","Seat":" ","Addtl_Loc":" ","LandmkName":" ","Mile_Post":" ","Place_Type":" ","Placement":" ","Long":-75.08767794,"Lat":40.18489719,"Elev":"0","ParcelID":"49-009-028-009","Full_Addr":"5 HART ST","Comment":" ","Purpose":null,"DiscrpAgID":"buckscounty.org","created_user":null,"created_date":null,"last_edited_user":"DGALLOWAY","gc_exception":"","ADDRGUID":null,"RDNAME":"HART ST"}},{"type":"Feature","id":237687,"geometry":{"type":"Point","coordinates":[-75.0880230256267,40.1850548931012]},"properties":{"OBJECTID":237687,"Source":"","DateUpdate":"Tue, 12 Nov 2024 10:04:37 GMT","Effective":"Wed, 01 Jan 2020 00:00:01 GMT","Expire":"Sat, 01 Jan 2050 00:00:01 GMT","Site_NGUID":"SSAP2380362GRIERST@buckscounty.org","Country":"US","State":"PA","County":"Bucks County","AddCode":"","AddDataURI":"","Inc_Muni":"Warminster Township","Uninc_Comm":"","Nbrhd_Comm":"","AddNum_Pre":"","Add_Number":"2","AddNum_Suf":"","St_PreMod":"","St_PreDir":"","St_PreTyp":"","St_PreSep":"","St_Name":"GRIER","St_PosTyp":"STREET","St_PosDir":"","St_PosMod":"","Lst_PreDir":"","Lst_Name":"GRIER","Lst_Type":"ST","LstPosDir":"","ESN":"51","MSAGComm":"WARMINSTER TOWNSHIP","Post_Comm":"WARMINSTER","Post_Code":"18974","Post_Code4":"","Building":"","Floor":" ","Unit":" ","Room":"","Seat":" ","Addtl_Loc":" ","LandmkName":" ","Mile_Post":" ","Place_Type":" ","Placement":" ","Long":-75.08802126,"Lat":40.18504678,"Elev":"0","ParcelID":"49-009-028-009","Full_Addr":"2 GRIER ST","Comment":" ","Purpose":null,"DiscrpAgID":"buckscounty.org","created_user":null,"created_date":null,"last_edited_user":"DGALLOWAY","gc_exception":"","ADDRGUID":null,"RDNAME":"GRIER ST"}},{"type":"Feature","id":237688,"geometry":{"type":"Point","coordinates":[-75.0879479233149,40.1850917770115]},"properties":{"OBJECTID":237688,"Source":"","DateUpdate":"Tue, 12 Nov 2024 10:04:37 GMT","Effective":"Wed, 01 Jan 2020 00:00:01 GMT","Expire":"Sat, 01 Jan 2050 00:00:01 GMT","Site_NGUID":"SSAP2380374GRIERST@buckscounty.org","Country":"US","State":"PA","County":"Bucks County","AddCode":"","AddDataURI":"","Inc_Muni":"Warminster Township","Uninc_Comm":"","Nbrhd_Comm":"","AddNum_Pre":"","Add_Number":"4","AddNum_Suf":"","St_PreMod":"","St_PreDir":"","St_PreTyp":"","St_PreSep":"","St_Name":"GRIER","St_PosTyp":"STREET","St_PosDir":"","St_PosMod":"","Lst_PreDir":"","Lst_Name":"GRIER","Lst_Type":"ST","LstPosDir":"","ESN":"51","MSAGComm":"WARMINSTER TOWNSHIP","Post_Comm":"WARMINSTER","Post_Code":"18974","Post_Code4":"","Building":"","Floor":" ","Unit":" ","Room":"","Seat":" ","Addtl_Loc":" ","LandmkName":" ","Mile_Post":" ","Place_Type":" ","Placement":" ","Long":-75.08794616,"Lat":40.18508366,"Elev":"0","ParcelID":"49-009-028-009","Full_Addr":"4 GRIER ST","Comment":" ","Purpose":null,"DiscrpAgID":"buckscounty.org","created_user":null,"created_date":null,"last_edited_user":"DGALLOWAY","gc_exception":"","ADDRGUID":null,"RDNAME":"GRIER ST"}},{"type":"Feature","id":237689,"geometry":{"type":"Point","coordinates":[-75.087859411163,40.1851307105339]},"properties":{"OBJECTID":237689,"Source":"","DateUpdate":"Tue, 12 Nov 2024 10:04:37 GMT","Effective":"Wed, 01 Jan 2020 00:00:01 GMT","Expire":"Sat, 01 Jan 2050 00:00:01 GMT","Site_NGUID":"SSAP2380386GRIERST@buckscounty.org","Country":"US","State":"PA","County":"Bucks County","AddCode":"","AddDataURI":"","Inc_Muni":"Warminster Township","Uninc_Comm":"","Nbrhd_Comm":"","AddNum_Pre":"","Add_Number":"6","AddNum_Suf":"","St_PreMod":"","St_PreDir":"","St_PreTyp":"","St_PreSep":"","St_Name":"GRIER","St_PosTyp":"STREET","St_PosDir":"","St_PosMod":"","Lst_PreDir":"","Lst_Name":"GRIER","Lst_Type":"ST","LstPosDir":"","ESN":"51","MSAGComm":"WARMINSTER TOWNSHIP","Post_Comm":"WARMINSTER","Post_Code":"18974","Post_Code4":"","Building":"","Floor":" ","Unit":" ","Room":"","Seat":" ","Addtl_Loc":" ","LandmkName":" ","Mile_Post":" ","Place_Type":" ","Placement":" ","Long":-75.08785765,"Lat":40.1851226,"Elev":"0","ParcelID":"49-009-028-009","Full_Addr":"6 GRIER ST","Comment":" ","Purpose":null,"DiscrpAgID":"buckscounty.org","created_user":null,"created_date":null,"last_edited_user":"DGALLOWAY","gc_exception":"","ADDRGUID":null,"RDNAME":"GRIER ST"}},{"type":"Feature","id":237690,"geometry":{"type":"Point","coordinates":[-75.0877869897278,40.1851634963005]},"properties":{"OBJECTID":237690,"Source":"","DateUpdate":"Tue, 12 Nov 2024 10:04:37 GMT","Effective":"Wed, 01 Jan 2020 00:00:01 GMT","Expire":"Sat, 01 Jan 2050 00:00:01 GMT","Site_NGUID":"SSAP2380398GRIERST@buckscounty.org","Country":"US","State":"PA","County":"Bucks County","AddCode":"","AddDataURI":"","Inc_Muni":"Warminster Township","Uninc_Comm":"","Nbrhd_Comm":"","AddNum_Pre":"","Add_Number":"8","AddNum_Suf":"","St_PreMod":"","St_PreDir":"","St_PreTyp":"","St_PreSep":"","St_Name":"GRIER","St_PosTyp":"STREET","St_PosDir":"","St_PosMod":"","Lst_PreDir":"","Lst_Name":"GRIER","Lst_Type":"ST","LstPosDir":"","ESN":"51","MSAGComm":"WARMINSTER TOWNSHIP","Post_Comm":"WARMINSTER","Post_Code":"18974","Post_Code4":"","Building":"","Floor":" ","Unit":" ","Room":"","Seat":" ","Addtl_Loc":" ","LandmkName":" ","Mile_Post":" ","Place_Type":" ","Placement":" ","Long":-75.08778523,"Lat":40.18515538,"Elev":"0","ParcelID":"49-009-028-009","Full_Addr":"8 GRIER ST","Comment":" ","Purpose":null,"DiscrpAgID":"buckscounty.org","created_user":null,"created_date":null,"last_edited_user":"DGALLOWAY","gc_exception":"","ADDRGUID":null,"RDNAME":"GRIER ST"}},{"type":"Feature","id":237712,"geometry":{"type":"Point","coordinates":[-75.0876019185998,40.1846655609013]},"properties":{"OBJECTID":237712,"Source":"","DateUpdate":"Tue, 12 Nov 2024 10:04:37 GMT","Effective":"Wed, 01 Jan 2020 00:00:01 GMT","Expire":"Sat, 01 Jan 2050 00:00:01 GMT","Site_NGUID":"SSAP2380614HARTST@buckscounty.org","Country":"US","State":"PA","County":"Bucks County","AddCode":"","AddDataURI":"","Inc_Muni":"Warminster Township","Uninc_Comm":"","Nbrhd_Comm":"","AddNum_Pre":"","Add_Number":"4","AddNum_Suf":"","St_PreMod":"","St_PreDir":"","St_PreTyp":"","St_PreSep":"","St_Name":"HART","St_PosTyp":"STREET","St_PosDir":"","St_PosMod":"","Lst_PreDir":"","Lst_Name":"HART","Lst_Type":"ST","LstPosDir":"","ESN":"51","MSAGComm":"WARMINSTER TOWNSHIP","Post_Comm":"WARMINSTER","Post_Code":"18974","Post_Code4":"","Building":"","Floor":" ","Unit":" ","Room":"","Seat":" ","Addtl_Loc":" ","LandmkName":" ","Mile_Post":" ","Place_Type":" ","Placement":" ","Long":-75.08760016,"Lat":40.18465745,"Elev":"0","ParcelID":"49-009-028-009","Full_Addr":"4 HART ST","Comment":" ","Purpose":null,"DiscrpAgID":"buckscounty.org","created_user":null,"created_date":null,"last_edited_user":"DGALLOWAY","gc_exception":"","ADDRGUID":null,"RDNAME":"HART ST"}},{"type":"Feature","id":237726,"geometry":{"type":"Point","coordinates":[-75.0866728783249,40.1838441669064]},"properties":{"OBJECTID":237726,"Source":"","DateUpdate":"Tue, 12 Nov 2024 10:04:37 GMT","Effective":"Wed, 01 Jan 2020 00:00:01 GMT","Expire":"Sat, 01 Jan 2050 00:00:01 GMT","Site_NGUID":"SSAP23807526KNIGHTST@buckscounty.org","Country":"US","State":"PA","County":"Bucks County","AddCode":"","AddDataURI":"","Inc_Muni":"Warminster Township","Uninc_Comm":"","Nbrhd_Comm":"","AddNum_Pre":"","Add_Number":"26","AddNum_Suf":"","St_PreMod":"","St_PreDir":"","St_PreTyp":"","St_PreSep":"","St_Name":"KNIGHT","St_PosTyp":"STREET","St_PosDir":"","St_PosMod":"","Lst_PreDir":"","Lst_Name":"KNIGHT","Lst_Type":"ST","LstPosDir":"","ESN":"51","MSAGComm":"WARMINSTER TOWNSHIP","Post_Comm":"HATBORO","Post_Code":"19040","Post_Code4":"","Building":"","Floor":" ","Unit":" ","Room":"","Seat":" ","Addtl_Loc":" ","LandmkName":" ","Mile_Post":" ","Place_Type":" ","Placement":" ","Long":-75.08667112,"Lat":40.18383605,"Elev":"0","ParcelID":"49-009-028-013","Full_Addr":"26 KNIGHT ST","Comment":" ","Purpose":null,"DiscrpAgID":"buckscounty.org","created_user":null,"created_date":null,"last_edited_user":"DGALLOWAY","gc_exception":"","ADDRGUID":null,"RDNAME":"KNIGHT ST"}},{"type":"Feature","id":237733,"geometry":{"type":"Point","coordinates":[-75.0871342181079,40.1839097400678]},"properties":{"OBJECTID":237733,"Source":"","DateUpdate":"Tue, 12 Nov 2024 10:04:37 GMT","Effective":"Wed, 01 Jan 2020 00:00:01 GMT","Expire":"Sat, 01 Jan 2050 00:00:01 GMT","Site_NGUID":"SSAP23808217KNIGHTST@buckscounty.org","Country":"US","State":"PA","County":"Bucks County","AddCode":"","AddDataURI":"","Inc_Muni":"Warminster Township","Uninc_Comm":"","Nbrhd_Comm":"","AddNum_Pre":"","Add_Number":"17","AddNum_Suf":"","St_PreMod":"","St_PreDir":"","St_PreTyp":"","St_PreSep":"","St_Name":"KNIGHT","St_PosTyp":"STREET","St_PosDir":"","St_PosMod":"","Lst_PreDir":"","Lst_Name":"KNIGHT","Lst_Type":"ST","LstPosDir":"","ESN":"51","MSAGComm":"WARMINSTER TOWNSHIP","Post_Comm":"WARMINSTER","Post_Code":"18974","Post_Code4":"","Building":"","Floor":" ","Unit":" ","Room":"","Seat":" ","Addtl_Loc":" ","LandmkName":" ","Mile_Post":" ","Place_Type":" ","Placement":" ","Long":-75.08713246,"Lat":40.18390163,"Elev":"0","ParcelID":"49-009-028-013","Full_Addr":"17 KNIGHT ST","Comment":" ","Purpose":null,"DiscrpAgID":"buckscounty.org","created_user":null,"created_date":null,"last_edited_user":"DGALLOWAY","gc_exception":"","ADDRGUID":null,"RDNAME":"KNIGHT ST"}},{"type":"Feature","id":237734,"geometry":{"type":"Point","coordinates":[-75.0870644807709,40.1839425261854]},"properties":{"OBJECTID":237734,"Source":"","DateUpdate":"Tue, 12 Nov 2024 10:04:37 GMT","Effective":"Wed, 01 Jan 2020 00:00:01 GMT","Expire":"Sat, 01 Jan 2050 00:00:01 GMT","Site_NGUID":"SSAP23808319KNIGHTST@buckscounty.org","Country":"US","State":"PA","County":"Bucks County","AddCode":"","AddDataURI":"","Inc_Muni":"Warminster Township","Uninc_Comm":"","Nbrhd_Comm":"","AddNum_Pre":"","Add_Number":"19","AddNum_Suf":"","St_PreMod":"","St_PreDir":"","St_PreTyp":"","St_PreSep":"","St_Name":"KNIGHT","St_PosTyp":"STREET","St_PosDir":"","St_PosMod":"","Lst_PreDir":"","Lst_Name":"KNIGHT","Lst_Type":"ST","LstPosDir":"","ESN":"51","MSAGComm":"WARMINSTER TOWNSHIP","Post_Comm":"WARMINSTER","Post_Code":"18974","Post_Code4":"","Building":"","Floor":" ","Unit":" ","Room":"","Seat":" ","Addtl_Loc":" ","LandmkName":" ","Mile_Post":" ","Place_Type":" ","Placement":" ","Long":-75.08706272,"Lat":40.18393441,"Elev":"0","ParcelID":"49-009-028-013","Full_Addr":"19 KNIGHT ST","Comment":" ","Purpose":null,"DiscrpAgID":"buckscounty.org","created_user":null,"created_date":null,"last_edited_user":"DGALLOWAY","gc_exception":"","ADDRGUID":null,"RDNAME":"KNIGHT ST"}},{"type":"Feature","id":237735,"geometry":{"type":"Point","coordinates":[-75.0869840142009,40.1839753118221]},"properties":{"OBJECTID":237735,"Source":"","DateUpdate":"Tue, 12 Nov 2024 10:04:37 GMT","Effective":"Wed, 01 Jan 2020 00:00:01 GMT","Expire":"Sat, 01 Jan 2050 00:00:01 GMT","Site_NGUID":"SSAP23808421KNIGHTST@buckscounty.org","Country":"US","State":"PA","County":"Bucks County","AddCode":"","AddDataURI":"","Inc_Muni":"Warminster Township","Uninc_Comm":"","Nbrhd_Comm":"","AddNum_Pre":"","Add_Number":"21","AddNum_Suf":"","St_PreMod":"","St_PreDir":"","St_PreTyp":"","St_PreSep":"","St_Name":"KNIGHT","St_PosTyp":"STREET","St_PosDir":"","St_PosMod":"","Lst_PreDir":"","Lst_Name":"KNIGHT","Lst_Type":"ST","LstPosDir":"","ESN":"51","MSAGComm":"WARMINSTER TOWNSHIP","Post_Comm":"WARMINSTER","Post_Code":"18974","Post_Code4":"","Building":"","Floor":" ","Unit":" ","Room":"","Seat":" ","Addtl_Loc":" ","LandmkName":" ","Mile_Post":" ","Place_Type":" ","Placement":" ","Long":-75.08698225,"Lat":40.1839672,"Elev":"0","ParcelID":"49-009-028-013","Full_Addr":"21 KNIGHT ST","Comment":" ","Purpose":null,"DiscrpAgID":"buckscounty.org","created_user":null,"created_date":null,"last_edited_user":"DGALLOWAY","gc_exception":"","ADDRGUID":null,"RDNAME":"KNIGHT ST"}},{"type":"Feature","id":237736,"geometry":{"type":"Point","coordinates":[-75.0869089117564,40.1840040001929]},"properties":{"OBJECTID":237736,"Source":"","DateUpdate":"Tue, 12 Nov 2024 10:04:37 GMT","Effective":"Wed, 01 Jan 2020 00:00:01 GMT","Expire":"Sat, 01 Jan 2050 00:00:01 GMT","Site_NGUID":"SSAP23808523KNIGHTST@buckscounty.org","Country":"US","State":"PA","County":"Bucks County","AddCode":"","AddDataURI":"","Inc_Muni":"Warminster Township","Uninc_Comm":"","Nbrhd_Comm":"","AddNum_Pre":"","Add_Number":"23","AddNum_Suf":"","St_PreMod":"","St_PreDir":"","St_PreTyp":"","St_PreSep":"","St_Name":"KNIGHT","St_PosTyp":"STREET","St_PosDir":"","St_PosMod":"","Lst_PreDir":"","Lst_Name":"KNIGHT","Lst_Type":"ST","LstPosDir":"","ESN":"51","MSAGComm":"WARMINSTER TOWNSHIP","Post_Comm":"WARMINSTER","Post_Code":"18974","Post_Code4":"","Building":"","Floor":" ","Unit":" ","Room":"","Seat":" ","Addtl_Loc":" ","LandmkName":" ","Mile_Post":" ","Place_Type":" ","Placement":" ","Long":-75.08690715,"Lat":40.18399589,"Elev":"0","ParcelID":"49-009-028-013","Full_Addr":"23 KNIGHT ST","Comment":" ","Purpose":null,"DiscrpAgID":"buckscounty.org","created_user":null,"created_date":null,"last_edited_user":"DGALLOWAY","gc_exception":"","ADDRGUID":null,"RDNAME":"KNIGHT ST"}},{"type":"Feature","id":237737,"geometry":{"type":"Point","coordinates":[-75.0866728778231,40.1841187515373]},"properties":{"OBJECTID":237737,"Source":"","DateUpdate":"Tue, 12 Nov 2024 10:04:37 GMT","Effective":"Wed, 01 Jan 2020 00:00:01 GMT","Expire":"Sat, 01 Jan 2050 00:00:01 GMT","Site_NGUID":"SSAP23808625KNIGHTST@buckscounty.org","Country":"US","State":"PA","County":"Bucks County","AddCode":"","AddDataURI":"","Inc_Muni":"Warminster Township","Uninc_Comm":"","Nbrhd_Comm":"","AddNum_Pre":"","Add_Number":"25","AddNum_Suf":"","St_PreMod":"","St_PreDir":"","St_PreTyp":"","St_PreSep":"","St_Name":"KNIGHT","St_PosTyp":"STREET","St_PosDir":"","St_PosMod":"","Lst_PreDir":"","Lst_Name":"KNIGHT","Lst_Type":"ST","LstPosDir":"","ESN":"51","MSAGComm":"WARMINSTER TOWNSHIP","Post_Comm":"WARMINSTER","Post_Code":"18974","Post_Code4":"","Building":"","Floor":" ","Unit":" ","Room":"","Seat":" ","Addtl_Loc":" ","LandmkName":" ","Mile_Post":" ","Place_Type":" ","Placement":" ","Long":-75.08667112,"Lat":40.18411064,"Elev":"0","ParcelID":"49-009-028-013","Full_Addr":"25 KNIGHT ST","Comment":" ","Purpose":null,"DiscrpAgID":"buckscounty.org","created_user":null,"created_date":null,"last_edited_user":"DGALLOWAY","gc_exception":"","ADDRGUID":null,"RDNAME":"KNIGHT ST"}},{"type":"Feature","id":237738,"geometry":{"type":"Point","coordinates":[-75.0866085042807,40.1841474401792]},"properties":{"OBJECTID":237738,"Source":"","DateUpdate":"Tue, 12 Nov 2024 10:04:37 GMT","Effective":"Wed, 01 Jan 2020 00:00:01 GMT","Expire":"Sat, 01 Jan 2050 00:00:01 GMT","Site_NGUID":"SSAP23808727KNIGHTST@buckscounty.org","Country":"US","State":"PA","County":"Bucks County","AddCode":"","AddDataURI":"","Inc_Muni":"Warminster Township","Uninc_Comm":"","Nbrhd_Comm":"","AddNum_Pre":"","Add_Number":"27","AddNum_Suf":"","St_PreMod":"","St_PreDir":"","St_PreTyp":"","St_PreSep":"","St_Name":"KNIGHT","St_PosTyp":"STREET","St_PosDir":"","St_PosMod":"","Lst_PreDir":"","Lst_Name":"KNIGHT","Lst_Type":"ST","LstPosDir":"","ESN":"51","MSAGComm":"WARMINSTER TOWNSHIP","Post_Comm":"WARMINSTER","Post_Code":"18974","Post_Code4":"","Building":"","Floor":" ","Unit":" ","Room":"","Seat":" ","Addtl_Loc":" ","LandmkName":" ","Mile_Post":" ","Place_Type":" ","Placement":" ","Long":-75.08660674,"Lat":40.18413933,"Elev":"0","ParcelID":"49-009-028-013","Full_Addr":"27 KNIGHT ST","Comment":" ","Purpose":null,"DiscrpAgID":"buckscounty.org","created_user":null,"created_date":null,"last_edited_user":"DGALLOWAY","gc_exception":"","ADDRGUID":null,"RDNAME":"KNIGHT ST"}},{"type":"Feature","id":237739,"geometry":{"type":"Point","coordinates":[-75.0865548584989,40.1841802262064]},"properties":{"OBJECTID":237739,"Source":"","DateUpdate":"Tue, 12 Nov 2024 10:04:37 GMT","Effective":"Wed, 01 Jan 2020 00:00:01 GMT","Expire":"Sat, 01 Jan 2050 00:00:01 GMT","Site_NGUID":"SSAP23808829KNIGHTST@buckscounty.org","Country":"US","State":"PA","County":"Bucks County","AddCode":"","AddDataURI":"","Inc_Muni":"Warminster Township","Uninc_Comm":"","Nbrhd_Comm":"","AddNum_Pre":"","Add_Number":"29","AddNum_Suf":"","St_PreMod":"","St_PreDir":"","St_PreTyp":"","St_PreSep":"","St_Name":"KNIGHT","St_PosTyp":"STREET","St_PosDir":"","St_PosMod":"","Lst_PreDir":"","Lst_Name":"KNIGHT","Lst_Type":"ST","LstPosDir":"","ESN":"51","MSAGComm":"WARMINSTER TOWNSHIP","Post_Comm":"WARMINSTER","Post_Code":"18974","Post_Code4":"","Building":"","Floor":" ","Unit":" ","Room":"","Seat":" ","Addtl_Loc":" ","LandmkName":" ","Mile_Post":" ","Place_Type":" ","Placement":" ","Long":-75.0865531,"Lat":40.18417211,"Elev":"0","ParcelID":"49-009-028-013","Full_Addr":"29 KNIGHT ST","Comment":" ","Purpose":null,"DiscrpAgID":"buckscounty.org","created_user":null,"created_date":null,"last_edited_user":"DGALLOWAY","gc_exception":"","ADDRGUID":null,"RDNAME":"KNIGHT ST"}},{"type":"Feature","id":237740,"geometry":{"type":"Point","coordinates":[-75.0865012152599,40.1842089143936]},"properties":{"OBJECTID":237740,"Source":"","DateUpdate":"Tue, 12 Nov 2024 10:04:37 GMT","Effective":"Wed, 01 Jan 2020 00:00:01 GMT","Expire":"Sat, 01 Jan 2050 00:00:01 GMT","Site_NGUID":"SSAP23808931KNIGHTST@buckscounty.org","Country":"US","State":"PA","County":"Bucks County","AddCode":"","AddDataURI":"","Inc_Muni":"Warminster Township","Uninc_Comm":"","Nbrhd_Comm":"","AddNum_Pre":"","Add_Number":"31","AddNum_Suf":"","St_PreMod":"","St_PreDir":"","St_PreTyp":"","St_PreSep":"","St_Name":"KNIGHT","St_PosTyp":"STREET","St_PosDir":"","St_PosMod":"","Lst_PreDir":"","Lst_Name":"KNIGHT","Lst_Type":"ST","LstPosDir":"","ESN":"51","MSAGComm":"WARMINSTER TOWNSHIP","Post_Comm":"WARMINSTER","Post_Code":"18974","Post_Code4":"","Building":"","Floor":" ","Unit":" ","Room":"","Seat":" ","Addtl_Loc":" ","LandmkName":" ","Mile_Post":" ","Place_Type":" ","Placement":" ","Long":-75.08649945,"Lat":40.1842008,"Elev":"0","ParcelID":"49-009-028-013","Full_Addr":"31 KNIGHT ST","Comment":" ","Purpose":null,"DiscrpAgID":"buckscounty.org","created_user":null,"created_date":null,"last_edited_user":"DGALLOWAY","gc_exception":"","ADDRGUID":null,"RDNAME":"KNIGHT ST"}},{"type":"Feature","id":237741,"geometry":{"type":"Point","coordinates":[-75.0864314789852,40.1842335044156]},"properties":{"OBJECTID":237741,"Source":"","DateUpdate":"Tue, 12 Nov 2024 10:04:37 GMT","Effective":"Wed, 01 Jan 2020 00:00:01 GMT","Expire":"Sat, 01 Jan 2050 00:00:01 GMT","Site_NGUID":"SSAP23809033KNIGHTST@buckscounty.org","Country":"US","State":"PA","County":"Bucks County","AddCode":"","AddDataURI":"","Inc_Muni":"Warminster Township","Uninc_Comm":"","Nbrhd_Comm":"","AddNum_Pre":"","Add_Number":"33","AddNum_Suf":"","St_PreMod":"","St_PreDir":"","St_PreTyp":"","St_PreSep":"","St_Name":"KNIGHT","St_PosTyp":"STREET","St_PosDir":"","St_PosMod":"","Lst_PreDir":"","Lst_Name":"KNIGHT","Lst_Type":"ST","LstPosDir":"","ESN":"51","MSAGComm":"WARMINSTER TOWNSHIP","Post_Comm":"WARMINSTER","Post_Code":"18974","Post_Code4":"","Building":"","Floor":" ","Unit":" ","Room":"","Seat":" ","Addtl_Loc":" ","LandmkName":" ","Mile_Post":" ","Place_Type":" ","Placement":" ","Long":-75.08642972,"Lat":40.18422539,"Elev":"0","ParcelID":"49-009-028-013","Full_Addr":"33 KNIGHT ST","Comment":" ","Purpose":null,"DiscrpAgID":"buckscounty.org","created_user":null,"created_date":null,"last_edited_user":"DGALLOWAY","gc_exception":"","ADDRGUID":null,"RDNAME":"KNIGHT ST"}},{"type":"Feature","id":237742,"geometry":{"type":"Point","coordinates":[-75.0863778347681,40.1842580937486]},"properties":{"OBJECTID":237742,"Source":"","DateUpdate":"Tue, 12 Nov 2024 10:04:37 GMT","Effective":"Wed, 01 Jan 2020 00:00:01 GMT","Expire":"Sat, 01 Jan 2050 00:00:01 GMT","Site_NGUID":"SSAP23809135KNIGHTST@buckscounty.org","Country":"US","State":"PA","County":"Bucks County","AddCode":"","AddDataURI":"","Inc_Muni":"Warminster Township","Uninc_Comm":"","Nbrhd_Comm":"","AddNum_Pre":"","Add_Number":"35","AddNum_Suf":"","St_PreMod":"","St_PreDir":"","St_PreTyp":"","St_PreSep":"","St_Name":"KNIGHT","St_PosTyp":"STREET","St_PosDir":"","St_PosMod":"","Lst_PreDir":"","Lst_Name":"KNIGHT","Lst_Type":"ST","LstPosDir":"","ESN":"51","MSAGComm":"WARMINSTER TOWNSHIP","Post_Comm":"WARMINSTER","Post_Code":"18974","Post_Code4":"","Building":"","Floor":" ","Unit":" ","Room":"","Seat":" ","Addtl_Loc":" ","LandmkName":" ","Mile_Post":" ","Place_Type":" ","Placement":" ","Long":-75.08637607,"Lat":40.18424998,"Elev":"0","ParcelID":"49-009-028-013","Full_Addr":"35 KNIGHT ST","Comment":" ","Purpose":null,"DiscrpAgID":"buckscounty.org","created_user":null,"created_date":null,"last_edited_user":"DGALLOWAY","gc_exception":"","ADDRGUID":null,"RDNAME":"KNIGHT ST"}},{"type":"Feature","id":237743,"geometry":{"type":"Point","coordinates":[-75.0871020304152,40.1836597432235]},"properties":{"OBJECTID":237743,"Source":"","DateUpdate":"Tue, 12 Nov 2024 10:04:37 GMT","Effective":"Wed, 01 Jan 2020 00:00:01 GMT","Expire":"Sat, 01 Jan 2050 00:00:01 GMT","Site_NGUID":"SSAP23809218KNIGHTST@buckscounty.org","Country":"US","State":"PA","County":"Bucks County","AddCode":"","AddDataURI":"","Inc_Muni":"Warminster Township","Uninc_Comm":"","Nbrhd_Comm":"","AddNum_Pre":"","Add_Number":"18","AddNum_Suf":"","St_PreMod":"","St_PreDir":"","St_PreTyp":"","St_PreSep":"","St_Name":"KNIGHT","St_PosTyp":"STREET","St_PosDir":"","St_PosMod":"","Lst_PreDir":"","Lst_Name":"KNIGHT","Lst_Type":"ST","LstPosDir":"","ESN":"51","MSAGComm":"WARMINSTER TOWNSHIP","Post_Comm":"HATBORO","Post_Code":"19040","Post_Code4":"","Building":"","Floor":" ","Unit":" ","Room":"","Seat":" ","Addtl_Loc":" ","LandmkName":" ","Mile_Post":" ","Place_Type":" ","Placement":" ","Long":-75.08710027,"Lat":40.18365163,"Elev":"0","ParcelID":"49-009-028-013","Full_Addr":"18 KNIGHT ST","Comment":" ","Purpose":null,"DiscrpAgID":"buckscounty.org","created_user":null,"created_date":null,"last_edited_user":"DGALLOWAY","gc_exception":"","ADDRGUID":null,"RDNAME":"KNIGHT ST"}},{"type":"Feature","id":237744,"geometry":{"type":"Point","coordinates":[-75.0870483868959,40.1836843328702]},"properties":{"OBJECTID":237744,"Source":"","DateUpdate":"Tue, 12 Nov 2024 10:04:37 GMT","Effective":"Wed, 01 Jan 2020 00:00:01 GMT","Expire":"Sat, 01 Jan 2050 00:00:01 GMT","Site_NGUID":"SSAP23809320KNIGHTST@buckscounty.org","Country":"US","State":"PA","County":"Bucks County","AddCode":"","AddDataURI":"","Inc_Muni":"Warminster Township","Uninc_Comm":"","Nbrhd_Comm":"","AddNum_Pre":"","Add_Number":"20","AddNum_Suf":"","St_PreMod":"","St_PreDir":"","St_PreTyp":"","St_PreSep":"","St_Name":"KNIGHT","St_PosTyp":"STREET","St_PosDir":"","St_PosMod":"","Lst_PreDir":"","Lst_Name":"KNIGHT","Lst_Type":"ST","LstPosDir":"","ESN":"51","MSAGComm":"WARMINSTER TOWNSHIP","Post_Comm":"HATBORO","Post_Code":"19040","Post_Code4":"","Building":"","Floor":" ","Unit":" ","Room":"","Seat":" ","Addtl_Loc":" ","LandmkName":" ","Mile_Post":" ","Place_Type":" ","Placement":" ","Long":-75.08704663,"Lat":40.18367622,"Elev":"0","ParcelID":"49-009-028-013","Full_Addr":"20 KNIGHT ST","Comment":" ","Purpose":null,"DiscrpAgID":"buckscounty.org","created_user":null,"created_date":null,"last_edited_user":"DGALLOWAY","gc_exception":"","ADDRGUID":null,"RDNAME":"KNIGHT ST"}},{"type":"Feature","id":237745,"geometry":{"type":"Point","coordinates":[-75.086989379092,40.1837130215061]},"properties":{"OBJECTID":237745,"Source":"","DateUpdate":"Tue, 12 Nov 2024 10:04:37 GMT","Effective":"Wed, 01 Jan 2020 00:00:01 GMT","Expire":"Sat, 01 Jan 2050 00:00:01 GMT","Site_NGUID":"SSAP23809422KNIGHTST@buckscounty.org","Country":"US","State":"PA","County":"Bucks County","AddCode":"","AddDataURI":"","Inc_Muni":"Warminster Township","Uninc_Comm":"","Nbrhd_Comm":"","AddNum_Pre":"","Add_Number":"22","AddNum_Suf":"","St_PreMod":"","St_PreDir":"","St_PreTyp":"","St_PreSep":"","St_Name":"KNIGHT","St_PosTyp":"STREET","St_PosDir":"","St_PosMod":"","Lst_PreDir":"","Lst_Name":"KNIGHT","Lst_Type":"ST","LstPosDir":"","ESN":"51","MSAGComm":"WARMINSTER TOWNSHIP","Post_Comm":"HATBORO","Post_Code":"19040","Post_Code4":"","Building":"","Floor":" ","Unit":" ","Room":"","Seat":" ","Addtl_Loc":" ","LandmkName":" ","Mile_Post":" ","Place_Type":" ","Placement":" ","Long":-75.08698762,"Lat":40.18370491,"Elev":"0","ParcelID":"49-009-028-013","Full_Addr":"22 KNIGHT ST","Comment":" ","Purpose":null,"DiscrpAgID":"buckscounty.org","created_user":null,"created_date":null,"last_edited_user":"DGALLOWAY","gc_exception":"","ADDRGUID":null,"RDNAME":"KNIGHT ST"}},{"type":"Feature","id":237746,"geometry":{"type":"Point","coordinates":[-75.0869357333987,40.1837335122763]},"properties":{"OBJECTID":237746,"Source":"","DateUpdate":"Tue, 12 Nov 2024 10:04:37 GMT","Effective":"Wed, 01 Jan 2020 00:00:01 GMT","Expire":"Sat, 01 Jan 2050 00:00:01 GMT","Site_NGUID":"SSAP23809524KNIGHTST@buckscounty.org","Country":"US","State":"PA","County":"Bucks County","AddCode":"","AddDataURI":"","Inc_Muni":"Warminster Township","Uninc_Comm":"","Nbrhd_Comm":"","AddNum_Pre":"","Add_Number":"24","AddNum_Suf":"","St_PreMod":"","St_PreDir":"","St_PreTyp":"","St_PreSep":"","St_Name":"KNIGHT","St_PosTyp":"STREET","St_PosDir":"","St_PosMod":"","Lst_PreDir":"","Lst_Name":"KNIGHT","Lst_Type":"ST","LstPosDir":"","ESN":"51","MSAGComm":"WARMINSTER TOWNSHIP","Post_Comm":"HATBORO","Post_Code":"19040","Post_Code4":"","Building":"","Floor":" ","Unit":" ","Room":"","Seat":" ","Addtl_Loc":" ","LandmkName":" ","Mile_Post":" ","Place_Type":" ","Placement":" ","Long":-75.08693397,"Lat":40.1837254,"Elev":"0","ParcelID":"49-009-028-013","Full_Addr":"24 KNIGHT ST","Comment":" ","Purpose":null,"DiscrpAgID":"buckscounty.org","created_user":null,"created_date":null,"last_edited_user":"DGALLOWAY","gc_exception":"","ADDRGUID":null,"RDNAME":"KNIGHT ST"}},{"type":"Feature","id":237747,"geometry":{"type":"Point","coordinates":[-75.086592411405,40.1838810510394]},"properties":{"OBJECTID":237747,"Source":"","DateUpdate":"Tue, 12 Nov 2024 10:04:37 GMT","Effective":"Wed, 01 Jan 2020 00:00:01 GMT","Expire":"Sat, 01 Jan 2050 00:00:01 GMT","Site_NGUID":"SSAP23809628KNIGHTST@buckscounty.org","Country":"US","State":"PA","County":"Bucks County","AddCode":"","AddDataURI":"","Inc_Muni":"Warminster Township","Uninc_Comm":"","Nbrhd_Comm":"","AddNum_Pre":"","Add_Number":"28","AddNum_Suf":"","St_PreMod":"","St_PreDir":"","St_PreTyp":"","St_PreSep":"","St_Name":"KNIGHT","St_PosTyp":"STREET","St_PosDir":"","St_PosMod":"","Lst_PreDir":"","Lst_Name":"KNIGHT","Lst_Type":"ST","LstPosDir":"","ESN":"51","MSAGComm":"WARMINSTER TOWNSHIP","Post_Comm":"HATBORO","Post_Code":"19040","Post_Code4":"","Building":"","Floor":" ","Unit":" ","Room":"","Seat":" ","Addtl_Loc":" ","LandmkName":" ","Mile_Post":" ","Place_Type":" ","Placement":" ","Long":-75.08659065,"Lat":40.18387294,"Elev":"0","ParcelID":"49-009-028-013","Full_Addr":"28 KNIGHT ST","Comment":" ","Purpose":null,"DiscrpAgID":"buckscounty.org","created_user":null,"created_date":null,"last_edited_user":"DGALLOWAY","gc_exception":"","ADDRGUID":null,"RDNAME":"KNIGHT ST"}},{"type":"Feature","id":237748,"geometry":{"type":"Point","coordinates":[-75.0865119431883,40.183917935989]},"properties":{"OBJECTID":237748,"Source":"","DateUpdate":"Tue, 12 Nov 2024 10:04:37 GMT","Effective":"Wed, 01 Jan 2020 00:00:01 GMT","Expire":"Sat, 01 Jan 2050 00:00:01 GMT","Site_NGUID":"SSAP23809730KNIGHTST@buckscounty.org","Country":"US","State":"PA","County":"Bucks County","AddCode":"","AddDataURI":"","Inc_Muni":"Warminster Township","Uninc_Comm":"","Nbrhd_Comm":"","AddNum_Pre":"","Add_Number":"30","AddNum_Suf":"","St_PreMod":"","St_PreDir":"","St_PreTyp":"","St_PreSep":"","St_Name":"KNIGHT","St_PosTyp":"STREET","St_PosDir":"","St_PosMod":"","Lst_PreDir":"","Lst_Name":"KNIGHT","Lst_Type":"ST","LstPosDir":"","ESN":"51","MSAGComm":"WARMINSTER TOWNSHIP","Post_Comm":"HATBORO","Post_Code":"19040","Post_Code4":"","Building":"","Floor":" ","Unit":" ","Room":"","Seat":" ","Addtl_Loc":" ","LandmkName":" ","Mile_Post":" ","Place_Type":" ","Placement":" ","Long":-75.08651018,"Lat":40.18390982,"Elev":"0","ParcelID":"49-009-028-013","Full_Addr":"30 KNIGHT ST","Comment":" ","Purpose":null,"DiscrpAgID":"buckscounty.org","created_user":null,"created_date":null,"last_edited_user":"DGALLOWAY","gc_exception":"","ADDRGUID":null,"RDNAME":"KNIGHT ST"}},{"type":"Feature","id":237749,"geometry":{"type":"Point","coordinates":[-75.0864261140456,40.1839425257465]},"properties":{"OBJECTID":237749,"Source":"","DateUpdate":"Tue, 12 Nov 2024 10:04:37 GMT","Effective":"Wed, 01 Jan 2020 00:00:01 GMT","Expire":"Sat, 01 Jan 2050 00:00:01 GMT","Site_NGUID":"SSAP23809832KNIGHTST@buckscounty.org","Country":"US","State":"PA","County":"Bucks County","AddCode":"","AddDataURI":"","Inc_Muni":"Warminster Township","Uninc_Comm":"","Nbrhd_Comm":"","AddNum_Pre":"","Add_Number":"32","AddNum_Suf":"","St_PreMod":"","St_PreDir":"","St_PreTyp":"","St_PreSep":"","St_Name":"KNIGHT","St_PosTyp":"STREET","St_PosDir":"","St_PosMod":"","Lst_PreDir":"","Lst_Name":"KNIGHT","Lst_Type":"ST","LstPosDir":"","ESN":"51","MSAGComm":"WARMINSTER TOWNSHIP","Post_Comm":"HATBORO","Post_Code":"19040","Post_Code4":"","Building":"","Floor":" ","Unit":" ","Room":"","Seat":" ","Addtl_Loc":" ","LandmkName":" ","Mile_Post":" ","Place_Type":" ","Placement":" ","Long":-75.08642435,"Lat":40.18393441,"Elev":"0","ParcelID":"49-009-028-013","Full_Addr":"32 KNIGHT ST","Comment":" ","Purpose":null,"DiscrpAgID":"buckscounty.org","created_user":null,"created_date":null,"last_edited_user":"DGALLOWAY","gc_exception":"","ADDRGUID":null,"RDNAME":"KNIGHT ST"}},{"type":"Feature","id":237750,"geometry":{"type":"Point","coordinates":[-75.0862772503203,40.1845869786148]},"properties":{"OBJECTID":237750,"Source":"","DateUpdate":"Tue, 12 Nov 2024 10:04:37 GMT","Effective":"Wed, 01 Jan 2020 00:00:01 GMT","Expire":"Sat, 01 Jan 2050 00:00:01 GMT","Site_NGUID":"SSAP2380992SHARONST@buckscounty.org","Country":"US","State":"PA","County":"Bucks County","AddCode":"","AddDataURI":"","Inc_Muni":"Warminster Township","Uninc_Comm":"","Nbrhd_Comm":"","AddNum_Pre":"","Add_Number":"2","AddNum_Suf":"","St_PreMod":"","St_PreDir":"","St_PreTyp":"","St_PreSep":"","St_Name":"SHARON","St_PosTyp":"STREET","St_PosDir":"","St_PosMod":"","Lst_PreDir":"","Lst_Name":"SHARON","Lst_Type":"ST","LstPosDir":"","ESN":"51","MSAGComm":"WARMINSTER TOWNSHIP","Post_Comm":"WARMINSTER","Post_Code":"18974","Post_Code4":"","Building":"","Floor":" ","Unit":" ","Room":"","Seat":" ","Addtl_Loc":" ","LandmkName":" ","Mile_Post":" ","Place_Type":" ","Placement":" ","Long":-75.08627549,"Lat":40.18457886,"Elev":"0","ParcelID":"49-009-028-013","Full_Addr":"2 SHARON ST","Comment":" ","Purpose":null,"DiscrpAgID":"buckscounty.org","created_user":null,"created_date":null,"last_edited_user":"DGALLOWAY","gc_exception":"","ADDRGUID":null,"RDNAME":"SHARON ST"}},{"type":"Feature","id":237751,"geometry":{"type":"Point","coordinates":[-75.086238359695,40.1845357508162]},"properties":{"OBJECTID":237751,"Source":"","DateUpdate":"Tue, 12 Nov 2024 10:04:37 GMT","Effective":"Wed, 01 Jan 2020 00:00:01 GMT","Expire":"Sat, 01 Jan 2050 00:00:01 GMT","Site_NGUID":"SSAP2381004SHARONST@buckscounty.org","Country":"US","State":"PA","County":"Bucks County","AddCode":"","AddDataURI":"","Inc_Muni":"Warminster Township","Uninc_Comm":"","Nbrhd_Comm":"","AddNum_Pre":"","Add_Number":"4","AddNum_Suf":"","St_PreMod":"","St_PreDir":"","St_PreTyp":"","St_PreSep":"","St_Name":"SHARON","St_PosTyp":"STREET","St_PosDir":"","St_PosMod":"","Lst_PreDir":"","Lst_Name":"SHARON","Lst_Type":"ST","LstPosDir":"","ESN":"51","MSAGComm":"WARMINSTER TOWNSHIP","Post_Comm":"WARMINSTER","Post_Code":"18974","Post_Code4":"","Building":"","Floor":" ","Unit":" ","Room":"","Seat":" ","Addtl_Loc":" ","LandmkName":" ","Mile_Post":" ","Place_Type":" ","Placement":" ","Long":-75.0862366,"Lat":40.18452764,"Elev":"0","ParcelID":"49-009-028-013","Full_Addr":"4 SHARON ST","Comment":" ","Purpose":null,"DiscrpAgID":"buckscounty.org","created_user":null,"created_date":null,"last_edited_user":"DGALLOWAY","gc_exception":"","ADDRGUID":null,"RDNAME":"SHARON ST"}},{"type":"Feature","id":237752,"geometry":{"type":"Point","coordinates":[-75.0861766691563,40.1844609578843]},"properties":{"OBJECTID":237752,"Source":"","DateUpdate":"Tue, 12 Nov 2024 10:04:37 GMT","Effective":"Wed, 01 Jan 2020 00:00:01 GMT","Expire":"Sat, 01 Jan 2050 00:00:01 GMT","Site_NGUID":"SSAP2381016SHARONST@buckscounty.org","Country":"US","State":"PA","County":"Bucks County","AddCode":"","AddDataURI":"","Inc_Muni":"Warminster Township","Uninc_Comm":"","Nbrhd_Comm":"","AddNum_Pre":"","Add_Number":"6","AddNum_Suf":"","St_PreMod":"","St_PreDir":"","St_PreTyp":"","St_PreSep":"","St_Name":"SHARON","St_PosTyp":"STREET","St_PosDir":"","St_PosMod":"","Lst_PreDir":"","Lst_Name":"SHARON","Lst_Type":"ST","LstPosDir":"","ESN":"51","MSAGComm":"WARMINSTER TOWNSHIP","Post_Comm":"WARMINSTER","Post_Code":"18974","Post_Code4":"","Building":"","Floor":" ","Unit":" ","Room":"","Seat":" ","Addtl_Loc":" ","LandmkName":" ","Mile_Post":" ","Place_Type":" ","Placement":" ","Long":-75.08617491,"Lat":40.18445284,"Elev":"0","ParcelID":"49-009-028-013","Full_Addr":"6 SHARON ST","Comment":" ","Purpose":null,"DiscrpAgID":"buckscounty.org","created_user":null,"created_date":null,"last_edited_user":"DGALLOWAY","gc_exception":"","ADDRGUID":null,"RDNAME":"SHARON ST"}},{"type":"Feature","id":237753,"geometry":{"type":"Point","coordinates":[-75.0861310701595,40.184404607432]},"properties":{"OBJECTID":237753,"Source":"","DateUpdate":"Tue, 12 Nov 2024 10:04:37 GMT","Effective":"Wed, 01 Jan 2020 00:00:01 GMT","Expire":"Sat, 01 Jan 2050 00:00:01 GMT","Site_NGUID":"SSAP2381028SHARONST@buckscounty.org","Country":"US","State":"PA","County":"Bucks County","AddCode":"","AddDataURI":"","Inc_Muni":"Warminster Township","Uninc_Comm":"","Nbrhd_Comm":"","AddNum_Pre":"","Add_Number":"8","AddNum_Suf":"","St_PreMod":"","St_PreDir":"","St_PreTyp":"","St_PreSep":"","St_Name":"SHARON","St_PosTyp":"STREET","St_PosDir":"","St_PosMod":"","Lst_PreDir":"","Lst_Name":"SHARON","Lst_Type":"ST","LstPosDir":"","ESN":"51","MSAGComm":"WARMINSTER TOWNSHIP","Post_Comm":"WARMINSTER","Post_Code":"18974","Post_Code4":"","Building":"","Floor":" ","Unit":" ","Room":"","Seat":" ","Addtl_Loc":" ","LandmkName":" ","Mile_Post":" ","Place_Type":" ","Placement":" ","Long":-75.08612931,"Lat":40.18439649,"Elev":"0","ParcelID":"49-009-028-013","Full_Addr":"8 SHARON ST","Comment":" ","Purpose":null,"DiscrpAgID":"buckscounty.org","created_user":null,"created_date":null,"last_edited_user":"DGALLOWAY","gc_exception":"","ADDRGUID":null,"RDNAME":"SHARON ST"}},{"type":"Feature","id":237754,"geometry":{"type":"Point","coordinates":[-75.0859902551188,40.1842150618842]},"properties":{"OBJECTID":237754,"Source":"","DateUpdate":"Tue, 12 Nov 2024 10:04:37 GMT","Effective":"Wed, 01 Jan 2020 00:00:01 GMT","Expire":"Sat, 01 Jan 2050 00:00:01 GMT","Site_NGUID":"SSAP23810310SHARONST@buckscounty.org","Country":"US","State":"PA","County":"Bucks County","AddCode":"","AddDataURI":"","Inc_Muni":"Warminster Township","Uninc_Comm":"","Nbrhd_Comm":"","AddNum_Pre":"","Add_Number":"10","AddNum_Suf":"","St_PreMod":"","St_PreDir":"","St_PreTyp":"","St_PreSep":"","St_Name":"SHARON","St_PosTyp":"STREET","St_PosDir":"","St_PosMod":"","Lst_PreDir":"","Lst_Name":"SHARON","Lst_Type":"ST","LstPosDir":"","ESN":"51","MSAGComm":"WARMINSTER TOWNSHIP","Post_Comm":"WARMINSTER","Post_Code":"18974","Post_Code4":"","Building":"","Floor":" ","Unit":" ","Room":"","Seat":" ","Addtl_Loc":" ","LandmkName":" ","Mile_Post":" ","Place_Type":" ","Placement":" ","Long":-75.08598849,"Lat":40.18420695,"Elev":"0","ParcelID":"49-009-028-013","Full_Addr":"10 SHARON ST","Comment":" ","Purpose":null,"DiscrpAgID":"buckscounty.org","created_user":null,"created_date":null,"last_edited_user":"DGALLOWAY","gc_exception":"","ADDRGUID":null,"RDNAME":"SHARON ST"}},{"type":"Feature","id":237755,"geometry":{"type":"Point","coordinates":[-75.0859594111692,40.1841699796097]},"properties":{"OBJECTID":237755,"Source":"","DateUpdate":"Tue, 12 Nov 2024 10:04:37 GMT","Effective":"Wed, 01 Jan 2020 00:00:01 GMT","Expire":"Sat, 01 Jan 2050 00:00:01 GMT","Site_NGUID":"SSAP23810412SHARONST@buckscounty.org","Country":"US","State":"PA","County":"Bucks County","AddCode":"","AddDataURI":"","Inc_Muni":"Warminster Township","Uninc_Comm":"","Nbrhd_Comm":"","AddNum_Pre":"","Add_Number":"12","AddNum_Suf":"","St_PreMod":"","St_PreDir":"","St_PreTyp":"","St_PreSep":"","St_Name":"SHARON","St_PosTyp":"STREET","St_PosDir":"","St_PosMod":"","Lst_PreDir":"","Lst_Name":"SHARON","Lst_Type":"ST","LstPosDir":"","ESN":"51","MSAGComm":"WARMINSTER TOWNSHIP","Post_Comm":"WARMINSTER","Post_Code":"18974","Post_Code4":"","Building":"","Floor":" ","Unit":" ","Room":"","Seat":" ","Addtl_Loc":" ","LandmkName":" ","Mile_Post":" ","Place_Type":" ","Placement":" ","Long":-75.08595765,"Lat":40.18416187,"Elev":"0","ParcelID":"49-009-028-013","Full_Addr":"12 SHARON ST","Comment":" ","Purpose":null,"DiscrpAgID":"buckscounty.org","created_user":null,"created_date":null,"last_edited_user":"DGALLOWAY","gc_exception":"","ADDRGUID":null,"RDNAME":"SHARON ST"}},{"type":"Feature","id":237756,"geometry":{"type":"Point","coordinates":[-75.0859178367099,40.1841218260536]},"properties":{"OBJECTID":237756,"Source":"","DateUpdate":"Tue, 12 Nov 2024 10:04:37 GMT","Effective":"Wed, 01 Jan 2020 00:00:01 GMT","Expire":"Sat, 01 Jan 2050 00:00:01 GMT","Site_NGUID":"SSAP23810514SHARONST@buckscounty.org","Country":"US","State":"PA","County":"Bucks County","AddCode":"","AddDataURI":"","Inc_Muni":"Warminster Township","Uninc_Comm":"","Nbrhd_Comm":"","AddNum_Pre":"","Add_Number":"14","AddNum_Suf":"","St_PreMod":"","St_PreDir":"","St_PreTyp":"","St_PreSep":"","St_Name":"SHARON","St_PosTyp":"STREET","St_PosDir":"","St_PosMod":"","Lst_PreDir":"","Lst_Name":"SHARON","Lst_Type":"ST","LstPosDir":"","ESN":"51","MSAGComm":"WARMINSTER TOWNSHIP","Post_Comm":"WARMINSTER","Post_Code":"18974","Post_Code4":"","Building":"","Floor":" ","Unit":" ","Room":"","Seat":" ","Addtl_Loc":" ","LandmkName":" ","Mile_Post":" ","Place_Type":" ","Placement":" ","Long":-75.08591608,"Lat":40.18411371,"Elev":"0","ParcelID":"49-009-028-013","Full_Addr":"14 SHARON ST","Comment":" ","Purpose":null,"DiscrpAgID":"buckscounty.org","created_user":null,"created_date":null,"last_edited_user":"DGALLOWAY","gc_exception":"","ADDRGUID":null,"RDNAME":"SHARON ST"}},{"type":"Feature","id":237757,"geometry":{"type":"Point","coordinates":[-75.0858762624247,40.1840767449909]},"properties":{"OBJECTID":237757,"Source":"","DateUpdate":"Tue, 12 Nov 2024 10:04:37 GMT","Effective":"Wed, 01 Jan 2020 00:00:01 GMT","Expire":"Sat, 01 Jan 2050 00:00:01 GMT","Site_NGUID":"SSAP23810616SHARONST@buckscounty.org","Country":"US","State":"PA","County":"Bucks County","AddCode":"","AddDataURI":"","Inc_Muni":"Warminster Township","Uninc_Comm":"","Nbrhd_Comm":"","AddNum_Pre":"","Add_Number":"16","AddNum_Suf":"","St_PreMod":"","St_PreDir":"","St_PreTyp":"","St_PreSep":"","St_Name":"SHARON","St_PosTyp":"STREET","St_PosDir":"","St_PosMod":"","Lst_PreDir":"","Lst_Name":"SHARON","Lst_Type":"ST","LstPosDir":"","ESN":"51","MSAGComm":"WARMINSTER TOWNSHIP","Post_Comm":"WARMINSTER","Post_Code":"18974","Post_Code4":"","Building":"","Floor":" ","Unit":" ","Room":"","Seat":" ","Addtl_Loc":" ","LandmkName":" ","Mile_Post":" ","Place_Type":" ","Placement":" ","Long":-75.0858745,"Lat":40.18406863,"Elev":"0","ParcelID":"49-009-028-013","Full_Addr":"16 SHARON ST","Comment":" ","Purpose":null,"DiscrpAgID":"buckscounty.org","created_user":null,"created_date":null,"last_edited_user":"DGALLOWAY","gc_exception":"","ADDRGUID":null,"RDNAME":"SHARON ST"}},{"type":"Feature","id":237758,"geometry":{"type":"Point","coordinates":[-75.0862169019103,40.1840603521267]},"properties":{"OBJECTID":237758,"Source":"","DateUpdate":"Tue, 12 Nov 2024 10:04:37 GMT","Effective":"Wed, 01 Jan 2020 00:00:01 GMT","Expire":"Sat, 01 Jan 2050 00:00:01 GMT","Site_NGUID":"SSAP23810711SHARONST@buckscounty.org","Country":"US","State":"PA","County":"Bucks County","AddCode":"","AddDataURI":"","Inc_Muni":"Warminster Township","Uninc_Comm":"","Nbrhd_Comm":"","AddNum_Pre":"","Add_Number":"11","AddNum_Suf":"","St_PreMod":"","St_PreDir":"","St_PreTyp":"","St_PreSep":"","St_Name":"SHARON","St_PosTyp":"STREET","St_PosDir":"","St_PosMod":"","Lst_PreDir":"","Lst_Name":"SHARON","Lst_Type":"ST","LstPosDir":"","ESN":"51","MSAGComm":"WARMINSTER TOWNSHIP","Post_Comm":"HATBORO","Post_Code":"19040","Post_Code4":"","Building":"","Floor":" ","Unit":" ","Room":"","Seat":" ","Addtl_Loc":" ","LandmkName":" ","Mile_Post":" ","Place_Type":" ","Placement":" ","Long":-75.08621514,"Lat":40.18405224,"Elev":"0","ParcelID":"49-009-028-013","Full_Addr":"11 SHARON ST","Comment":" ","Purpose":null,"DiscrpAgID":"buckscounty.org","created_user":null,"created_date":null,"last_edited_user":"DGALLOWAY","gc_exception":"","ADDRGUID":null,"RDNAME":"SHARON ST"}},{"type":"Feature","id":237759,"geometry":{"type":"Point","coordinates":[-75.0861766680501,40.184005024169]},"properties":{"OBJECTID":237759,"Source":"","DateUpdate":"Tue, 12 Nov 2024 10:04:37 GMT","Effective":"Wed, 01 Jan 2020 00:00:01 GMT","Expire":"Sat, 01 Jan 2050 00:00:01 GMT","Site_NGUID":"SSAP23810813SHARONST@buckscounty.org","Country":"US","State":"PA","County":"Bucks County","AddCode":"","AddDataURI":"","Inc_Muni":"Warminster Township","Uninc_Comm":"","Nbrhd_Comm":"","AddNum_Pre":"","Add_Number":"13","AddNum_Suf":"","St_PreMod":"","St_PreDir":"","St_PreTyp":"","St_PreSep":"","St_Name":"SHARON","St_PosTyp":"STREET","St_PosDir":"","St_PosMod":"","Lst_PreDir":"","Lst_Name":"SHARON","Lst_Type":"ST","LstPosDir":"","ESN":"51","MSAGComm":"WARMINSTER TOWNSHIP","Post_Comm":"HATBORO","Post_Code":"19040","Post_Code4":"","Building":"","Floor":" ","Unit":" ","Room":"","Seat":" ","Addtl_Loc":" ","LandmkName":" ","Mile_Post":" ","Place_Type":" ","Placement":" ","Long":-75.08617491,"Lat":40.18399691,"Elev":"0","ParcelID":"49-009-028-013","Full_Addr":"13 SHARON ST","Comment":" ","Purpose":null,"DiscrpAgID":"buckscounty.org","created_user":null,"created_date":null,"last_edited_user":"DGALLOWAY","gc_exception":"","ADDRGUID":null,"RDNAME":"SHARON ST"}},{"type":"Feature","id":237760,"geometry":{"type":"Point","coordinates":[-75.0861310700616,40.1839435495841]},"properties":{"OBJECTID":237760,"Source":"","DateUpdate":"Tue, 12 Nov 2024 10:04:37 GMT","Effective":"Wed, 01 Jan 2020 00:00:01 GMT","Expire":"Sat, 01 Jan 2050 00:00:01 GMT","Site_NGUID":"SSAP23810915SHARONST@buckscounty.org","Country":"US","State":"PA","County":"Bucks County","AddCode":"","AddDataURI":"","Inc_Muni":"Warminster Township","Uninc_Comm":"","Nbrhd_Comm":"","AddNum_Pre":"","Add_Number":"15","AddNum_Suf":"","St_PreMod":"","St_PreDir":"","St_PreTyp":"","St_PreSep":"","St_Name":"SHARON","St_PosTyp":"STREET","St_PosDir":"","St_PosMod":"","Lst_PreDir":"","Lst_Name":"SHARON","Lst_Type":"ST","LstPosDir":"","ESN":"51","MSAGComm":"WARMINSTER TOWNSHIP","Post_Comm":"HATBORO","Post_Code":"19040","Post_Code4":"","Building":"","Floor":" ","Unit":" ","Room":"","Seat":" ","Addtl_Loc":" ","LandmkName":" ","Mile_Post":" ","Place_Type":" ","Placement":" ","Long":-75.08612931,"Lat":40.18393544,"Elev":"0","ParcelID":"49-009-028-013","Full_Addr":"15 SHARON ST","Comment":" ","Purpose":null,"DiscrpAgID":"buckscounty.org","created_user":null,"created_date":null,"last_edited_user":"DGALLOWAY","gc_exception":"","ADDRGUID":null,"RDNAME":"SHARON ST"}},{"type":"Feature","id":237761,"geometry":{"type":"Point","coordinates":[-75.086085473437,40.1838882236259]},"properties":{"OBJECTID":237761,"Source":"","DateUpdate":"Tue, 12 Nov 2024 10:04:37 GMT","Effective":"Wed, 01 Jan 2020 00:00:01 GMT","Expire":"Sat, 01 Jan 2050 00:00:01 GMT","Site_NGUID":"SSAP23811017SHARONST@buckscounty.org","Country":"US","State":"PA","County":"Bucks County","AddCode":"","AddDataURI":"","Inc_Muni":"Warminster Township","Uninc_Comm":"","Nbrhd_Comm":"","AddNum_Pre":"","Add_Number":"17","AddNum_Suf":"","St_PreMod":"","St_PreDir":"","St_PreTyp":"","St_PreSep":"","St_Name":"SHARON","St_PosTyp":"STREET","St_PosDir":"","St_PosMod":"","Lst_PreDir":"","Lst_Name":"SHARON","Lst_Type":"ST","LstPosDir":"","ESN":"51","MSAGComm":"WARMINSTER TOWNSHIP","Post_Comm":"HATBORO","Post_Code":"19040","Post_Code4":"","Building":"","Floor":" ","Unit":" ","Room":"","Seat":" ","Addtl_Loc":" ","LandmkName":" ","Mile_Post":" ","Place_Type":" ","Placement":" ","Long":-75.08608371,"Lat":40.18388011,"Elev":"0","ParcelID":"49-009-028-013","Full_Addr":"17 SHARON ST","Comment":" ","Purpose":null,"DiscrpAgID":"buckscounty.org","created_user":null,"created_date":null,"last_edited_user":"DGALLOWAY","gc_exception":"","ADDRGUID":null,"RDNAME":"SHARON ST"}},{"type":"Feature","id":237762,"geometry":{"type":"Point","coordinates":[-75.0857153297356,40.1838902726851]},"properties":{"OBJECTID":237762,"Source":"","DateUpdate":"Tue, 12 Nov 2024 10:04:37 GMT","Effective":"Wed, 01 Jan 2020 00:00:01 GMT","Expire":"Sat, 01 Jan 2050 00:00:01 GMT","Site_NGUID":"SSAP2381111LUTHERST@buckscounty.org","Country":"US","State":"PA","County":"Bucks County","AddCode":"","AddDataURI":"","Inc_Muni":"Warminster Township","Uninc_Comm":"","Nbrhd_Comm":"","AddNum_Pre":"","Add_Number":"1","AddNum_Suf":"","St_PreMod":"","St_PreDir":"","St_PreTyp":"","St_PreSep":"","St_Name":"LUTHER","St_PosTyp":"STREET","St_PosDir":"","St_PosMod":"","Lst_PreDir":"","Lst_Name":"LUTHER","Lst_Type":"ST","LstPosDir":"","ESN":"51","MSAGComm":"WARMINSTER TOWNSHIP","Post_Comm":"WARMINSTER","Post_Code":"18974","Post_Code4":"","Building":"","Floor":" ","Unit":" ","Room":"","Seat":" ","Addtl_Loc":" ","LandmkName":" ","Mile_Post":" ","Place_Type":" ","Placement":" ","Long":-75.08571357,"Lat":40.18388216,"Elev":"0","ParcelID":"49-009-028-013","Full_Addr":"1 LUTHER ST","Comment":" ","Purpose":null,"DiscrpAgID":"buckscounty.org","created_user":null,"created_date":null,"last_edited_user":"DGALLOWAY","gc_exception":"","ADDRGUID":null,"RDNAME":"LUTHER ST"}},{"type":"Feature","id":237763,"geometry":{"type":"Point","coordinates":[-75.0856053592773,40.1839425259595]},"properties":{"OBJECTID":237763,"Source":"","DateUpdate":"Tue, 12 Nov 2024 10:04:37 GMT","Effective":"Wed, 01 Jan 2020 00:00:01 GMT","Expire":"Sat, 01 Jan 2050 00:00:01 GMT","Site_NGUID":"SSAP2381123LUTHERST@buckscounty.org","Country":"US","State":"PA","County":"Bucks County","AddCode":"","AddDataURI":"","Inc_Muni":"Warminster Township","Uninc_Comm":"","Nbrhd_Comm":"","AddNum_Pre":"","Add_Number":"3","AddNum_Suf":"","St_PreMod":"","St_PreDir":"","St_PreTyp":"","St_PreSep":"","St_Name":"LUTHER","St_PosTyp":"STREET","St_PosDir":"","St_PosMod":"","Lst_PreDir":"","Lst_Name":"LUTHER","Lst_Type":"ST","LstPosDir":"","ESN":"51","MSAGComm":"WARMINSTER TOWNSHIP","Post_Comm":"WARMINSTER","Post_Code":"18974","Post_Code4":"","Building":"","Floor":" ","Unit":" ","Room":"","Seat":" ","Addtl_Loc":" ","LandmkName":" ","Mile_Post":" ","Place_Type":" ","Placement":" ","Long":-75.0856036,"Lat":40.18393441,"Elev":"0","ParcelID":"49-009-028-013","Full_Addr":"3 LUTHER ST","Comment":" ","Purpose":null,"DiscrpAgID":"buckscounty.org","created_user":null,"created_date":null,"last_edited_user":"DGALLOWAY","gc_exception":"","ADDRGUID":null,"RDNAME":"LUTHER ST"}},{"type":"Feature","id":237764,"geometry":{"type":"Point","coordinates":[-75.0854927057762,40.1839906813195]},"properties":{"OBJECTID":237764,"Source":"","DateUpdate":"Tue, 12 Nov 2024 10:04:37 GMT","Effective":"Wed, 01 Jan 2020 00:00:01 GMT","Expire":"Sat, 01 Jan 2050 00:00:01 GMT","Site_NGUID":"SSAP2381137LUTHERST@buckscounty.org","Country":"US","State":"PA","County":"Bucks County","AddCode":"","AddDataURI":"","Inc_Muni":"Warminster Township","Uninc_Comm":"","Nbrhd_Comm":"","AddNum_Pre":"","Add_Number":"7","AddNum_Suf":"","St_PreMod":"","St_PreDir":"","St_PreTyp":"","St_PreSep":"","St_Name":"LUTHER","St_PosTyp":"STREET","St_PosDir":"","St_PosMod":"","Lst_PreDir":"","Lst_Name":"LUTHER","Lst_Type":"ST","LstPosDir":"","ESN":"51","MSAGComm":"WARMINSTER TOWNSHIP","Post_Comm":"WARMINSTER","Post_Code":"18974","Post_Code4":"","Building":"","Floor":" ","Unit":" ","Room":"","Seat":" ","Addtl_Loc":" ","LandmkName":" ","Mile_Post":" ","Place_Type":" ","Placement":" ","Long":-75.08549095,"Lat":40.18398257,"Elev":"0","ParcelID":"49-009-028-013","Full_Addr":"7 LUTHER ST","Comment":" ","Purpose":null,"DiscrpAgID":"buckscounty.org","created_user":null,"created_date":null,"last_edited_user":"DGALLOWAY","gc_exception":"","ADDRGUID":null,"RDNAME":"LUTHER ST"}},{"type":"Feature","id":237765,"geometry":{"type":"Point","coordinates":[-75.085172985698,40.1841393686796]},"properties":{"OBJECTID":237765,"Source":"","DateUpdate":"Tue, 12 Nov 2024 10:04:37 GMT","Effective":"Wed, 01 Jan 2020 00:00:01 GMT","Expire":"Sat, 01 Jan 2050 00:00:01 GMT","Site_NGUID":"SSAP23811411LUTHERST@buckscounty.org","Country":"US","State":"PA","County":"Bucks County","AddCode":"","AddDataURI":"","Inc_Muni":"Warminster Township","Uninc_Comm":"","Nbrhd_Comm":"","AddNum_Pre":"","Add_Number":"11","AddNum_Suf":"","St_PreMod":"","St_PreDir":"","St_PreTyp":"","St_PreSep":"","St_Name":"LUTHER","St_PosTyp":"STREET","St_PosDir":"","St_PosMod":"","Lst_PreDir":"","Lst_Name":"LUTHER","Lst_Type":"ST","LstPosDir":"","ESN":"51","MSAGComm":"WARMINSTER TOWNSHIP","Post_Comm":"WARMINSTER","Post_Code":"18974","Post_Code4":"","Building":"","Floor":" ","Unit":" ","Room":"","Seat":" ","Addtl_Loc":" ","LandmkName":" ","Mile_Post":" ","Place_Type":" ","Placement":" ","Long":-75.08520893,"Lat":40.18411507,"Elev":"0","ParcelID":"49-009-028-013","Full_Addr":"11 LUTHER ST","Comment":" ","Purpose":null,"DiscrpAgID":"buckscounty.org","created_user":null,"created_date":null,"last_edited_user":"DGALLOWAY","gc_exception":"","ADDRGUID":null,"RDNAME":"LUTHER ST"}},{"type":"Feature","id":237766,"geometry":{"type":"Point","coordinates":[-75.085034089735,40.1841987988274]},"properties":{"OBJECTID":237766,"Source":"","DateUpdate":"Tue, 12 Nov 2024 10:04:37 GMT","Effective":"Wed, 01 Jan 2020 00:00:01 GMT","Expire":"Sat, 01 Jan 2050 00:00:01 GMT","Site_NGUID":"SSAP23811515LUTHERST@buckscounty.org","Country":"US","State":"PA","County":"Bucks County","AddCode":"","AddDataURI":"","Inc_Muni":"Warminster Township","Uninc_Comm":"","Nbrhd_Comm":"","AddNum_Pre":"","Add_Number":"15","AddNum_Suf":"","St_PreMod":"","St_PreDir":"","St_PreTyp":"","St_PreSep":"","St_Name":"LUTHER","St_PosTyp":"STREET","St_PosDir":"","St_PosMod":"","Lst_PreDir":"","Lst_Name":"LUTHER","Lst_Type":"ST","LstPosDir":"","ESN":"51","MSAGComm":"WARMINSTER TOWNSHIP","Post_Comm":"WARMINSTER","Post_Code":"18974","Post_Code4":"","Building":"","Floor":" ","Unit":" ","Room":"","Seat":" ","Addtl_Loc":" ","LandmkName":" ","Mile_Post":" ","Place_Type":" ","Placement":" ","Long":-75.08503233,"Lat":40.18419068,"Elev":"0","ParcelID":"49-009-028-013","Full_Addr":"15 LUTHER ST","Comment":" ","Purpose":null,"DiscrpAgID":"buckscounty.org","created_user":null,"created_date":null,"last_edited_user":"DGALLOWAY","gc_exception":"","ADDRGUID":null,"RDNAME":"LUTHER ST"}},{"type":"Feature","id":237767,"geometry":{"type":"Point","coordinates":[-75.0849562647036,40.184230429647]},"properties":{"OBJECTID":237767,"Source":"","DateUpdate":"Tue, 12 Nov 2024 10:04:37 GMT","Effective":"Wed, 01 Jan 2020 00:00:01 GMT","Expire":"Sat, 01 Jan 2050 00:00:01 GMT","Site_NGUID":"SSAP23811617LUTHERST@buckscounty.org","Country":"US","State":"PA","County":"Bucks County","AddCode":"","AddDataURI":"","Inc_Muni":"Warminster Township","Uninc_Comm":"","Nbrhd_Comm":"","AddNum_Pre":"","Add_Number":"17","AddNum_Suf":"","St_PreMod":"","St_PreDir":"","St_PreTyp":"","St_PreSep":"","St_Name":"LUTHER","St_PosTyp":"STREET","St_PosDir":"","St_PosMod":"","Lst_PreDir":"","Lst_Name":"LUTHER","Lst_Type":"ST","LstPosDir":"","ESN":"51","MSAGComm":"WARMINSTER TOWNSHIP","Post_Comm":"WARMINSTER","Post_Code":"18974","Post_Code4":"","Building":"","Floor":" ","Unit":" ","Room":"","Seat":" ","Addtl_Loc":" ","LandmkName":" ","Mile_Post":" ","Place_Type":" ","Placement":" ","Long":-75.0849545,"Lat":40.18422232,"Elev":"0","ParcelID":"49-009-028-013","Full_Addr":"17 LUTHER ST","Comment":" ","Purpose":null,"DiscrpAgID":"buckscounty.org","created_user":null,"created_date":null,"last_edited_user":"DGALLOWAY","gc_exception":"","ADDRGUID":null,"RDNAME":"LUTHER ST"}},{"type":"Feature","id":237768,"geometry":{"type":"Point","coordinates":[-75.0846853611018,40.1840972355869]},"properties":{"OBJECTID":237768,"Source":"","DateUpdate":"Tue, 12 Nov 2024 10:04:37 GMT","Effective":"Wed, 01 Jan 2020 00:00:01 GMT","Expire":"Sat, 01 Jan 2050 00:00:01 GMT","Site_NGUID":"SSAP23811724LUTHERST@buckscounty.org","Country":"US","State":"PA","County":"Bucks County","AddCode":"","AddDataURI":"","Inc_Muni":"Warminster Township","Uninc_Comm":"","Nbrhd_Comm":"","AddNum_Pre":"","Add_Number":"24","AddNum_Suf":"","St_PreMod":"","St_PreDir":"","St_PreTyp":"","St_PreSep":"","St_Name":"LUTHER","St_PosTyp":"STREET","St_PosDir":"","St_PosMod":"","Lst_PreDir":"","Lst_Name":"LUTHER","Lst_Type":"ST","LstPosDir":"","ESN":"51","MSAGComm":"WARMINSTER TOWNSHIP","Post_Comm":"HATBORO","Post_Code":"19040","Post_Code4":"","Building":"","Floor":" ","Unit":" ","Room":"","Seat":" ","Addtl_Loc":" ","LandmkName":" ","Mile_Post":" ","Place_Type":" ","Placement":" ","Long":-75.0846836,"Lat":40.18408912,"Elev":"0","ParcelID":"49-009-028-013","Full_Addr":"24 LUTHER ST","Comment":" ","Purpose":null,"DiscrpAgID":"buckscounty.org","created_user":null,"created_date":null,"last_edited_user":"DGALLOWAY","gc_exception":"","ADDRGUID":null,"RDNAME":"LUTHER ST"}},{"type":"Feature","id":237769,"geometry":{"type":"Point","coordinates":[-75.0847363230668,40.1840746951327]},"properties":{"OBJECTID":237769,"Source":"","DateUpdate":"Tue, 12 Nov 2024 10:04:37 GMT","Effective":"Wed, 01 Jan 2020 00:00:01 GMT","Expire":"Sat, 01 Jan 2050 00:00:01 GMT","Site_NGUID":"SSAP23811822LUTHERST@buckscounty.org","Country":"US","State":"PA","County":"Bucks County","AddCode":"","AddDataURI":"","Inc_Muni":"Warminster Township","Uninc_Comm":"","Nbrhd_Comm":"","AddNum_Pre":"","Add_Number":"22","AddNum_Suf":"","St_PreMod":"","St_PreDir":"","St_PreTyp":"","St_PreSep":"","St_Name":"LUTHER","St_PosTyp":"STREET","St_PosDir":"","St_PosMod":"","Lst_PreDir":"","Lst_Name":"LUTHER","Lst_Type":"ST","LstPosDir":"","ESN":"51","MSAGComm":"WARMINSTER TOWNSHIP","Post_Comm":"HATBORO","Post_Code":"19040","Post_Code4":"","Building":"","Floor":" ","Unit":" ","Room":"","Seat":" ","Addtl_Loc":" ","LandmkName":" ","Mile_Post":" ","Place_Type":" ","Placement":" ","Long":-75.08473456,"Lat":40.18406658,"Elev":"0","ParcelID":"49-009-028-013","Full_Addr":"22 LUTHER ST","Comment":" ","Purpose":null,"DiscrpAgID":"buckscounty.org","created_user":null,"created_date":null,"last_edited_user":"DGALLOWAY","gc_exception":"","ADDRGUID":null,"RDNAME":"LUTHER ST"}},{"type":"Feature","id":237770,"geometry":{"type":"Point","coordinates":[-75.0848006953357,40.1840419096137]},"properties":{"OBJECTID":237770,"Source":"","DateUpdate":"Tue, 12 Nov 2024 10:04:37 GMT","Effective":"Wed, 01 Jan 2020 00:00:01 GMT","Expire":"Sat, 01 Jan 2050 00:00:01 GMT","Site_NGUID":"SSAP23811920LUTHERST@buckscounty.org","Country":"US","State":"PA","County":"Bucks County","AddCode":"","AddDataURI":"","Inc_Muni":"Warminster Township","Uninc_Comm":"","Nbrhd_Comm":"","AddNum_Pre":"","Add_Number":"20","AddNum_Suf":"","St_PreMod":"","St_PreDir":"","St_PreTyp":"","St_PreSep":"","St_Name":"LUTHER","St_PosTyp":"STREET","St_PosDir":"","St_PosMod":"","Lst_PreDir":"","Lst_Name":"LUTHER","Lst_Type":"ST","LstPosDir":"","ESN":"51","MSAGComm":"WARMINSTER TOWNSHIP","Post_Comm":"HATBORO","Post_Code":"19040","Post_Code4":"","Building":"","Floor":" ","Unit":" ","Room":"","Seat":" ","Addtl_Loc":" ","LandmkName":" ","Mile_Post":" ","Place_Type":" ","Placement":" ","Long":-75.08479894,"Lat":40.1840338,"Elev":"0","ParcelID":"49-009-028-013","Full_Addr":"20 LUTHER ST","Comment":" ","Purpose":null,"DiscrpAgID":"buckscounty.org","created_user":null,"created_date":null,"last_edited_user":"DGALLOWAY","gc_exception":"","ADDRGUID":null,"RDNAME":"LUTHER ST"}},{"type":"Feature","id":237771,"geometry":{"type":"Point","coordinates":[-75.0848570227583,40.1840152711212]},"properties":{"OBJECTID":237771,"Source":"","DateUpdate":"Tue, 12 Nov 2024 10:04:37 GMT","Effective":"Wed, 01 Jan 2020 00:00:01 GMT","Expire":"Sat, 01 Jan 2050 00:00:01 GMT","Site_NGUID":"SSAP23812018LUTHERST@buckscounty.org","Country":"US","State":"PA","County":"Bucks County","AddCode":"","AddDataURI":"","Inc_Muni":"Warminster Township","Uninc_Comm":"","Nbrhd_Comm":"","AddNum_Pre":"","Add_Number":"18","AddNum_Suf":"","St_PreMod":"","St_PreDir":"","St_PreTyp":"","St_PreSep":"","St_Name":"LUTHER","St_PosTyp":"STREET","St_PosDir":"","St_PosMod":"","Lst_PreDir":"","Lst_Name":"LUTHER","Lst_Type":"ST","LstPosDir":"","ESN":"51","MSAGComm":"WARMINSTER TOWNSHIP","Post_Comm":"HATBORO","Post_Code":"19040","Post_Code4":"","Building":"","Floor":" ","Unit":" ","Room":"","Seat":" ","Addtl_Loc":" ","LandmkName":" ","Mile_Post":" ","Place_Type":" ","Placement":" ","Long":-75.08485526,"Lat":40.18400716,"Elev":"0","ParcelID":"49-009-028-013","Full_Addr":"18 LUTHER ST","Comment":" ","Purpose":null,"DiscrpAgID":"buckscounty.org","created_user":null,"created_date":null,"last_edited_user":"DGALLOWAY","gc_exception":"","ADDRGUID":null,"RDNAME":"LUTHER ST"}},{"type":"Feature","id":237772,"geometry":{"type":"Point","coordinates":[-75.0850957396086,40.1838964200951]},"properties":{"OBJECTID":237772,"Source":"","DateUpdate":"Tue, 12 Nov 2024 10:04:37 GMT","Effective":"Wed, 01 Jan 2020 00:00:01 GMT","Expire":"Sat, 01 Jan 2050 00:00:01 GMT","Site_NGUID":"SSAP23812116LUTHERST@buckscounty.org","Country":"US","State":"PA","County":"Bucks County","AddCode":"","AddDataURI":"","Inc_Muni":"Warminster Township","Uninc_Comm":"","Nbrhd_Comm":"","AddNum_Pre":"","Add_Number":"16","AddNum_Suf":"","St_PreMod":"","St_PreDir":"","St_PreTyp":"","St_PreSep":"","St_Name":"LUTHER","St_PosTyp":"STREET","St_PosDir":"","St_PosMod":"","Lst_PreDir":"","Lst_Name":"LUTHER","Lst_Type":"ST","LstPosDir":"","ESN":"51","MSAGComm":"WARMINSTER TOWNSHIP","Post_Comm":"HATBORO","Post_Code":"19040","Post_Code4":"","Building":"","Floor":" ","Unit":" ","Room":"","Seat":" ","Addtl_Loc":" ","LandmkName":" ","Mile_Post":" ","Place_Type":" ","Placement":" ","Long":-75.08509398,"Lat":40.18388831,"Elev":"0","ParcelID":"49-009-028-013","Full_Addr":"16 LUTHER ST","Comment":" ","Purpose":null,"DiscrpAgID":"buckscounty.org","created_user":null,"created_date":null,"last_edited_user":"DGALLOWAY","gc_exception":"","ADDRGUID":null,"RDNAME":"LUTHER ST"}},{"type":"Feature","id":237773,"geometry":{"type":"Point","coordinates":[-75.0851493844625,40.1838738794067]},"properties":{"OBJECTID":237773,"Source":"","DateUpdate":"Tue, 12 Nov 2024 10:04:37 GMT","Effective":"Wed, 01 Jan 2020 00:00:01 GMT","Expire":"Sat, 01 Jan 2050 00:00:01 GMT","Site_NGUID":"SSAP23812214LUTHERST@buckscounty.org","Country":"US","State":"PA","County":"Bucks County","AddCode":"","AddDataURI":"","Inc_Muni":"Warminster Township","Uninc_Comm":"","Nbrhd_Comm":"","AddNum_Pre":"","Add_Number":"14","AddNum_Suf":"","St_PreMod":"","St_PreDir":"","St_PreTyp":"","St_PreSep":"","St_Name":"LUTHER","St_PosTyp":"STREET","St_PosDir":"","St_PosMod":"","Lst_PreDir":"","Lst_Name":"LUTHER","Lst_Type":"ST","LstPosDir":"","ESN":"51","MSAGComm":"WARMINSTER TOWNSHIP","Post_Comm":"HATBORO","Post_Code":"19040","Post_Code4":"","Building":"","Floor":" ","Unit":" ","Room":"","Seat":" ","Addtl_Loc":" ","LandmkName":" ","Mile_Post":" ","Place_Type":" ","Placement":" ","Long":-75.08514762,"Lat":40.18386577,"Elev":"0","ParcelID":"49-009-028-013","Full_Addr":"14 LUTHER ST","Comment":" ","Purpose":null,"DiscrpAgID":"buckscounty.org","created_user":null,"created_date":null,"last_edited_user":"DGALLOWAY","gc_exception":"","ADDRGUID":null,"RDNAME":"LUTHER ST"}},{"type":"Feature","id":237774,"geometry":{"type":"Point","coordinates":[-75.085211074438,40.1838472405546]},"properties":{"OBJECTID":237774,"Source":"","DateUpdate":"Tue, 12 Nov 2024 10:04:37 GMT","Effective":"Wed, 01 Jan 2020 00:00:01 GMT","Expire":"Sat, 01 Jan 2050 00:00:01 GMT","Site_NGUID":"SSAP23812312LUTHERST@buckscounty.org","Country":"US","State":"PA","County":"Bucks County","AddCode":"","AddDataURI":"","Inc_Muni":"Warminster Township","Uninc_Comm":"","Nbrhd_Comm":"","AddNum_Pre":"","Add_Number":"12","AddNum_Suf":"","St_PreMod":"","St_PreDir":"","St_PreTyp":"","St_PreSep":"","St_Name":"LUTHER","St_PosTyp":"STREET","St_PosDir":"","St_PosMod":"","Lst_PreDir":"","Lst_Name":"LUTHER","Lst_Type":"ST","LstPosDir":"","ESN":"51","MSAGComm":"WARMINSTER TOWNSHIP","Post_Comm":"HATBORO","Post_Code":"19040","Post_Code4":"","Building":"","Floor":" ","Unit":" ","Room":"","Seat":" ","Addtl_Loc":" ","LandmkName":" ","Mile_Post":" ","Place_Type":" ","Placement":" ","Long":-75.08520931,"Lat":40.18383913,"Elev":"0","ParcelID":"49-009-028-013","Full_Addr":"12 LUTHER ST","Comment":" ","Purpose":null,"DiscrpAgID":"buckscounty.org","created_user":null,"created_date":null,"last_edited_user":"DGALLOWAY","gc_exception":"","ADDRGUID":null,"RDNAME":"LUTHER ST"}},{"type":"Feature","id":237775,"geometry":{"type":"Point","coordinates":[-75.0852700823642,40.1838206017516]},"properties":{"OBJECTID":237775,"Source":"","DateUpdate":"Tue, 12 Nov 2024 10:04:37 GMT","Effective":"Wed, 01 Jan 2020 00:00:01 GMT","Expire":"Sat, 01 Jan 2050 00:00:01 GMT","Site_NGUID":"SSAP23812410LUTHERST@buckscounty.org","Country":"US","State":"PA","County":"Bucks County","AddCode":"","AddDataURI":"","Inc_Muni":"Warminster Township","Uninc_Comm":"","Nbrhd_Comm":"","AddNum_Pre":"","Add_Number":"10","AddNum_Suf":"","St_PreMod":"","St_PreDir":"","St_PreTyp":"","St_PreSep":"","St_Name":"LUTHER","St_PosTyp":"STREET","St_PosDir":"","St_PosMod":"","Lst_PreDir":"","Lst_Name":"LUTHER","Lst_Type":"ST","LstPosDir":"","ESN":"51","MSAGComm":"WARMINSTER TOWNSHIP","Post_Comm":"HATBORO","Post_Code":"19040","Post_Code4":"","Building":"","Floor":" ","Unit":" ","Room":"","Seat":" ","Addtl_Loc":" ","LandmkName":" ","Mile_Post":" ","Place_Type":" ","Placement":" ","Long":-75.08526832,"Lat":40.18381249,"Elev":"0","ParcelID":"49-009-028-013","Full_Addr":"10 LUTHER ST","Comment":" ","Purpose":null,"DiscrpAgID":"buckscounty.org","created_user":null,"created_date":null,"last_edited_user":"DGALLOWAY","gc_exception":"","ADDRGUID":null,"RDNAME":"LUTHER ST"}},{"type":"Feature","id":237776,"geometry":{"type":"Point","coordinates":[-75.0855114817691,40.1837058495033]},"properties":{"OBJECTID":237776,"Source":"","DateUpdate":"Tue, 12 Nov 2024 10:04:37 GMT","Effective":"Wed, 01 Jan 2020 00:00:01 GMT","Expire":"Sat, 01 Jan 2050 00:00:01 GMT","Site_NGUID":"SSAP2381258LUTHERST@buckscounty.org","Country":"US","State":"PA","County":"Bucks County","AddCode":"","AddDataURI":"","Inc_Muni":"Warminster Township","Uninc_Comm":"","Nbrhd_Comm":"","AddNum_Pre":"","Add_Number":"8","AddNum_Suf":"","St_PreMod":"","St_PreDir":"","St_PreTyp":"","St_PreSep":"","St_Name":"LUTHER","St_PosTyp":"STREET","St_PosDir":"","St_PosMod":"","Lst_PreDir":"","Lst_Name":"LUTHER","Lst_Type":"ST","LstPosDir":"","ESN":"51","MSAGComm":"WARMINSTER TOWNSHIP","Post_Comm":"HATBORO","Post_Code":"19040","Post_Code4":"","Building":"","Floor":" ","Unit":" ","Room":"","Seat":" ","Addtl_Loc":" ","LandmkName":" ","Mile_Post":" ","Place_Type":" ","Placement":" ","Long":-75.08550972,"Lat":40.18369774,"Elev":"0","ParcelID":"49-009-028-013","Full_Addr":"8 LUTHER ST","Comment":" ","Purpose":null,"DiscrpAgID":"buckscounty.org","created_user":null,"created_date":null,"last_edited_user":"DGALLOWAY","gc_exception":"","ADDRGUID":null,"RDNAME":"LUTHER ST"}},{"type":"Feature","id":237777,"geometry":{"type":"Point","coordinates":[-75.0855624444691,40.1836894555276]},"properties":{"OBJECTID":237777,"Source":"","DateUpdate":"Tue, 12 Nov 2024 10:04:37 GMT","Effective":"Wed, 01 Jan 2020 00:00:01 GMT","Expire":"Sat, 01 Jan 2050 00:00:01 GMT","Site_NGUID":"SSAP2381266LUTHERST@buckscounty.org","Country":"US","State":"PA","County":"Bucks County","AddCode":"","AddDataURI":"","Inc_Muni":"Warminster Township","Uninc_Comm":"","Nbrhd_Comm":"","AddNum_Pre":"","Add_Number":"6","AddNum_Suf":"","St_PreMod":"","St_PreDir":"","St_PreTyp":"","St_PreSep":"","St_Name":"LUTHER","St_PosTyp":"STREET","St_PosDir":"","St_PosMod":"","Lst_PreDir":"","Lst_Name":"LUTHER","Lst_Type":"ST","LstPosDir":"","ESN":"51","MSAGComm":"WARMINSTER TOWNSHIP","Post_Comm":"HATBORO","Post_Code":"19040","Post_Code4":"","Building":"","Floor":" ","Unit":" ","Room":"","Seat":" ","Addtl_Loc":" ","LandmkName":" ","Mile_Post":" ","Place_Type":" ","Placement":" ","Long":-75.08556068,"Lat":40.18368134,"Elev":"0","ParcelID":"49-009-028-013","Full_Addr":"6 LUTHER ST","Comment":" ","Purpose":null,"DiscrpAgID":"buckscounty.org","created_user":null,"created_date":null,"last_edited_user":"DGALLOWAY","gc_exception":"","ADDRGUID":null,"RDNAME":"LUTHER ST"}},{"type":"Feature","id":237778,"geometry":{"type":"Point","coordinates":[-75.0856294992414,40.1836628172001]},"properties":{"OBJECTID":237778,"Source":"","DateUpdate":"Tue, 12 Nov 2024 10:04:37 GMT","Effective":"Wed, 01 Jan 2020 00:00:01 GMT","Expire":"Sat, 01 Jan 2050 00:00:01 GMT","Site_NGUID":"SSAP2381274LUTHERST@buckscounty.org","Country":"US","State":"PA","County":"Bucks County","AddCode":"","AddDataURI":"","Inc_Muni":"Warminster Township","Uninc_Comm":"","Nbrhd_Comm":"","AddNum_Pre":"","Add_Number":"4","AddNum_Suf":"","St_PreMod":"","St_PreDir":"","St_PreTyp":"","St_PreSep":"","St_Name":"LUTHER","St_PosTyp":"STREET","St_PosDir":"","St_PosMod":"","Lst_PreDir":"","Lst_Name":"LUTHER","Lst_Type":"ST","LstPosDir":"","ESN":"51","MSAGComm":"WARMINSTER TOWNSHIP","Post_Comm":"HATBORO","Post_Code":"19040","Post_Code4":"","Building":"","Floor":" ","Unit":" ","Room":"","Seat":" ","Addtl_Loc":" ","LandmkName":" ","Mile_Post":" ","Place_Type":" ","Placement":" ","Long":-75.08562774,"Lat":40.1836547,"Elev":"0","ParcelID":"49-009-028-013","Full_Addr":"4 LUTHER ST","Comment":" ","Purpose":null,"DiscrpAgID":"buckscounty.org","created_user":null,"created_date":null,"last_edited_user":"DGALLOWAY","gc_exception":"","ADDRGUID":null,"RDNAME":"LUTHER ST"}},{"type":"Feature","id":237779,"geometry":{"type":"Point","coordinates":[-75.0856911892746,40.1836382270385]},"properties":{"OBJECTID":237779,"Source":"","DateUpdate":"Tue, 12 Nov 2024 10:04:37 GMT","Effective":"Wed, 01 Jan 2020 00:00:01 GMT","Expire":"Sat, 01 Jan 2050 00:00:01 GMT","Site_NGUID":"SSAP2381282LUTHERST@buckscounty.org","Country":"US","State":"PA","County":"Bucks County","AddCode":"","AddDataURI":"","Inc_Muni":"Warminster Township","Uninc_Comm":"","Nbrhd_Comm":"","AddNum_Pre":"","Add_Number":"2","AddNum_Suf":"","St_PreMod":"","St_PreDir":"","St_PreTyp":"","St_PreSep":"","St_Name":"LUTHER","St_PosTyp":"STREET","St_PosDir":"","St_PosMod":"","Lst_PreDir":"","Lst_Name":"LUTHER","Lst_Type":"ST","LstPosDir":"","ESN":"51","MSAGComm":"WARMINSTER TOWNSHIP","Post_Comm":"HATBORO","Post_Code":"19040","Post_Code4":"","Building":"","Floor":" ","Unit":" ","Room":"","Seat":" ","Addtl_Loc":" ","LandmkName":" ","Mile_Post":" ","Place_Type":" ","Placement":" ","Long":-75.08568943,"Lat":40.18363011,"Elev":"0","ParcelID":"49-009-028-013","Full_Addr":"2 LUTHER ST","Comment":" ","Purpose":null,"DiscrpAgID":"buckscounty.org","created_user":null,"created_date":null,"last_edited_user":"DGALLOWAY","gc_exception":"","ADDRGUID":null,"RDNAME":"LUTHER ST"}},{"type":"Feature","id":237780,"geometry":{"type":"Point","coordinates":[-75.0854712493902,40.1849322564888]},"properties":{"OBJECTID":237780,"Source":"","DateUpdate":"Tue, 12 Nov 2024 10:04:37 GMT","Effective":"Wed, 01 Jan 2020 00:00:01 GMT","Expire":"Sat, 01 Jan 2050 00:00:01 GMT","Site_NGUID":"SSAP2381291ULMARST@buckscounty.org","Country":"US","State":"PA","County":"Bucks County","AddCode":"","AddDataURI":"","Inc_Muni":"Warminster Township","Uninc_Comm":"","Nbrhd_Comm":"","AddNum_Pre":"","Add_Number":"1","AddNum_Suf":"","St_PreMod":"","St_PreDir":"","St_PreTyp":"","St_PreSep":"","St_Name":"ULMAR","St_PosTyp":"STREET","St_PosDir":"","St_PosMod":"","Lst_PreDir":"","Lst_Name":"ULMAR","Lst_Type":"ST","LstPosDir":"","ESN":"51","MSAGComm":"WARMINSTER TOWNSHIP","Post_Comm":"WARMINSTER","Post_Code":"18974","Post_Code4":"","Building":"","Floor":" ","Unit":" ","Room":"","Seat":" ","Addtl_Loc":" ","LandmkName":" ","Mile_Post":" ","Place_Type":" ","Placement":" ","Long":-75.08546949,"Lat":40.18492414,"Elev":"0","ParcelID":"49-009-028-013","Full_Addr":"1 ULMAR ST","Comment":" ","Purpose":null,"DiscrpAgID":"buckscounty.org","created_user":null,"created_date":null,"last_edited_user":"DGALLOWAY","gc_exception":"","ADDRGUID":null,"RDNAME":"ULMAR ST"}},{"type":"Feature","id":237781,"geometry":{"type":"Point","coordinates":[-75.0854310155503,40.1848769300755]},"properties":{"OBJECTID":237781,"Source":"","DateUpdate":"Tue, 12 Nov 2024 10:04:37 GMT","Effective":"Wed, 01 Jan 2020 00:00:01 GMT","Expire":"Sat, 01 Jan 2050 00:00:01 GMT","Site_NGUID":"SSAP2381303ULMARST@buckscounty.org","Country":"US","State":"PA","County":"Bucks County","AddCode":"","AddDataURI":"","Inc_Muni":"Warminster Township","Uninc_Comm":"","Nbrhd_Comm":"","AddNum_Pre":"","Add_Number":"3","AddNum_Suf":"","St_PreMod":"","St_PreDir":"","St_PreTyp":"","St_PreSep":"","St_Name":"ULMAR","St_PosTyp":"STREET","St_PosDir":"","St_PosMod":"","Lst_PreDir":"","Lst_Name":"ULMAR","Lst_Type":"ST","LstPosDir":"","ESN":"51","MSAGComm":"WARMINSTER TOWNSHIP","Post_Comm":"WARMINSTER","Post_Code":"18974","Post_Code4":"","Building":"","Floor":" ","Unit":" ","Room":"","Seat":" ","Addtl_Loc":" ","LandmkName":" ","Mile_Post":" ","Place_Type":" ","Placement":" ","Long":-75.08542926,"Lat":40.18486882,"Elev":"0","ParcelID":"49-009-028-013","Full_Addr":"3 ULMAR ST","Comment":" ","Purpose":null,"DiscrpAgID":"buckscounty.org","created_user":null,"created_date":null,"last_edited_user":"DGALLOWAY","gc_exception":"","ADDRGUID":null,"RDNAME":"ULMAR ST"}},{"type":"Feature","id":237782,"geometry":{"type":"Point","coordinates":[-75.0853827347963,40.1848175060064]},"properties":{"OBJECTID":237782,"Source":"","DateUpdate":"Tue, 12 Nov 2024 10:04:37 GMT","Effective":"Wed, 01 Jan 2020 00:00:01 GMT","Expire":"Sat, 01 Jan 2050 00:00:01 GMT","Site_NGUID":"SSAP2381315ULMARST@buckscounty.org","Country":"US","State":"PA","County":"Bucks County","AddCode":"","AddDataURI":"","Inc_Muni":"Warminster Township","Uninc_Comm":"","Nbrhd_Comm":"","AddNum_Pre":"","Add_Number":"5","AddNum_Suf":"","St_PreMod":"","St_PreDir":"","St_PreTyp":"","St_PreSep":"","St_Name":"ULMAR","St_PosTyp":"STREET","St_PosDir":"","St_PosMod":"","Lst_PreDir":"","Lst_Name":"ULMAR","Lst_Type":"ST","LstPosDir":"","ESN":"51","MSAGComm":"WARMINSTER TOWNSHIP","Post_Comm":"WARMINSTER","Post_Code":"18974","Post_Code4":"","Building":"","Floor":" ","Unit":" ","Room":"","Seat":" ","Addtl_Loc":" ","LandmkName":" ","Mile_Post":" ","Place_Type":" ","Placement":" ","Long":-75.08538097,"Lat":40.18480939,"Elev":"0","ParcelID":"49-009-028-013","Full_Addr":"5 ULMAR ST","Comment":" ","Purpose":null,"DiscrpAgID":"buckscounty.org","created_user":null,"created_date":null,"last_edited_user":"DGALLOWAY","gc_exception":"","ADDRGUID":null,"RDNAME":"ULMAR ST"}},{"type":"Feature","id":237783,"geometry":{"type":"Point","coordinates":[-75.0853425026988,40.1847642285369]},"properties":{"OBJECTID":237783,"Source":"","DateUpdate":"Tue, 12 Nov 2024 10:04:37 GMT","Effective":"Wed, 01 Jan 2020 00:00:01 GMT","Expire":"Sat, 01 Jan 2050 00:00:01 GMT","Site_NGUID":"SSAP2381327ULMARST@buckscounty.org","Country":"US","State":"PA","County":"Bucks County","AddCode":"","AddDataURI":"","Inc_Muni":"Warminster Township","Uninc_Comm":"","Nbrhd_Comm":"","AddNum_Pre":"","Add_Number":"7","AddNum_Suf":"","St_PreMod":"","St_PreDir":"","St_PreTyp":"","St_PreSep":"","St_Name":"ULMAR","St_PosTyp":"STREET","St_PosDir":"","St_PosMod":"","Lst_PreDir":"","Lst_Name":"ULMAR","Lst_Type":"ST","LstPosDir":"","ESN":"51","MSAGComm":"WARMINSTER TOWNSHIP","Post_Comm":"WARMINSTER","Post_Code":"18974","Post_Code4":"","Building":"","Floor":" ","Unit":" ","Room":"","Seat":" ","Addtl_Loc":" ","LandmkName":" ","Mile_Post":" ","Place_Type":" ","Placement":" ","Long":-75.08534074,"Lat":40.18475611,"Elev":"0","ParcelID":"49-009-028-013","Full_Addr":"7 ULMAR ST","Comment":" ","Purpose":null,"DiscrpAgID":"buckscounty.org","created_user":null,"created_date":null,"last_edited_user":"DGALLOWAY","gc_exception":"","ADDRGUID":null,"RDNAME":"ULMAR ST"}},{"type":"Feature","id":237784,"geometry":{"type":"Point","coordinates":[-75.0851949805456,40.1845695620581]},"properties":{"OBJECTID":237784,"Source":"","DateUpdate":"Tue, 12 Nov 2024 10:04:37 GMT","Effective":"Wed, 01 Jan 2020 00:00:01 GMT","Expire":"Sat, 01 Jan 2050 00:00:01 GMT","Site_NGUID":"SSAP2381339ULMARST@buckscounty.org","Country":"US","State":"PA","County":"Bucks County","AddCode":"","AddDataURI":"","Inc_Muni":"Warminster Township","Uninc_Comm":"","Nbrhd_Comm":"","AddNum_Pre":"","Add_Number":"9","AddNum_Suf":"","St_PreMod":"","St_PreDir":"","St_PreTyp":"","St_PreSep":"","St_Name":"ULMAR","St_PosTyp":"STREET","St_PosDir":"","St_PosMod":"","Lst_PreDir":"","Lst_Name":"ULMAR","Lst_Type":"ST","LstPosDir":"","ESN":"51","MSAGComm":"WARMINSTER TOWNSHIP","Post_Comm":"WARMINSTER","Post_Code":"18974","Post_Code4":"","Building":"","Floor":" ","Unit":" ","Room":"","Seat":" ","Addtl_Loc":" ","LandmkName":" ","Mile_Post":" ","Place_Type":" ","Placement":" ","Long":-75.08519322,"Lat":40.18456145,"Elev":"0","ParcelID":"49-009-028-013","Full_Addr":"9 ULMAR ST","Comment":" ","Purpose":null,"DiscrpAgID":"buckscounty.org","created_user":null,"created_date":null,"last_edited_user":"DGALLOWAY","gc_exception":"","ADDRGUID":null,"RDNAME":"ULMAR ST"}},{"type":"Feature","id":237785,"geometry":{"type":"Point","coordinates":[-75.0851520656345,40.1845224313913]},"properties":{"OBJECTID":237785,"Source":"","DateUpdate":"Tue, 12 Nov 2024 10:04:37 GMT","Effective":"Wed, 01 Jan 2020 00:00:01 GMT","Expire":"Sat, 01 Jan 2050 00:00:01 GMT","Site_NGUID":"SSAP23813411ULMARST@buckscounty.org","Country":"US","State":"PA","County":"Bucks County","AddCode":"","AddDataURI":"","Inc_Muni":"Warminster Township","Uninc_Comm":"","Nbrhd_Comm":"","AddNum_Pre":"","Add_Number":"11","AddNum_Suf":"","St_PreMod":"","St_PreDir":"","St_PreTyp":"","St_PreSep":"","St_Name":"ULMAR","St_PosTyp":"STREET","St_PosDir":"","St_PosMod":"","Lst_PreDir":"","Lst_Name":"ULMAR","Lst_Type":"ST","LstPosDir":"","ESN":"51","MSAGComm":"WARMINSTER TOWNSHIP","Post_Comm":"WARMINSTER","Post_Code":"18974","Post_Code4":"","Building":"","Floor":" ","Unit":" ","Room":"","Seat":" ","Addtl_Loc":" ","LandmkName":" ","Mile_Post":" ","Place_Type":" ","Placement":" ","Long":-75.08515031,"Lat":40.18451432,"Elev":"0","ParcelID":"49-009-028-013","Full_Addr":"11 ULMAR ST","Comment":" ","Purpose":null,"DiscrpAgID":"buckscounty.org","created_user":null,"created_date":null,"last_edited_user":"DGALLOWAY","gc_exception":"","ADDRGUID":null,"RDNAME":"ULMAR ST"}},{"type":"Feature","id":237786,"geometry":{"type":"Point","coordinates":[-75.0851225615977,40.1844732531948]},"properties":{"OBJECTID":237786,"Source":"","DateUpdate":"Tue, 12 Nov 2024 10:04:37 GMT","Effective":"Wed, 01 Jan 2020 00:00:01 GMT","Expire":"Sat, 01 Jan 2050 00:00:01 GMT","Site_NGUID":"SSAP23813513ULMARST@buckscounty.org","Country":"US","State":"PA","County":"Bucks County","AddCode":"","AddDataURI":"","Inc_Muni":"Warminster Township","Uninc_Comm":"","Nbrhd_Comm":"","AddNum_Pre":"","Add_Number":"13","AddNum_Suf":"","St_PreMod":"","St_PreDir":"","St_PreTyp":"","St_PreSep":"","St_Name":"ULMAR","St_PosTyp":"STREET","St_PosDir":"","St_PosMod":"","Lst_PreDir":"","Lst_Name":"ULMAR","Lst_Type":"ST","LstPosDir":"","ESN":"51","MSAGComm":"WARMINSTER TOWNSHIP","Post_Comm":"WARMINSTER","Post_Code":"18974","Post_Code4":"","Building":"","Floor":" ","Unit":" ","Room":"","Seat":" ","Addtl_Loc":" ","LandmkName":" ","Mile_Post":" ","Place_Type":" ","Placement":" ","Long":-75.0851208,"Lat":40.18446514,"Elev":"0","ParcelID":"49-009-028-013","Full_Addr":"13 ULMAR ST","Comment":" ","Purpose":null,"DiscrpAgID":"buckscounty.org","created_user":null,"created_date":null,"last_edited_user":"DGALLOWAY","gc_exception":"","ADDRGUID":null,"RDNAME":"ULMAR ST"}},{"type":"Feature","id":237787,"geometry":{"type":"Point","coordinates":[-75.0850957390522,40.184438417468]},"properties":{"OBJECTID":237787,"Source":"","DateUpdate":"Tue, 12 Nov 2024 10:04:37 GMT","Effective":"Wed, 01 Jan 2020 00:00:01 GMT","Expire":"Sat, 01 Jan 2050 00:00:01 GMT","Site_NGUID":"SSAP23813615ULMARST@buckscounty.org","Country":"US","State":"PA","County":"Bucks County","AddCode":"","AddDataURI":"","Inc_Muni":"Warminster Township","Uninc_Comm":"","Nbrhd_Comm":"","AddNum_Pre":"","Add_Number":"15","AddNum_Suf":"","St_PreMod":"","St_PreDir":"","St_PreTyp":"","St_PreSep":"","St_Name":"ULMAR","St_PosTyp":"STREET","St_PosDir":"","St_PosMod":"","Lst_PreDir":"","Lst_Name":"ULMAR","Lst_Type":"ST","LstPosDir":"","ESN":"51","MSAGComm":"WARMINSTER TOWNSHIP","Post_Comm":"WARMINSTER","Post_Code":"18974","Post_Code4":"","Building":"","Floor":" ","Unit":" ","Room":"","Seat":" ","Addtl_Loc":" ","LandmkName":" ","Mile_Post":" ","Place_Type":" ","Placement":" ","Long":-75.08509398,"Lat":40.1844303,"Elev":"0","ParcelID":"49-009-028-013","Full_Addr":"15 ULMAR ST","Comment":" ","Purpose":null,"DiscrpAgID":"buckscounty.org","created_user":null,"created_date":null,"last_edited_user":"DGALLOWAY","gc_exception":"","ADDRGUID":null,"RDNAME":"ULMAR ST"}},{"type":"Feature","id":237788,"geometry":{"type":"Point","coordinates":[-75.0850662355669,40.1848461930783]},"properties":{"OBJECTID":237788,"Source":"","DateUpdate":"Tue, 12 Nov 2024 10:04:37 GMT","Effective":"Wed, 01 Jan 2020 00:00:01 GMT","Expire":"Sat, 01 Jan 2050 00:00:01 GMT","Site_NGUID":"SSAP2381372ULMARST@buckscounty.org","Country":"US","State":"PA","County":"Bucks County","AddCode":"","AddDataURI":"","Inc_Muni":"Warminster Township","Uninc_Comm":"","Nbrhd_Comm":"","AddNum_Pre":"","Add_Number":"2","AddNum_Suf":"","St_PreMod":"","St_PreDir":"","St_PreTyp":"","St_PreSep":"","St_Name":"ULMAR","St_PosTyp":"STREET","St_PosDir":"","St_PosMod":"","Lst_PreDir":"","Lst_Name":"ULMAR","Lst_Type":"ST","LstPosDir":"","ESN":"51","MSAGComm":"WARMINSTER TOWNSHIP","Post_Comm":"HATBORO","Post_Code":"19040","Post_Code4":"","Building":"","Floor":" ","Unit":" ","Room":"","Seat":" ","Addtl_Loc":" ","LandmkName":" ","Mile_Post":" ","Place_Type":" ","Placement":" ","Long":-75.08506448,"Lat":40.18483808,"Elev":"0","ParcelID":"49-009-028-013","Full_Addr":"2 ULMAR ST","Comment":" ","Purpose":null,"DiscrpAgID":"buckscounty.org","created_user":null,"created_date":null,"last_edited_user":"DGALLOWAY","gc_exception":"","ADDRGUID":null,"RDNAME":"ULMAR ST"}},{"type":"Feature","id":237789,"geometry":{"type":"Point","coordinates":[-75.0850206388321,40.1847949654722]},"properties":{"OBJECTID":237789,"Source":"","DateUpdate":"Tue, 12 Nov 2024 10:04:37 GMT","Effective":"Wed, 01 Jan 2020 00:00:01 GMT","Expire":"Sat, 01 Jan 2050 00:00:01 GMT","Site_NGUID":"SSAP2381384ULMARST@buckscounty.org","Country":"US","State":"PA","County":"Bucks County","AddCode":"","AddDataURI":"","Inc_Muni":"Warminster Township","Uninc_Comm":"","Nbrhd_Comm":"","AddNum_Pre":"","Add_Number":"4","AddNum_Suf":"","St_PreMod":"","St_PreDir":"","St_PreTyp":"","St_PreSep":"","St_Name":"ULMAR","St_PosTyp":"STREET","St_PosDir":"","St_PosMod":"","Lst_PreDir":"","Lst_Name":"ULMAR","Lst_Type":"ST","LstPosDir":"","ESN":"51","MSAGComm":"WARMINSTER TOWNSHIP","Post_Comm":"HATBORO","Post_Code":"19040","Post_Code4":"","Building":"","Floor":" ","Unit":" ","Room":"","Seat":" ","Addtl_Loc":" ","LandmkName":" ","Mile_Post":" ","Place_Type":" ","Placement":" ","Long":-75.08501888,"Lat":40.18478685,"Elev":"0","ParcelID":"49-009-028-013","Full_Addr":"4 ULMAR ST","Comment":" ","Purpose":null,"DiscrpAgID":"buckscounty.org","created_user":null,"created_date":null,"last_edited_user":"DGALLOWAY","gc_exception":"","ADDRGUID":null,"RDNAME":"ULMAR ST"}},{"type":"Feature","id":237790,"geometry":{"type":"Point","coordinates":[-75.0849723589136,40.1847375901787]},"properties":{"OBJECTID":237790,"Source":"","DateUpdate":"Tue, 12 Nov 2024 10:04:37 GMT","Effective":"Wed, 01 Jan 2020 00:00:01 GMT","Expire":"Sat, 01 Jan 2050 00:00:01 GMT","Site_NGUID":"SSAP2381396ULMARST@buckscounty.org","Country":"US","State":"PA","County":"Bucks County","AddCode":"","AddDataURI":"","Inc_Muni":"Warminster Township","Uninc_Comm":"","Nbrhd_Comm":"","AddNum_Pre":"","Add_Number":"6","AddNum_Suf":"","St_PreMod":"","St_PreDir":"","St_PreTyp":"","St_PreSep":"","St_Name":"ULMAR","St_PosTyp":"STREET","St_PosDir":"","St_PosMod":"","Lst_PreDir":"","Lst_Name":"ULMAR","Lst_Type":"ST","LstPosDir":"","ESN":"51","MSAGComm":"WARMINSTER TOWNSHIP","Post_Comm":"HATBORO","Post_Code":"19040","Post_Code4":"","Building":"","Floor":" ","Unit":" ","Room":"","Seat":" ","Addtl_Loc":" ","LandmkName":" ","Mile_Post":" ","Place_Type":" ","Placement":" ","Long":-75.0849706,"Lat":40.18472948,"Elev":"0","ParcelID":"49-009-028-013","Full_Addr":"6 ULMAR ST","Comment":" ","Purpose":null,"DiscrpAgID":"buckscounty.org","created_user":null,"created_date":null,"last_edited_user":"DGALLOWAY","gc_exception":"","ADDRGUID":null,"RDNAME":"ULMAR ST"}},{"type":"Feature","id":237791,"geometry":{"type":"Point","coordinates":[-75.0849213958684,40.1846802149115]},"properties":{"OBJECTID":237791,"Source":"","DateUpdate":"Tue, 12 Nov 2024 10:04:37 GMT","Effective":"Wed, 01 Jan 2020 00:00:01 GMT","Expire":"Sat, 01 Jan 2050 00:00:01 GMT","Site_NGUID":"SSAP2381408ULMARST@buckscounty.org","Country":"US","State":"PA","County":"Bucks County","AddCode":"","AddDataURI":"","Inc_Muni":"Warminster Township","Uninc_Comm":"","Nbrhd_Comm":"","AddNum_Pre":"","Add_Number":"8","AddNum_Suf":"","St_PreMod":"","St_PreDir":"","St_PreTyp":"","St_PreSep":"","St_Name":"ULMAR","St_PosTyp":"STREET","St_PosDir":"","St_PosMod":"","Lst_PreDir":"","Lst_Name":"ULMAR","Lst_Type":"ST","LstPosDir":"","ESN":"51","MSAGComm":"WARMINSTER TOWNSHIP","Post_Comm":"HATBORO","Post_Code":"19040","Post_Code4":"","Building":"","Floor":" ","Unit":" ","Room":"","Seat":" ","Addtl_Loc":" ","LandmkName":" ","Mile_Post":" ","Place_Type":" ","Placement":" ","Long":-75.08491964,"Lat":40.1846721,"Elev":"0","ParcelID":"49-009-028-013","Full_Addr":"8 ULMAR ST","Comment":" ","Purpose":null,"DiscrpAgID":"buckscounty.org","created_user":null,"created_date":null,"last_edited_user":"DGALLOWAY","gc_exception":"","ADDRGUID":null,"RDNAME":"ULMAR ST"}},{"type":"Feature","id":237792,"geometry":{"type":"Point","coordinates":[-75.0847792387513,40.1844834988022]},"properties":{"OBJECTID":237792,"Source":"","DateUpdate":"Tue, 12 Nov 2024 10:04:37 GMT","Effective":"Wed, 01 Jan 2020 00:00:01 GMT","Expire":"Sat, 01 Jan 2050 00:00:01 GMT","Site_NGUID":"SSAP23814110ULMARST@buckscounty.org","Country":"US","State":"PA","County":"Bucks County","AddCode":"","AddDataURI":"","Inc_Muni":"Warminster Township","Uninc_Comm":"","Nbrhd_Comm":"","AddNum_Pre":"","Add_Number":"10","AddNum_Suf":"","St_PreMod":"","St_PreDir":"","St_PreTyp":"","St_PreSep":"","St_Name":"ULMAR","St_PosTyp":"STREET","St_PosDir":"","St_PosMod":"","Lst_PreDir":"","Lst_Name":"ULMAR","Lst_Type":"ST","LstPosDir":"","ESN":"51","MSAGComm":"WARMINSTER TOWNSHIP","Post_Comm":"HATBORO","Post_Code":"19040","Post_Code4":"","Building":"","Floor":" ","Unit":" ","Room":"","Seat":" ","Addtl_Loc":" ","LandmkName":" ","Mile_Post":" ","Place_Type":" ","Placement":" ","Long":-75.08477748,"Lat":40.18447538,"Elev":"0","ParcelID":"49-009-028-013","Full_Addr":"10 ULMAR ST","Comment":" ","Purpose":null,"DiscrpAgID":"buckscounty.org","created_user":null,"created_date":null,"last_edited_user":"DGALLOWAY","gc_exception":"","ADDRGUID":null,"RDNAME":"ULMAR ST"}},{"type":"Feature","id":237793,"geometry":{"type":"Point","coordinates":[-75.0847550979935,40.1844466139772]},"properties":{"OBJECTID":237793,"Source":"","DateUpdate":"Tue, 12 Nov 2024 10:04:37 GMT","Effective":"Wed, 01 Jan 2020 00:00:01 GMT","Expire":"Sat, 01 Jan 2050 00:00:01 GMT","Site_NGUID":"SSAP23814212ULMARST@buckscounty.org","Country":"US","State":"PA","County":"Bucks County","AddCode":"","AddDataURI":"","Inc_Muni":"Warminster Township","Uninc_Comm":"","Nbrhd_Comm":"","AddNum_Pre":"","Add_Number":"12","AddNum_Suf":"","St_PreMod":"","St_PreDir":"","St_PreTyp":"","St_PreSep":"","St_Name":"ULMAR","St_PosTyp":"STREET","St_PosDir":"","St_PosMod":"","Lst_PreDir":"","Lst_Name":"ULMAR","Lst_Type":"ST","LstPosDir":"","ESN":"51","MSAGComm":"WARMINSTER TOWNSHIP","Post_Comm":"HATBORO","Post_Code":"19040","Post_Code4":"","Building":"","Floor":" ","Unit":" ","Room":"","Seat":" ","Addtl_Loc":" ","LandmkName":" ","Mile_Post":" ","Place_Type":" ","Placement":" ","Long":-75.08475334,"Lat":40.1844385,"Elev":"0","ParcelID":"49-009-028-013","Full_Addr":"12 ULMAR ST","Comment":" ","Purpose":null,"DiscrpAgID":"buckscounty.org","created_user":null,"created_date":null,"last_edited_user":"DGALLOWAY","gc_exception":"","ADDRGUID":null,"RDNAME":"ULMAR ST"}},{"type":"Feature","id":237794,"geometry":{"type":"Point","coordinates":[-75.0847148654008,40.1843933371596]},"properties":{"OBJECTID":237794,"Source":"","DateUpdate":"Tue, 12 Nov 2024 10:04:37 GMT","Effective":"Wed, 01 Jan 2020 00:00:01 GMT","Expire":"Sat, 01 Jan 2050 00:00:01 GMT","Site_NGUID":"SSAP23814314ULMARST@buckscounty.org","Country":"US","State":"PA","County":"Bucks County","AddCode":"","AddDataURI":"","Inc_Muni":"Warminster Township","Uninc_Comm":"","Nbrhd_Comm":"","AddNum_Pre":"","Add_Number":"14","AddNum_Suf":"","St_PreMod":"","St_PreDir":"","St_PreTyp":"","St_PreSep":"","St_Name":"ULMAR","St_PosTyp":"STREET","St_PosDir":"","St_PosMod":"","Lst_PreDir":"","Lst_Name":"ULMAR","Lst_Type":"ST","LstPosDir":"","ESN":"51","MSAGComm":"WARMINSTER TOWNSHIP","Post_Comm":"HATBORO","Post_Code":"19040","Post_Code4":"","Building":"","Floor":" ","Unit":" ","Room":"","Seat":" ","Addtl_Loc":" ","LandmkName":" ","Mile_Post":" ","Place_Type":" ","Placement":" ","Long":-75.08471311,"Lat":40.18438522,"Elev":"0","ParcelID":"49-009-028-013","Full_Addr":"14 ULMAR ST","Comment":" ","Purpose":null,"DiscrpAgID":"buckscounty.org","created_user":null,"created_date":null,"last_edited_user":"DGALLOWAY","gc_exception":"","ADDRGUID":null,"RDNAME":"ULMAR ST"}},{"type":"Feature","id":237795,"geometry":{"type":"Point","coordinates":[-75.084688043862,40.1843564524166]},"properties":{"OBJECTID":237795,"Source":"","DateUpdate":"Tue, 12 Nov 2024 10:04:37 GMT","Effective":"Wed, 01 Jan 2020 00:00:01 GMT","Expire":"Sat, 01 Jan 2050 00:00:01 GMT","Site_NGUID":"SSAP23814416ULMARST@buckscounty.org","Country":"US","State":"PA","County":"Bucks County","AddCode":"","AddDataURI":"","Inc_Muni":"Warminster Township","Uninc_Comm":"","Nbrhd_Comm":"","AddNum_Pre":"","Add_Number":"16","AddNum_Suf":"","St_PreMod":"","St_PreDir":"","St_PreTyp":"","St_PreSep":"","St_Name":"ULMAR","St_PosTyp":"STREET","St_PosDir":"","St_PosMod":"","Lst_PreDir":"","Lst_Name":"ULMAR","Lst_Type":"ST","LstPosDir":"","ESN":"51","MSAGComm":"WARMINSTER TOWNSHIP","Post_Comm":"HATBORO","Post_Code":"19040","Post_Code4":"","Building":"","Floor":" ","Unit":" ","Room":"","Seat":" ","Addtl_Loc":" ","LandmkName":" ","Mile_Post":" ","Place_Type":" ","Placement":" ","Long":-75.08468628,"Lat":40.18434834,"Elev":"0","ParcelID":"49-009-028-013","Full_Addr":"16 ULMAR ST","Comment":" ","Purpose":null,"DiscrpAgID":"buckscounty.org","created_user":null,"created_date":null,"last_edited_user":"DGALLOWAY","gc_exception":"","ADDRGUID":null,"RDNAME":"ULMAR ST"}},{"type":"Feature","id":237796,"geometry":{"type":"Point","coordinates":[-75.0857394706931,40.1848134067799]},"properties":{"OBJECTID":237796,"Source":"","DateUpdate":"Tue, 12 Nov 2024 10:04:37 GMT","Effective":"Wed, 01 Jan 2020 00:00:01 GMT","Expire":"Sat, 01 Jan 2050 00:00:01 GMT","Site_NGUID":"SSAP2381452TOMPKINSST@buckscounty.org","Country":"US","State":"PA","County":"Bucks County","AddCode":"","AddDataURI":"","Inc_Muni":"Warminster Township","Uninc_Comm":"","Nbrhd_Comm":"","AddNum_Pre":"","Add_Number":"2","AddNum_Suf":"","St_PreMod":"","St_PreDir":"","St_PreTyp":"","St_PreSep":"","St_Name":"TOMPKINS","St_PosTyp":"STREET","St_PosDir":"","St_PosMod":"","Lst_PreDir":"","Lst_Name":"TOMPKINS","Lst_Type":"ST","LstPosDir":"","ESN":"51","MSAGComm":"WARMINSTER TOWNSHIP","Post_Comm":"WARMINSTER","Post_Code":"18974","Post_Code4":"","Building":"","Floor":" ","Unit":" ","Room":"","Seat":" ","Addtl_Loc":" ","LandmkName":" ","Mile_Post":" ","Place_Type":" ","Placement":" ","Long":-75.08573771,"Lat":40.18480529,"Elev":"0","ParcelID":"49-009-028-013","Full_Addr":"2 TOMPKINS ST","Comment":" ","Purpose":null,"DiscrpAgID":"buckscounty.org","created_user":null,"created_date":null,"last_edited_user":"DGALLOWAY","gc_exception":"","ADDRGUID":null,"RDNAME":"TOMPKINS ST"}},{"type":"Feature","id":237797,"geometry":{"type":"Point","coordinates":[-75.0856992356388,40.1847642281498]},"properties":{"OBJECTID":237797,"Source":"","DateUpdate":"Tue, 12 Nov 2024 10:04:37 GMT","Effective":"Wed, 01 Jan 2020 00:00:01 GMT","Expire":"Sat, 01 Jan 2050 00:00:01 GMT","Site_NGUID":"SSAP2381464TOMPKINSST@buckscounty.org","Country":"US","State":"PA","County":"Bucks County","AddCode":"","AddDataURI":"","Inc_Muni":"Warminster Township","Uninc_Comm":"","Nbrhd_Comm":"","AddNum_Pre":"","Add_Number":"4","AddNum_Suf":"","St_PreMod":"","St_PreDir":"","St_PreTyp":"","St_PreSep":"","St_Name":"TOMPKINS","St_PosTyp":"STREET","St_PosDir":"","St_PosMod":"","Lst_PreDir":"","Lst_Name":"TOMPKINS","Lst_Type":"ST","LstPosDir":"","ESN":"51","MSAGComm":"WARMINSTER TOWNSHIP","Post_Comm":"WARMINSTER","Post_Code":"18974","Post_Code4":"","Building":"","Floor":" ","Unit":" ","Room":"","Seat":" ","Addtl_Loc":" ","LandmkName":" ","Mile_Post":" ","Place_Type":" ","Placement":" ","Long":-75.08569748,"Lat":40.18475611,"Elev":"0","ParcelID":"49-009-028-013","Full_Addr":"4 TOMPKINS ST","Comment":" ","Purpose":null,"DiscrpAgID":"buckscounty.org","created_user":null,"created_date":null,"last_edited_user":"DGALLOWAY","gc_exception":"","ADDRGUID":null,"RDNAME":"TOMPKINS ST"}},{"type":"Feature","id":237798,"geometry":{"type":"Point","coordinates":[-75.0856536383769,40.1847068530767]},"properties":{"OBJECTID":237798,"Source":"","DateUpdate":"Tue, 12 Nov 2024 10:04:37 GMT","Effective":"Wed, 01 Jan 2020 00:00:01 GMT","Expire":"Sat, 01 Jan 2050 00:00:01 GMT","Site_NGUID":"SSAP2381476TOMPKINSST@buckscounty.org","Country":"US","State":"PA","County":"Bucks County","AddCode":"","AddDataURI":"","Inc_Muni":"Warminster Township","Uninc_Comm":"","Nbrhd_Comm":"","AddNum_Pre":"","Add_Number":"6","AddNum_Suf":"","St_PreMod":"","St_PreDir":"","St_PreTyp":"","St_PreSep":"","St_Name":"TOMPKINS","St_PosTyp":"STREET","St_PosDir":"","St_PosMod":"","Lst_PreDir":"","Lst_Name":"TOMPKINS","Lst_Type":"ST","LstPosDir":"","ESN":"51","MSAGComm":"WARMINSTER TOWNSHIP","Post_Comm":"WARMINSTER","Post_Code":"18974","Post_Code4":"","Building":"","Floor":" ","Unit":" ","Room":"","Seat":" ","Addtl_Loc":" ","LandmkName":" ","Mile_Post":" ","Place_Type":" ","Placement":" ","Long":-75.08565188,"Lat":40.18469874,"Elev":"0","ParcelID":"49-009-028-013","Full_Addr":"6 TOMPKINS ST","Comment":" ","Purpose":null,"DiscrpAgID":"buckscounty.org","created_user":null,"created_date":null,"last_edited_user":"DGALLOWAY","gc_exception":"","ADDRGUID":null,"RDNAME":"TOMPKINS ST"}},{"type":"Feature","id":237799,"geometry":{"type":"Point","coordinates":[-75.085605358758,40.184647428227]},"properties":{"OBJECTID":237799,"Source":"","DateUpdate":"Tue, 12 Nov 2024 10:04:37 GMT","Effective":"Wed, 01 Jan 2020 00:00:01 GMT","Expire":"Sat, 01 Jan 2050 00:00:01 GMT","Site_NGUID":"SSAP2381488TOMPKINSST@buckscounty.org","Country":"US","State":"PA","County":"Bucks County","AddCode":"","AddDataURI":"","Inc_Muni":"Warminster Township","Uninc_Comm":"","Nbrhd_Comm":"","AddNum_Pre":"","Add_Number":"8","AddNum_Suf":"","St_PreMod":"","St_PreDir":"","St_PreTyp":"","St_PreSep":"","St_Name":"TOMPKINS","St_PosTyp":"STREET","St_PosDir":"","St_PosMod":"","Lst_PreDir":"","Lst_Name":"TOMPKINS","Lst_Type":"ST","LstPosDir":"","ESN":"51","MSAGComm":"WARMINSTER TOWNSHIP","Post_Comm":"WARMINSTER","Post_Code":"18974","Post_Code4":"","Building":"","Floor":" ","Unit":" ","Room":"","Seat":" ","Addtl_Loc":" ","LandmkName":" ","Mile_Post":" ","Place_Type":" ","Placement":" ","Long":-75.0856036,"Lat":40.18463931,"Elev":"0","ParcelID":"49-009-028-013","Full_Addr":"8 TOMPKINS ST","Comment":" ","Purpose":null,"DiscrpAgID":"buckscounty.org","created_user":null,"created_date":null,"last_edited_user":"DGALLOWAY","gc_exception":"","ADDRGUID":null,"RDNAME":"TOMPKINS ST"}},{"type":"Feature","id":237800,"geometry":{"type":"Point","coordinates":[-75.0854578380548,40.1844507122889]},"properties":{"OBJECTID":237800,"Source":"","DateUpdate":"Tue, 12 Nov 2024 10:04:37 GMT","Effective":"Wed, 01 Jan 2020 00:00:01 GMT","Expire":"Sat, 01 Jan 2050 00:00:01 GMT","Site_NGUID":"SSAP23814910TOMPKINSST@buckscounty.org","Country":"US","State":"PA","County":"Bucks County","AddCode":"","AddDataURI":"","Inc_Muni":"Warminster Township","Uninc_Comm":"","Nbrhd_Comm":"","AddNum_Pre":"","Add_Number":"10","AddNum_Suf":"","St_PreMod":"","St_PreDir":"","St_PreTyp":"","St_PreSep":"","St_Name":"TOMPKINS","St_PosTyp":"STREET","St_PosDir":"","St_PosMod":"","Lst_PreDir":"","Lst_Name":"TOMPKINS","Lst_Type":"ST","LstPosDir":"","ESN":"51","MSAGComm":"WARMINSTER TOWNSHIP","Post_Comm":"WARMINSTER","Post_Code":"18974","Post_Code4":"","Building":"","Floor":" ","Unit":" ","Room":"","Seat":" ","Addtl_Loc":" ","LandmkName":" ","Mile_Post":" ","Place_Type":" ","Placement":" ","Long":-75.08545608,"Lat":40.1844426,"Elev":"0","ParcelID":"49-009-028-013","Full_Addr":"10 TOMPKINS ST","Comment":" ","Purpose":null,"DiscrpAgID":"buckscounty.org","created_user":null,"created_date":null,"last_edited_user":"DGALLOWAY","gc_exception":"","ADDRGUID":null,"RDNAME":"TOMPKINS ST"}},{"type":"Feature","id":237801,"geometry":{"type":"Point","coordinates":[-75.0854229699333,40.1844076802591]},"properties":{"OBJECTID":237801,"Source":"","DateUpdate":"Tue, 12 Nov 2024 10:04:37 GMT","Effective":"Wed, 01 Jan 2020 00:00:01 GMT","Expire":"Sat, 01 Jan 2050 00:00:01 GMT","Site_NGUID":"SSAP23815012TOMPKINSST@buckscounty.org","Country":"US","State":"PA","County":"Bucks County","AddCode":"","AddDataURI":"","Inc_Muni":"Warminster Township","Uninc_Comm":"","Nbrhd_Comm":"","AddNum_Pre":"","Add_Number":"12","AddNum_Suf":"","St_PreMod":"","St_PreDir":"","St_PreTyp":"","St_PreSep":"","St_Name":"TOMPKINS","St_PosTyp":"STREET","St_PosDir":"","St_PosMod":"","Lst_PreDir":"","Lst_Name":"TOMPKINS","Lst_Type":"ST","LstPosDir":"","ESN":"51","MSAGComm":"WARMINSTER TOWNSHIP","Post_Comm":"WARMINSTER","Post_Code":"18974","Post_Code4":"","Building":"","Floor":" ","Unit":" ","Room":"","Seat":" ","Addtl_Loc":" ","LandmkName":" ","Mile_Post":" ","Place_Type":" ","Placement":" ","Long":-75.08542121,"Lat":40.18439957,"Elev":"0","ParcelID":"49-009-028-013","Full_Addr":"12 TOMPKINS ST","Comment":" ","Purpose":null,"DiscrpAgID":"buckscounty.org","created_user":null,"created_date":null,"last_edited_user":"DGALLOWAY","gc_exception":"","ADDRGUID":null,"RDNAME":"TOMPKINS ST"}},{"type":"Feature","id":237802,"geometry":{"type":"Point","coordinates":[-75.0853800542218,40.1843625985975]},"properties":{"OBJECTID":237802,"Source":"","DateUpdate":"Tue, 12 Nov 2024 10:04:37 GMT","Effective":"Wed, 01 Jan 2020 00:00:01 GMT","Expire":"Sat, 01 Jan 2050 00:00:01 GMT","Site_NGUID":"SSAP23815114TOMPKINSST@buckscounty.org","Country":"US","State":"PA","County":"Bucks County","AddCode":"","AddDataURI":"","Inc_Muni":"Warminster Township","Uninc_Comm":"","Nbrhd_Comm":"","AddNum_Pre":"","Add_Number":"14","AddNum_Suf":"","St_PreMod":"","St_PreDir":"","St_PreTyp":"","St_PreSep":"","St_Name":"TOMPKINS","St_PosTyp":"STREET","St_PosDir":"","St_PosMod":"","Lst_PreDir":"","Lst_Name":"TOMPKINS","Lst_Type":"ST","LstPosDir":"","ESN":"51","MSAGComm":"WARMINSTER TOWNSHIP","Post_Comm":"WARMINSTER","Post_Code":"18974","Post_Code4":"","Building":"","Floor":" ","Unit":" ","Room":"","Seat":" ","Addtl_Loc":" ","LandmkName":" ","Mile_Post":" ","Place_Type":" ","Placement":" ","Long":-75.08537829,"Lat":40.18435448,"Elev":"0","ParcelID":"49-009-028-013","Full_Addr":"14 TOMPKINS ST","Comment":" ","Purpose":null,"DiscrpAgID":"buckscounty.org","created_user":null,"created_date":null,"last_edited_user":"DGALLOWAY","gc_exception":"","ADDRGUID":null,"RDNAME":"TOMPKINS ST"}},{"type":"Feature","id":237803,"geometry":{"type":"Point","coordinates":[-75.0853532310883,40.1843257157827]},"properties":{"OBJECTID":237803,"Source":"","DateUpdate":"Tue, 12 Nov 2024 10:04:37 GMT","Effective":"Wed, 01 Jan 2020 00:00:01 GMT","Expire":"Sat, 01 Jan 2050 00:00:01 GMT","Site_NGUID":"SSAP23815216TOMPKINSST@buckscounty.org","Country":"US","State":"PA","County":"Bucks County","AddCode":"","AddDataURI":"","Inc_Muni":"Warminster Township","Uninc_Comm":"","Nbrhd_Comm":"","AddNum_Pre":"","Add_Number":"16","AddNum_Suf":"","St_PreMod":"","St_PreDir":"","St_PreTyp":"","St_PreSep":"","St_Name":"TOMPKINS","St_PosTyp":"STREET","St_PosDir":"","St_PosMod":"","Lst_PreDir":"","Lst_Name":"TOMPKINS","Lst_Type":"ST","LstPosDir":"","ESN":"51","MSAGComm":"WARMINSTER TOWNSHIP","Post_Comm":"WARMINSTER","Post_Code":"18974","Post_Code4":"","Building":"","Floor":" ","Unit":" ","Room":"","Seat":" ","Addtl_Loc":" ","LandmkName":" ","Mile_Post":" ","Place_Type":" ","Placement":" ","Long":-75.08535147,"Lat":40.1843176,"Elev":"0","ParcelID":"49-009-028-013","Full_Addr":"16 TOMPKINS ST","Comment":" ","Purpose":null,"DiscrpAgID":"buckscounty.org","created_user":null,"created_date":null,"last_edited_user":"DGALLOWAY","gc_exception":"","ADDRGUID":null,"RDNAME":"TOMPKINS ST"}},{"type":"Feature","id":237804,"geometry":{"type":"Point","coordinates":[-75.0857233773611,40.1843298138047]},"properties":{"OBJECTID":237804,"Source":"","DateUpdate":"Tue, 12 Nov 2024 10:04:37 GMT","Effective":"Wed, 01 Jan 2020 00:00:01 GMT","Expire":"Sat, 01 Jan 2050 00:00:01 GMT","Site_NGUID":"SSAP2381539TOMPKINSST@buckscounty.org","Country":"US","State":"PA","County":"Bucks County","AddCode":"","AddDataURI":"","Inc_Muni":"Warminster Township","Uninc_Comm":"","Nbrhd_Comm":"","AddNum_Pre":"","Add_Number":"9","AddNum_Suf":"","St_PreMod":"","St_PreDir":"","St_PreTyp":"","St_PreSep":"","St_Name":"TOMPKINS","St_PosTyp":"STREET","St_PosDir":"","St_PosMod":"","Lst_PreDir":"","Lst_Name":"TOMPKINS","Lst_Type":"ST","LstPosDir":"","ESN":"51","MSAGComm":"WARMINSTER TOWNSHIP","Post_Comm":"WARMINSTER","Post_Code":"18974","Post_Code4":"","Building":"","Floor":" ","Unit":" ","Room":"","Seat":" ","Addtl_Loc":" ","LandmkName":" ","Mile_Post":" ","Place_Type":" ","Placement":" ","Long":-75.08572162,"Lat":40.1843217,"Elev":"0","ParcelID":"49-009-028-013","Full_Addr":"9 TOMPKINS ST","Comment":" ","Purpose":null,"DiscrpAgID":"buckscounty.org","created_user":null,"created_date":null,"last_edited_user":"DGALLOWAY","gc_exception":"","ADDRGUID":null,"RDNAME":"TOMPKINS ST"}},{"type":"Feature","id":237805,"geometry":{"type":"Point","coordinates":[-75.0856804609545,40.184276535589]},"properties":{"OBJECTID":237805,"Source":"","DateUpdate":"Tue, 12 Nov 2024 10:04:37 GMT","Effective":"Wed, 01 Jan 2020 00:00:01 GMT","Expire":"Sat, 01 Jan 2050 00:00:01 GMT","Site_NGUID":"SSAP23815411TOMPKINSST@buckscounty.org","Country":"US","State":"PA","County":"Bucks County","AddCode":"","AddDataURI":"","Inc_Muni":"Warminster Township","Uninc_Comm":"","Nbrhd_Comm":"","AddNum_Pre":"","Add_Number":"11","AddNum_Suf":"","St_PreMod":"","St_PreDir":"","St_PreTyp":"","St_PreSep":"","St_Name":"TOMPKINS","St_PosTyp":"STREET","St_PosDir":"","St_PosMod":"","Lst_PreDir":"","Lst_Name":"TOMPKINS","Lst_Type":"ST","LstPosDir":"","ESN":"51","MSAGComm":"WARMINSTER TOWNSHIP","Post_Comm":"WARMINSTER","Post_Code":"18974","Post_Code4":"","Building":"","Floor":" ","Unit":" ","Room":"","Seat":" ","Addtl_Loc":" ","LandmkName":" ","Mile_Post":" ","Place_Type":" ","Placement":" ","Long":-75.0856787,"Lat":40.18426842,"Elev":"0","ParcelID":"49-009-028-013","Full_Addr":"11 TOMPKINS ST","Comment":" ","Purpose":null,"DiscrpAgID":"buckscounty.org","created_user":null,"created_date":null,"last_edited_user":"DGALLOWAY","gc_exception":"","ADDRGUID":null,"RDNAME":"TOMPKINS ST"}},{"type":"Feature","id":237806,"geometry":{"type":"Point","coordinates":[-75.0856321811819,40.1842150618]},"properties":{"OBJECTID":237806,"Source":"","DateUpdate":"Tue, 12 Nov 2024 10:04:37 GMT","Effective":"Wed, 01 Jan 2020 00:00:01 GMT","Expire":"Sat, 01 Jan 2050 00:00:01 GMT","Site_NGUID":"SSAP23815515TOMPKINSST@buckscounty.org","Country":"US","State":"PA","County":"Bucks County","AddCode":"","AddDataURI":"","Inc_Muni":"Warminster Township","Uninc_Comm":"","Nbrhd_Comm":"","AddNum_Pre":"","Add_Number":"15","AddNum_Suf":"","St_PreMod":"","St_PreDir":"","St_PreTyp":"","St_PreSep":"","St_Name":"TOMPKINS","St_PosTyp":"STREET","St_PosDir":"","St_PosMod":"","Lst_PreDir":"","Lst_Name":"TOMPKINS","Lst_Type":"ST","LstPosDir":"","ESN":"51","MSAGComm":"WARMINSTER TOWNSHIP","Post_Comm":"WARMINSTER","Post_Code":"18974","Post_Code4":"","Building":"","Floor":" ","Unit":" ","Room":"","Seat":" ","Addtl_Loc":" ","LandmkName":" ","Mile_Post":" ","Place_Type":" ","Placement":" ","Long":-75.08563042,"Lat":40.18420695,"Elev":"0","ParcelID":"49-009-028-013","Full_Addr":"15 TOMPKINS ST","Comment":" ","Purpose":null,"DiscrpAgID":"buckscounty.org","created_user":null,"created_date":null,"last_edited_user":"DGALLOWAY","gc_exception":"","ADDRGUID":null,"RDNAME":"TOMPKINS ST"}},{"type":"Feature","id":237842,"geometry":{"type":"Point","coordinates":[-75.0863792514039,40.1892290524181]},"properties":{"OBJECTID":237842,"Source":"","DateUpdate":"Tue, 12 Nov 2024 10:04:37 GMT","Effective":"Wed, 01 Jan 2020 00:00:01 GMT","Expire":"Sat, 01 Jan 2050 00:00:01 GMT","Site_NGUID":"SSAP2381911FERRYST@buckscounty.org","Country":"US","State":"PA","County":"Bucks County","AddCode":"","AddDataURI":"","Inc_Muni":"Warminster Township","Uninc_Comm":"","Nbrhd_Comm":"","AddNum_Pre":"","Add_Number":"1","AddNum_Suf":"","St_PreMod":"","St_PreDir":"","St_PreTyp":"","St_PreSep":"","St_Name":"FERRY","St_PosTyp":"STREET","St_PosDir":"","St_PosMod":"","Lst_PreDir":"","Lst_Name":"FERRY","Lst_Type":"ST","LstPosDir":"","ESN":"51","MSAGComm":"WARMINSTER TOWNSHIP","Post_Comm":"WARMINSTER","Post_Code":"18974","Post_Code4":"","Building":"","Floor":" ","Unit":" ","Room":"","Seat":" ","Addtl_Loc":" ","LandmkName":" ","Mile_Post":" ","Place_Type":" ","Placement":" ","Long":-75.08637749,"Lat":40.18922094,"Elev":"0","ParcelID":"49-009-028-013","Full_Addr":"1 FERRY ST","Comment":" ","Purpose":null,"DiscrpAgID":"buckscounty.org","created_user":null,"created_date":null,"last_edited_user":"DGALLOWAY","gc_exception":"","ADDRGUID":null,"RDNAME":"FERRY ST"}},{"type":"Feature","id":237843,"geometry":{"type":"Point","coordinates":[-75.0863041484565,40.1892454441864]},"properties":{"OBJECTID":237843,"Source":"","DateUpdate":"Tue, 12 Nov 2024 10:04:37 GMT","Effective":"Wed, 01 Jan 2020 00:00:01 GMT","Expire":"Sat, 01 Jan 2050 00:00:01 GMT","Site_NGUID":"SSAP2381923FERRYST@buckscounty.org","Country":"US","State":"PA","County":"Bucks County","AddCode":"","AddDataURI":"","Inc_Muni":"Warminster Township","Uninc_Comm":"","Nbrhd_Comm":"","AddNum_Pre":"","Add_Number":"3","AddNum_Suf":"","St_PreMod":"","St_PreDir":"","St_PreTyp":"","St_PreSep":"","St_Name":"FERRY","St_PosTyp":"STREET","St_PosDir":"","St_PosMod":"","Lst_PreDir":"","Lst_Name":"FERRY","Lst_Type":"ST","LstPosDir":"","ESN":"51","MSAGComm":"WARMINSTER TOWNSHIP","Post_Comm":"WARMINSTER","Post_Code":"18974","Post_Code4":"","Building":"","Floor":" ","Unit":" ","Room":"","Seat":" ","Addtl_Loc":" ","LandmkName":" ","Mile_Post":" ","Place_Type":" ","Placement":" ","Long":-75.08630239,"Lat":40.18923733,"Elev":"0","ParcelID":"49-009-028-013","Full_Addr":"3 FERRY ST","Comment":" ","Purpose":null,"DiscrpAgID":"buckscounty.org","created_user":null,"created_date":null,"last_edited_user":"DGALLOWAY","gc_exception":"","ADDRGUID":null,"RDNAME":"FERRY ST"}},{"type":"Feature","id":237844,"geometry":{"type":"Point","coordinates":[-75.0862344125161,40.1892577378836]},"properties":{"OBJECTID":237844,"Source":"","DateUpdate":"Tue, 12 Nov 2024 10:04:37 GMT","Effective":"Wed, 01 Jan 2020 00:00:01 GMT","Expire":"Sat, 01 Jan 2050 00:00:01 GMT","Site_NGUID":"SSAP2381935FERRYST@buckscounty.org","Country":"US","State":"PA","County":"Bucks County","AddCode":"","AddDataURI":"","Inc_Muni":"Warminster Township","Uninc_Comm":"","Nbrhd_Comm":"","AddNum_Pre":"","Add_Number":"5","AddNum_Suf":"","St_PreMod":"","St_PreDir":"","St_PreTyp":"","St_PreSep":"","St_Name":"FERRY","St_PosTyp":"STREET","St_PosDir":"","St_PosMod":"","Lst_PreDir":"","Lst_Name":"FERRY","Lst_Type":"ST","LstPosDir":"","ESN":"51","MSAGComm":"WARMINSTER TOWNSHIP","Post_Comm":"WARMINSTER","Post_Code":"18974","Post_Code4":"","Building":"","Floor":" ","Unit":" ","Room":"","Seat":" ","Addtl_Loc":" ","LandmkName":" ","Mile_Post":" ","Place_Type":" ","Placement":" ","Long":-75.08623265,"Lat":40.18924962,"Elev":"0","ParcelID":"49-009-028-013","Full_Addr":"5 FERRY ST","Comment":" ","Purpose":null,"DiscrpAgID":"buckscounty.org","created_user":null,"created_date":null,"last_edited_user":"DGALLOWAY","gc_exception":"","ADDRGUID":null,"RDNAME":"FERRY ST"}},{"type":"Feature","id":237845,"geometry":{"type":"Point","coordinates":[-75.0861700374267,40.1892700321512]},"properties":{"OBJECTID":237845,"Source":"","DateUpdate":"Tue, 12 Nov 2024 10:04:37 GMT","Effective":"Wed, 01 Jan 2020 00:00:01 GMT","Expire":"Sat, 01 Jan 2050 00:00:01 GMT","Site_NGUID":"SSAP2381947FERRYST@buckscounty.org","Country":"US","State":"PA","County":"Bucks County","AddCode":"","AddDataURI":"","Inc_Muni":"Warminster Township","Uninc_Comm":"","Nbrhd_Comm":"","AddNum_Pre":"","Add_Number":"7","AddNum_Suf":"","St_PreMod":"","St_PreDir":"","St_PreTyp":"","St_PreSep":"","St_Name":"FERRY","St_PosTyp":"STREET","St_PosDir":"","St_PosMod":"","Lst_PreDir":"","Lst_Name":"FERRY","Lst_Type":"ST","LstPosDir":"","ESN":"51","MSAGComm":"WARMINSTER TOWNSHIP","Post_Comm":"WARMINSTER","Post_Code":"18974","Post_Code4":"","Building":"","Floor":" ","Unit":" ","Room":"","Seat":" ","Addtl_Loc":" ","LandmkName":" ","Mile_Post":" ","Place_Type":" ","Placement":" ","Long":-75.08616828,"Lat":40.18926192,"Elev":"0","ParcelID":"49-009-028-013","Full_Addr":"7 FERRY ST","Comment":" ","Purpose":null,"DiscrpAgID":"buckscounty.org","created_user":null,"created_date":null,"last_edited_user":"DGALLOWAY","gc_exception":"","ADDRGUID":null,"RDNAME":"FERRY ST"}},{"type":"Feature","id":237846,"geometry":{"type":"Point","coordinates":[-75.0854082893912,40.1892044641295]},"properties":{"OBJECTID":237846,"Source":"","DateUpdate":"Tue, 12 Nov 2024 10:04:37 GMT","Effective":"Wed, 01 Jan 2020 00:00:01 GMT","Expire":"Sat, 01 Jan 2050 00:00:01 GMT","Site_NGUID":"SSAP23819517FERRYST@buckscounty.org","Country":"US","State":"PA","County":"Bucks County","AddCode":"","AddDataURI":"","Inc_Muni":"Warminster Township","Uninc_Comm":"","Nbrhd_Comm":"","AddNum_Pre":"","Add_Number":"17","AddNum_Suf":"","St_PreMod":"","St_PreDir":"","St_PreTyp":"","St_PreSep":"","St_Name":"FERRY","St_PosTyp":"STREET","St_PosDir":"","St_PosMod":"","Lst_PreDir":"","Lst_Name":"FERRY","Lst_Type":"ST","LstPosDir":"","ESN":"51","MSAGComm":"WARMINSTER TOWNSHIP","Post_Comm":"WARMINSTER","Post_Code":"18974","Post_Code4":"","Building":"","Floor":" ","Unit":" ","Room":"","Seat":" ","Addtl_Loc":" ","LandmkName":" ","Mile_Post":" ","Place_Type":" ","Placement":" ","Long":-75.08540653,"Lat":40.18919635,"Elev":"0","ParcelID":"49-009-028-013","Full_Addr":"17 FERRY ST","Comment":" ","Purpose":null,"DiscrpAgID":"buckscounty.org","created_user":null,"created_date":null,"last_edited_user":"DGALLOWAY","gc_exception":"","ADDRGUID":null,"RDNAME":"FERRY ST"}},{"type":"Feature","id":237847,"geometry":{"type":"Point","coordinates":[-75.0853439155071,40.1892003655658]},"properties":{"OBJECTID":237847,"Source":"","DateUpdate":"Tue, 12 Nov 2024 10:04:37 GMT","Effective":"Wed, 01 Jan 2020 00:00:01 GMT","Expire":"Sat, 01 Jan 2050 00:00:01 GMT","Site_NGUID":"SSAP23819619FERRYST@buckscounty.org","Country":"US","State":"PA","County":"Bucks County","AddCode":"","AddDataURI":"","Inc_Muni":"Warminster Township","Uninc_Comm":"","Nbrhd_Comm":"","AddNum_Pre":"","Add_Number":"19","AddNum_Suf":"","St_PreMod":"","St_PreDir":"","St_PreTyp":"","St_PreSep":"","St_Name":"FERRY","St_PosTyp":"STREET","St_PosDir":"","St_PosMod":"","Lst_PreDir":"","Lst_Name":"FERRY","Lst_Type":"ST","LstPosDir":"","ESN":"51","MSAGComm":"WARMINSTER TOWNSHIP","Post_Comm":"WARMINSTER","Post_Code":"18974","Post_Code4":"","Building":"","Floor":" ","Unit":" ","Room":"","Seat":" ","Addtl_Loc":" ","LandmkName":" ","Mile_Post":" ","Place_Type":" ","Placement":" ","Long":-75.08534215,"Lat":40.18919225,"Elev":"0","ParcelID":"49-009-028-013","Full_Addr":"19 FERRY ST","Comment":" ","Purpose":null,"DiscrpAgID":"buckscounty.org","created_user":null,"created_date":null,"last_edited_user":"DGALLOWAY","gc_exception":"","ADDRGUID":null,"RDNAME":"FERRY ST"}},{"type":"Feature","id":237848,"geometry":{"type":"Point","coordinates":[-75.0852768617294,40.189196268003]},"properties":{"OBJECTID":237848,"Source":"","DateUpdate":"Tue, 12 Nov 2024 10:04:37 GMT","Effective":"Wed, 01 Jan 2020 00:00:01 GMT","Expire":"Sat, 01 Jan 2050 00:00:01 GMT","Site_NGUID":"SSAP23819721FERRYST@buckscounty.org","Country":"US","State":"PA","County":"Bucks County","AddCode":"","AddDataURI":"","Inc_Muni":"Warminster Township","Uninc_Comm":"","Nbrhd_Comm":"","AddNum_Pre":"","Add_Number":"21","AddNum_Suf":"","St_PreMod":"","St_PreDir":"","St_PreTyp":"","St_PreSep":"","St_Name":"FERRY","St_PosTyp":"STREET","St_PosDir":"","St_PosMod":"","Lst_PreDir":"","Lst_Name":"FERRY","Lst_Type":"ST","LstPosDir":"","ESN":"51","MSAGComm":"WARMINSTER TOWNSHIP","Post_Comm":"WARMINSTER","Post_Code":"18974","Post_Code4":"","Building":"","Floor":" ","Unit":" ","Room":"","Seat":" ","Addtl_Loc":" ","LandmkName":" ","Mile_Post":" ","Place_Type":" ","Placement":" ","Long":-75.0852751,"Lat":40.18918815,"Elev":"0","ParcelID":"49-009-028-013","Full_Addr":"21 FERRY ST","Comment":" ","Purpose":null,"DiscrpAgID":"buckscounty.org","created_user":null,"created_date":null,"last_edited_user":"DGALLOWAY","gc_exception":"","ADDRGUID":null,"RDNAME":"FERRY ST"}},{"type":"Feature","id":237849,"geometry":{"type":"Point","coordinates":[-75.0852124889994,40.1891921702932]},"properties":{"OBJECTID":237849,"Source":"","DateUpdate":"Tue, 12 Nov 2024 10:04:37 GMT","Effective":"Wed, 01 Jan 2020 00:00:01 GMT","Expire":"Sat, 01 Jan 2050 00:00:01 GMT","Site_NGUID":"SSAP23819823FERRYST@buckscounty.org","Country":"US","State":"PA","County":"Bucks County","AddCode":"","AddDataURI":"","Inc_Muni":"Warminster Township","Uninc_Comm":"","Nbrhd_Comm":"","AddNum_Pre":"","Add_Number":"23","AddNum_Suf":"","St_PreMod":"","St_PreDir":"","St_PreTyp":"","St_PreSep":"","St_Name":"FERRY","St_PosTyp":"STREET","St_PosDir":"","St_PosMod":"","Lst_PreDir":"","Lst_Name":"FERRY","Lst_Type":"ST","LstPosDir":"","ESN":"51","MSAGComm":"WARMINSTER TOWNSHIP","Post_Comm":"WARMINSTER","Post_Code":"18974","Post_Code4":"","Building":"","Floor":" ","Unit":" ","Room":"","Seat":" ","Addtl_Loc":" ","LandmkName":" ","Mile_Post":" ","Place_Type":" ","Placement":" ","Long":-75.08521073,"Lat":40.18918406,"Elev":"0","ParcelID":"49-009-028-013","Full_Addr":"23 FERRY ST","Comment":" ","Purpose":null,"DiscrpAgID":"buckscounty.org","created_user":null,"created_date":null,"last_edited_user":"DGALLOWAY","gc_exception":"","ADDRGUID":null,"RDNAME":"FERRY ST"}},{"type":"Feature","id":237850,"geometry":{"type":"Point","coordinates":[-75.0849496337274,40.1891696306286]},"properties":{"OBJECTID":237850,"Source":"","DateUpdate":"Tue, 12 Nov 2024 10:04:37 GMT","Effective":"Wed, 01 Jan 2020 00:00:01 GMT","Expire":"Sat, 01 Jan 2050 00:00:01 GMT","Site_NGUID":"SSAP23819925FERRYST@buckscounty.org","Country":"US","State":"PA","County":"Bucks County","AddCode":"","AddDataURI":"","Inc_Muni":"Warminster Township","Uninc_Comm":"","Nbrhd_Comm":"","AddNum_Pre":"","Add_Number":"25","AddNum_Suf":"","St_PreMod":"","St_PreDir":"","St_PreTyp":"","St_PreSep":"","St_Name":"FERRY","St_PosTyp":"STREET","St_PosDir":"","St_PosMod":"","Lst_PreDir":"","Lst_Name":"FERRY","Lst_Type":"ST","LstPosDir":"","ESN":"51","MSAGComm":"WARMINSTER TOWNSHIP","Post_Comm":"WARMINSTER","Post_Code":"18974","Post_Code4":"","Building":"","Floor":" ","Unit":" ","Room":"","Seat":" ","Addtl_Loc":" ","LandmkName":" ","Mile_Post":" ","Place_Type":" ","Placement":" ","Long":-75.08494787,"Lat":40.18916152,"Elev":"0","ParcelID":"49-009-028-013","Full_Addr":"25 FERRY ST","Comment":" ","Purpose":null,"DiscrpAgID":"buckscounty.org","created_user":null,"created_date":null,"last_edited_user":"DGALLOWAY","gc_exception":"","ADDRGUID":null,"RDNAME":"FERRY ST"}},{"type":"Feature","id":237851,"geometry":{"type":"Point","coordinates":[-75.0848718495314,40.189163485054]},"properties":{"OBJECTID":237851,"Source":"","DateUpdate":"Tue, 12 Nov 2024 10:04:37 GMT","Effective":"Wed, 01 Jan 2020 00:00:01 GMT","Expire":"Sat, 01 Jan 2050 00:00:01 GMT","Site_NGUID":"SSAP23820027FERRYST@buckscounty.org","Country":"US","State":"PA","County":"Bucks County","AddCode":"","AddDataURI":"","Inc_Muni":"Warminster Township","Uninc_Comm":"","Nbrhd_Comm":"","AddNum_Pre":"","Add_Number":"27","AddNum_Suf":"","St_PreMod":"","St_PreDir":"","St_PreTyp":"","St_PreSep":"","St_Name":"FERRY","St_PosTyp":"STREET","St_PosDir":"","St_PosMod":"","Lst_PreDir":"","Lst_Name":"FERRY","Lst_Type":"ST","LstPosDir":"","ESN":"51","MSAGComm":"WARMINSTER TOWNSHIP","Post_Comm":"WARMINSTER","Post_Code":"18974","Post_Code4":"","Building":"","Floor":" ","Unit":" ","Room":"","Seat":" ","Addtl_Loc":" ","LandmkName":" ","Mile_Post":" ","Place_Type":" ","Placement":" ","Long":-75.08487009,"Lat":40.18915537,"Elev":"0","ParcelID":"49-009-028-013","Full_Addr":"27 FERRY ST","Comment":" ","Purpose":null,"DiscrpAgID":"buckscounty.org","created_user":null,"created_date":null,"last_edited_user":"DGALLOWAY","gc_exception":"","ADDRGUID":null,"RDNAME":"FERRY ST"}},{"type":"Feature","id":237852,"geometry":{"type":"Point","coordinates":[-75.0848021112944,40.189159386333]},"properties":{"OBJECTID":237852,"Source":"","DateUpdate":"Tue, 12 Nov 2024 10:04:37 GMT","Effective":"Wed, 01 Jan 2020 00:00:01 GMT","Expire":"Sat, 01 Jan 2050 00:00:01 GMT","Site_NGUID":"SSAP23820129FERRYST@buckscounty.org","Country":"US","State":"PA","County":"Bucks County","AddCode":"","AddDataURI":"","Inc_Muni":"Warminster Township","Uninc_Comm":"","Nbrhd_Comm":"","AddNum_Pre":"","Add_Number":"29","AddNum_Suf":"","St_PreMod":"","St_PreDir":"","St_PreTyp":"","St_PreSep":"","St_Name":"FERRY","St_PosTyp":"STREET","St_PosDir":"","St_PosMod":"","Lst_PreDir":"","Lst_Name":"FERRY","Lst_Type":"ST","LstPosDir":"","ESN":"51","MSAGComm":"WARMINSTER TOWNSHIP","Post_Comm":"WARMINSTER","Post_Code":"18974","Post_Code4":"","Building":"","Floor":" ","Unit":" ","Room":"","Seat":" ","Addtl_Loc":" ","LandmkName":" ","Mile_Post":" ","Place_Type":" ","Placement":" ","Long":-75.08480035,"Lat":40.18915127,"Elev":"0","ParcelID":"49-009-028-013","Full_Addr":"29 FERRY ST","Comment":" ","Purpose":null,"DiscrpAgID":"buckscounty.org","created_user":null,"created_date":null,"last_edited_user":"DGALLOWAY","gc_exception":"","ADDRGUID":null,"RDNAME":"FERRY ST"}},{"type":"Feature","id":237853,"geometry":{"type":"Point","coordinates":[-75.0847296927919,40.1891532387465]},"properties":{"OBJECTID":237853,"Source":"","DateUpdate":"Tue, 12 Nov 2024 10:04:37 GMT","Effective":"Wed, 01 Jan 2020 00:00:01 GMT","Expire":"Sat, 01 Jan 2050 00:00:01 GMT","Site_NGUID":"SSAP23820231FERRYST@buckscounty.org","Country":"US","State":"PA","County":"Bucks County","AddCode":"","AddDataURI":"","Inc_Muni":"Warminster Township","Uninc_Comm":"","Nbrhd_Comm":"","AddNum_Pre":"","Add_Number":"31","AddNum_Suf":"","St_PreMod":"","St_PreDir":"","St_PreTyp":"","St_PreSep":"","St_Name":"FERRY","St_PosTyp":"STREET","St_PosDir":"","St_PosMod":"","Lst_PreDir":"","Lst_Name":"FERRY","Lst_Type":"ST","LstPosDir":"","ESN":"51","MSAGComm":"WARMINSTER TOWNSHIP","Post_Comm":"WARMINSTER","Post_Code":"18974","Post_Code4":"","Building":"","Floor":" ","Unit":" ","Room":"","Seat":" ","Addtl_Loc":" ","LandmkName":" ","Mile_Post":" ","Place_Type":" ","Placement":" ","Long":-75.08472793,"Lat":40.18914512,"Elev":"0","ParcelID":"49-009-028-013","Full_Addr":"31 FERRY ST","Comment":" ","Purpose":null,"DiscrpAgID":"buckscounty.org","created_user":null,"created_date":null,"last_edited_user":"DGALLOWAY","gc_exception":"","ADDRGUID":null,"RDNAME":"FERRY ST"}},{"type":"Feature","id":237854,"geometry":{"type":"Point","coordinates":[-75.0846599552694,40.1891470928198]},"properties":{"OBJECTID":237854,"Source":"","DateUpdate":"Tue, 12 Nov 2024 10:04:37 GMT","Effective":"Wed, 01 Jan 2020 00:00:01 GMT","Expire":"Sat, 01 Jan 2050 00:00:01 GMT","Site_NGUID":"SSAP23820333FERRYST@buckscounty.org","Country":"US","State":"PA","County":"Bucks County","AddCode":"","AddDataURI":"","Inc_Muni":"Warminster Township","Uninc_Comm":"","Nbrhd_Comm":"","AddNum_Pre":"","Add_Number":"33","AddNum_Suf":"","St_PreMod":"","St_PreDir":"","St_PreTyp":"","St_PreSep":"","St_Name":"FERRY","St_PosTyp":"STREET","St_PosDir":"","St_PosMod":"","Lst_PreDir":"","Lst_Name":"FERRY","Lst_Type":"ST","LstPosDir":"","ESN":"51","MSAGComm":"WARMINSTER TOWNSHIP","Post_Comm":"WARMINSTER","Post_Code":"18974","Post_Code4":"","Building":"","Floor":" ","Unit":" ","Room":"","Seat":" ","Addtl_Loc":" ","LandmkName":" ","Mile_Post":" ","Place_Type":" ","Placement":" ","Long":-75.08465819,"Lat":40.18913898,"Elev":"0","ParcelID":"49-009-028-013","Full_Addr":"33 FERRY ST","Comment":" ","Purpose":null,"DiscrpAgID":"buckscounty.org","created_user":null,"created_date":null,"last_edited_user":"DGALLOWAY","gc_exception":"","ADDRGUID":null,"RDNAME":"FERRY ST"}},{"type":"Feature","id":237855,"geometry":{"type":"Point","coordinates":[-75.0845821711609,40.1891409461494]},"properties":{"OBJECTID":237855,"Source":"","DateUpdate":"Tue, 12 Nov 2024 10:04:37 GMT","Effective":"Wed, 01 Jan 2020 00:00:01 GMT","Expire":"Sat, 01 Jan 2050 00:00:01 GMT","Site_NGUID":"SSAP23820435FERRYST@buckscounty.org","Country":"US","State":"PA","County":"Bucks County","AddCode":"","AddDataURI":"","Inc_Muni":"Warminster Township","Uninc_Comm":"","Nbrhd_Comm":"","AddNum_Pre":"","Add_Number":"35","AddNum_Suf":"","St_PreMod":"","St_PreDir":"","St_PreTyp":"","St_PreSep":"","St_Name":"FERRY","St_PosTyp":"STREET","St_PosDir":"","St_PosMod":"","Lst_PreDir":"","Lst_Name":"FERRY","Lst_Type":"ST","LstPosDir":"","ESN":"51","MSAGComm":"WARMINSTER TOWNSHIP","Post_Comm":"WARMINSTER","Post_Code":"18974","Post_Code4":"","Building":"","Floor":" ","Unit":" ","Room":"","Seat":" ","Addtl_Loc":" ","LandmkName":" ","Mile_Post":" ","Place_Type":" ","Placement":" ","Long":-75.08458041,"Lat":40.18913283,"Elev":"0","ParcelID":"49-009-028-013","Full_Addr":"35 FERRY ST","Comment":" ","Purpose":null,"DiscrpAgID":"buckscounty.org","created_user":null,"created_date":null,"last_edited_user":"DGALLOWAY","gc_exception":"","ADDRGUID":null,"RDNAME":"FERRY ST"}},{"type":"Feature","id":237856,"geometry":{"type":"Point","coordinates":[-75.0844641550184,40.1888991635318]},"properties":{"OBJECTID":237856,"Source":"","DateUpdate":"Tue, 12 Nov 2024 10:04:37 GMT","Effective":"Wed, 01 Jan 2020 00:00:01 GMT","Expire":"Sat, 01 Jan 2050 00:00:01 GMT","Site_NGUID":"SSAP23820538FERRYST@buckscounty.org","Country":"US","State":"PA","County":"Bucks County","AddCode":"","AddDataURI":"","Inc_Muni":"Warminster Township","Uninc_Comm":"","Nbrhd_Comm":"","AddNum_Pre":"","Add_Number":"38","AddNum_Suf":"","St_PreMod":"","St_PreDir":"","St_PreTyp":"","St_PreSep":"","St_Name":"FERRY","St_PosTyp":"STREET","St_PosDir":"","St_PosMod":"","Lst_PreDir":"","Lst_Name":"FERRY","Lst_Type":"ST","LstPosDir":"","ESN":"51","MSAGComm":"WARMINSTER TOWNSHIP","Post_Comm":"WARMINSTER","Post_Code":"18974","Post_Code4":"","Building":"","Floor":" ","Unit":" ","Room":"","Seat":" ","Addtl_Loc":" ","LandmkName":" ","Mile_Post":" ","Place_Type":" ","Placement":" ","Long":-75.08446239,"Lat":40.18889105,"Elev":"0","ParcelID":"49-009-028-013","Full_Addr":"38 FERRY ST","Comment":" ","Purpose":null,"DiscrpAgID":"buckscounty.org","created_user":null,"created_date":null,"last_edited_user":"DGALLOWAY","gc_exception":"","ADDRGUID":null,"RDNAME":"FERRY ST"}},{"type":"Feature","id":237857,"geometry":{"type":"Point","coordinates":[-75.084724328121,40.1889217026014]},"properties":{"OBJECTID":237857,"Source":"","DateUpdate":"Tue, 12 Nov 2024 10:04:37 GMT","Effective":"Wed, 01 Jan 2020 00:00:01 GMT","Expire":"Sat, 01 Jan 2050 00:00:01 GMT","Site_NGUID":"SSAP23820630FERRYST@buckscounty.org","Country":"US","State":"PA","County":"Bucks County","AddCode":"","AddDataURI":"","Inc_Muni":"Warminster Township","Uninc_Comm":"","Nbrhd_Comm":"","AddNum_Pre":"","Add_Number":"30","AddNum_Suf":"","St_PreMod":"","St_PreDir":"","St_PreTyp":"","St_PreSep":"","St_Name":"FERRY","St_PosTyp":"STREET","St_PosDir":"","St_PosMod":"","Lst_PreDir":"","Lst_Name":"FERRY","Lst_Type":"ST","LstPosDir":"","ESN":"51","MSAGComm":"WARMINSTER TOWNSHIP","Post_Comm":"WARMINSTER","Post_Code":"18974","Post_Code4":"","Building":"","Floor":" ","Unit":" ","Room":"","Seat":" ","Addtl_Loc":" ","LandmkName":" ","Mile_Post":" ","Place_Type":" ","Placement":" ","Long":-75.08472257,"Lat":40.18891359,"Elev":"0","ParcelID":"49-009-028-013","Full_Addr":"30 FERRY ST","Comment":" ","Purpose":null,"DiscrpAgID":"buckscounty.org","created_user":null,"created_date":null,"last_edited_user":"DGALLOWAY","gc_exception":"","ADDRGUID":null,"RDNAME":"FERRY ST"}},{"type":"Feature","id":237858,"geometry":{"type":"Point","coordinates":[-75.0845902172736,40.1889114576861]},"properties":{"OBJECTID":237858,"Source":"","DateUpdate":"Tue, 12 Nov 2024 10:04:37 GMT","Effective":"Wed, 01 Jan 2020 00:00:01 GMT","Expire":"Sat, 01 Jan 2050 00:00:01 GMT","Site_NGUID":"SSAP23820734FERRYST@buckscounty.org","Country":"US","State":"PA","County":"Bucks County","AddCode":"","AddDataURI":"","Inc_Muni":"Warminster Township","Uninc_Comm":"","Nbrhd_Comm":"","AddNum_Pre":"","Add_Number":"34","AddNum_Suf":"","St_PreMod":"","St_PreDir":"","St_PreTyp":"","St_PreSep":"","St_Name":"FERRY","St_PosTyp":"STREET","St_PosDir":"","St_PosMod":"","Lst_PreDir":"","Lst_Name":"FERRY","Lst_Type":"ST","LstPosDir":"","ESN":"51","MSAGComm":"WARMINSTER TOWNSHIP","Post_Comm":"WARMINSTER","Post_Code":"18974","Post_Code4":"","Building":"","Floor":" ","Unit":" ","Room":"","Seat":" ","Addtl_Loc":" ","LandmkName":" ","Mile_Post":" ","Place_Type":" ","Placement":" ","Long":-75.08458846,"Lat":40.18890334,"Elev":"0","ParcelID":"49-009-028-013","Full_Addr":"34 FERRY ST","Comment":" ","Purpose":null,"DiscrpAgID":"buckscounty.org","created_user":null,"created_date":null,"last_edited_user":"DGALLOWAY","gc_exception":"","ADDRGUID":null,"RDNAME":"FERRY ST"}},{"type":"Feature","id":237859,"geometry":{"type":"Point","coordinates":[-75.0846545905139,40.1889196536385]},"properties":{"OBJECTID":237859,"Source":"","DateUpdate":"Tue, 12 Nov 2024 10:04:37 GMT","Effective":"Wed, 01 Jan 2020 00:00:01 GMT","Expire":"Sat, 01 Jan 2050 00:00:01 GMT","Site_NGUID":"SSAP23820832FERRYST@buckscounty.org","Country":"US","State":"PA","County":"Bucks County","AddCode":"","AddDataURI":"","Inc_Muni":"Warminster Township","Uninc_Comm":"","Nbrhd_Comm":"","AddNum_Pre":"","Add_Number":"32","AddNum_Suf":"","St_PreMod":"","St_PreDir":"","St_PreTyp":"","St_PreSep":"","St_Name":"FERRY","St_PosTyp":"STREET","St_PosDir":"","St_PosMod":"","Lst_PreDir":"","Lst_Name":"FERRY","Lst_Type":"ST","LstPosDir":"","ESN":"51","MSAGComm":"WARMINSTER TOWNSHIP","Post_Comm":"WARMINSTER","Post_Code":"18974","Post_Code4":"","Building":"","Floor":" ","Unit":" ","Room":"","Seat":" ","Addtl_Loc":" ","LandmkName":" ","Mile_Post":" ","Place_Type":" ","Placement":" ","Long":-75.08465283,"Lat":40.18891154,"Elev":"0","ParcelID":"49-009-028-013","Full_Addr":"32 FERRY ST","Comment":" ","Purpose":null,"DiscrpAgID":"buckscounty.org","created_user":null,"created_date":null,"last_edited_user":"DGALLOWAY","gc_exception":"","ADDRGUID":null,"RDNAME":"FERRY ST"}},{"type":"Feature","id":237860,"geometry":{"type":"Point","coordinates":[-75.0845285274261,40.188909409375]},"properties":{"OBJECTID":237860,"Source":"","DateUpdate":"Tue, 12 Nov 2024 10:04:37 GMT","Effective":"Wed, 01 Jan 2020 00:00:01 GMT","Expire":"Sat, 01 Jan 2050 00:00:01 GMT","Site_NGUID":"SSAP23820936FERRYST@buckscounty.org","Country":"US","State":"PA","County":"Bucks County","AddCode":"","AddDataURI":"","Inc_Muni":"Warminster Township","Uninc_Comm":"","Nbrhd_Comm":"","AddNum_Pre":"","Add_Number":"36","AddNum_Suf":"","St_PreMod":"","St_PreDir":"","St_PreTyp":"","St_PreSep":"","St_Name":"FERRY","St_PosTyp":"STREET","St_PosDir":"","St_PosMod":"","Lst_PreDir":"","Lst_Name":"FERRY","Lst_Type":"ST","LstPosDir":"","ESN":"51","MSAGComm":"WARMINSTER TOWNSHIP","Post_Comm":"WARMINSTER","Post_Code":"18974","Post_Code4":"","Building":"","Floor":" ","Unit":" ","Room":"","Seat":" ","Addtl_Loc":" ","LandmkName":" ","Mile_Post":" ","Place_Type":" ","Placement":" ","Long":-75.08452677,"Lat":40.18890129,"Elev":"0","ParcelID":"49-009-028-013","Full_Addr":"36 FERRY ST","Comment":" ","Purpose":null,"DiscrpAgID":"buckscounty.org","created_user":null,"created_date":null,"last_edited_user":"DGALLOWAY","gc_exception":"","ADDRGUID":null,"RDNAME":"FERRY ST"}},{"type":"Feature","id":237861,"geometry":{"type":"Point","coordinates":[-75.0857194271116,40.1890016135581]},"properties":{"OBJECTID":237861,"Source":"","DateUpdate":"Tue, 12 Nov 2024 10:04:37 GMT","Effective":"Wed, 01 Jan 2020 00:00:01 GMT","Expire":"Sat, 01 Jan 2050 00:00:01 GMT","Site_NGUID":"SSAP23821014FERRYST@buckscounty.org","Country":"US","State":"PA","County":"Bucks County","AddCode":"","AddDataURI":"","Inc_Muni":"Warminster Township","Uninc_Comm":"","Nbrhd_Comm":"","AddNum_Pre":"","Add_Number":"14","AddNum_Suf":"","St_PreMod":"","St_PreDir":"","St_PreTyp":"","St_PreSep":"","St_Name":"FERRY","St_PosTyp":"STREET","St_PosDir":"","St_PosMod":"","Lst_PreDir":"","Lst_Name":"FERRY","Lst_Type":"ST","LstPosDir":"","ESN":"51","MSAGComm":"WARMINSTER TOWNSHIP","Post_Comm":"WARMINSTER","Post_Code":"18974","Post_Code4":"","Building":"","Floor":" ","Unit":" ","Room":"","Seat":" ","Addtl_Loc":" ","LandmkName":" ","Mile_Post":" ","Place_Type":" ","Placement":" ","Long":-75.08571767,"Lat":40.1889935,"Elev":"0","ParcelID":"49-009-028-013","Full_Addr":"14 FERRY ST","Comment":" ","Purpose":null,"DiscrpAgID":"buckscounty.org","created_user":null,"created_date":null,"last_edited_user":"DGALLOWAY","gc_exception":"","ADDRGUID":null,"RDNAME":"FERRY ST"}},{"type":"Feature","id":237862,"geometry":{"type":"Point","coordinates":[-75.0858454904449,40.1890118592184]},"properties":{"OBJECTID":237862,"Source":"","DateUpdate":"Tue, 12 Nov 2024 10:04:37 GMT","Effective":"Wed, 01 Jan 2020 00:00:01 GMT","Expire":"Sat, 01 Jan 2050 00:00:01 GMT","Site_NGUID":"SSAP23821110FERRYST@buckscounty.org","Country":"US","State":"PA","County":"Bucks County","AddCode":"","AddDataURI":"","Inc_Muni":"Warminster Township","Uninc_Comm":"","Nbrhd_Comm":"","AddNum_Pre":"","Add_Number":"10","AddNum_Suf":"","St_PreMod":"","St_PreDir":"","St_PreTyp":"","St_PreSep":"","St_Name":"FERRY","St_PosTyp":"STREET","St_PosDir":"","St_PosMod":"","Lst_PreDir":"","Lst_Name":"FERRY","Lst_Type":"ST","LstPosDir":"","ESN":"51","MSAGComm":"WARMINSTER TOWNSHIP","Post_Comm":"WARMINSTER","Post_Code":"18974","Post_Code4":"","Building":"","Floor":" ","Unit":" ","Room":"","Seat":" ","Addtl_Loc":" ","LandmkName":" ","Mile_Post":" ","Place_Type":" ","Placement":" ","Long":-75.08584373,"Lat":40.18900374,"Elev":"0","ParcelID":"49-009-028-013","Full_Addr":"10 FERRY ST","Comment":" ","Purpose":null,"DiscrpAgID":"buckscounty.org","created_user":null,"created_date":null,"last_edited_user":"DGALLOWAY","gc_exception":"","ADDRGUID":null,"RDNAME":"FERRY ST"}},{"type":"Feature","id":237863,"geometry":{"type":"Point","coordinates":[-75.0855933630431,40.1889934175801]},"properties":{"OBJECTID":237863,"Source":"","DateUpdate":"Tue, 12 Nov 2024 10:04:37 GMT","Effective":"Wed, 01 Jan 2020 00:00:01 GMT","Expire":"Sat, 01 Jan 2050 00:00:01 GMT","Site_NGUID":"SSAP23821216FERRYST@buckscounty.org","Country":"US","State":"PA","County":"Bucks County","AddCode":"","AddDataURI":"","Inc_Muni":"Warminster Township","Uninc_Comm":"","Nbrhd_Comm":"","AddNum_Pre":"","Add_Number":"16","AddNum_Suf":"","St_PreMod":"","St_PreDir":"","St_PreTyp":"","St_PreSep":"","St_Name":"FERRY","St_PosTyp":"STREET","St_PosDir":"","St_PosMod":"","Lst_PreDir":"","Lst_Name":"FERRY","Lst_Type":"ST","LstPosDir":"","ESN":"51","MSAGComm":"WARMINSTER TOWNSHIP","Post_Comm":"WARMINSTER","Post_Code":"18974","Post_Code4":"","Building":"","Floor":" ","Unit":" ","Room":"","Seat":" ","Addtl_Loc":" ","LandmkName":" ","Mile_Post":" ","Place_Type":" ","Placement":" ","Long":-75.0855916,"Lat":40.1889853,"Elev":"0","ParcelID":"49-009-028-013","Full_Addr":"16 FERRY ST","Comment":" ","Purpose":null,"DiscrpAgID":"buckscounty.org","created_user":null,"created_date":null,"last_edited_user":"DGALLOWAY","gc_exception":"","ADDRGUID":null,"RDNAME":"FERRY ST"}},{"type":"Feature","id":237864,"geometry":{"type":"Point","coordinates":[-75.0840081783537,40.189476979351]},"properties":{"OBJECTID":237864,"Source":"","DateUpdate":"Tue, 12 Nov 2024 10:04:37 GMT","Effective":"Wed, 01 Jan 2020 00:00:01 GMT","Expire":"Sat, 01 Jan 2050 00:00:01 GMT","Site_NGUID":"SSAP2382134ROSSST@buckscounty.org","Country":"US","State":"PA","County":"Bucks County","AddCode":"","AddDataURI":"","Inc_Muni":"Warminster Township","Uninc_Comm":"","Nbrhd_Comm":"","AddNum_Pre":"","Add_Number":"4","AddNum_Suf":"","St_PreMod":"","St_PreDir":"","St_PreTyp":"","St_PreSep":"","St_Name":"ROSS","St_PosTyp":"STREET","St_PosDir":"","St_PosMod":"","Lst_PreDir":"","Lst_Name":"ROSS","Lst_Type":"ST","LstPosDir":"","ESN":"51","MSAGComm":"WARMINSTER TOWNSHIP","Post_Comm":"WARMINSTER","Post_Code":"18974","Post_Code4":"","Building":"","Floor":" ","Unit":" ","Room":"","Seat":" ","Addtl_Loc":" ","LandmkName":" ","Mile_Post":" ","Place_Type":" ","Placement":" ","Long":-75.08400642,"Lat":40.18946886,"Elev":"0","ParcelID":"49-009-028-013","Full_Addr":"4 ROSS ST","Comment":" ","Purpose":null,"DiscrpAgID":"buckscounty.org","created_user":null,"created_date":null,"last_edited_user":"DGALLOWAY","gc_exception":"","ADDRGUID":null,"RDNAME":"ROSS ST"}},{"type":"Feature","id":237865,"geometry":{"type":"Point","coordinates":[-75.0840189067504,40.1893622358844]},"properties":{"OBJECTID":237865,"Source":"","DateUpdate":"Tue, 12 Nov 2024 10:04:37 GMT","Effective":"Wed, 01 Jan 2020 00:00:01 GMT","Expire":"Sat, 01 Jan 2050 00:00:01 GMT","Site_NGUID":"SSAP2382146ROSSST@buckscounty.org","Country":"US","State":"PA","County":"Bucks County","AddCode":"","AddDataURI":"","Inc_Muni":"Warminster Township","Uninc_Comm":"","Nbrhd_Comm":"","AddNum_Pre":"","Add_Number":"6","AddNum_Suf":"","St_PreMod":"","St_PreDir":"","St_PreTyp":"","St_PreSep":"","St_Name":"ROSS","St_PosTyp":"STREET","St_PosDir":"","St_PosMod":"","Lst_PreDir":"","Lst_Name":"ROSS","Lst_Type":"ST","LstPosDir":"","ESN":"51","MSAGComm":"WARMINSTER TOWNSHIP","Post_Comm":"WARMINSTER","Post_Code":"18974","Post_Code4":"","Building":"","Floor":" ","Unit":" ","Room":"","Seat":" ","Addtl_Loc":" ","LandmkName":" ","Mile_Post":" ","Place_Type":" ","Placement":" ","Long":-75.08401715,"Lat":40.18935412,"Elev":"0","ParcelID":"49-009-028-013","Full_Addr":"6 ROSS ST","Comment":" ","Purpose":null,"DiscrpAgID":"buckscounty.org","created_user":null,"created_date":null,"last_edited_user":"DGALLOWAY","gc_exception":"","ADDRGUID":null,"RDNAME":"ROSS ST"}},{"type":"Feature","id":237866,"geometry":{"type":"Point","coordinates":[-75.0884418685629,40.1909266159295]},"properties":{"OBJECTID":237866,"Source":"","DateUpdate":"Tue, 12 Nov 2024 10:04:37 GMT","Effective":"Wed, 01 Jan 2020 00:00:01 GMT","Expire":"Sat, 01 Jan 2050 00:00:01 GMT","Site_NGUID":"SSAP2382151ADAMSAVE@buckscounty.org","Country":"US","State":"PA","County":"Bucks County","AddCode":"","AddDataURI":"","Inc_Muni":"Warminster Township","Uninc_Comm":"","Nbrhd_Comm":"","AddNum_Pre":"","Add_Number":"1","AddNum_Suf":"","St_PreMod":"","St_PreDir":"","St_PreTyp":"","St_PreSep":"","St_Name":"ADAMS","St_PosTyp":"AVENUE","St_PosDir":"","St_PosMod":"","Lst_PreDir":"","Lst_Name":"ADAMS","Lst_Type":"AVE","LstPosDir":"","ESN":"51","MSAGComm":"WARMINSTER TOWNSHIP","Post_Comm":"WARMINSTER","Post_Code":"18974","Post_Code4":"","Building":"","Floor":" ","Unit":" ","Room":"","Seat":" ","Addtl_Loc":" ","LandmkName":" ","Mile_Post":" ","Place_Type":" ","Placement":" ","Long":-75.08844011,"Lat":40.1909185,"Elev":"0","ParcelID":"49-009-028-013","Full_Addr":"1 ADAMS AVE","Comment":" ","Purpose":null,"DiscrpAgID":"buckscounty.org","created_user":null,"created_date":null,"last_edited_user":"DGALLOWAY","gc_exception":"","ADDRGUID":null,"RDNAME":"ADAMS AVE"}},{"type":"Feature","id":237867,"geometry":{"type":"Point","coordinates":[-75.088388225217,40.1909675950854]},"properties":{"OBJECTID":237867,"Source":"","DateUpdate":"Tue, 12 Nov 2024 10:04:37 GMT","Effective":"Wed, 01 Jan 2020 00:00:01 GMT","Expire":"Sat, 01 Jan 2050 00:00:01 GMT","Site_NGUID":"SSAP2382163ADAMSAVE@buckscounty.org","Country":"US","State":"PA","County":"Bucks County","AddCode":"","AddDataURI":"","Inc_Muni":"Warminster Township","Uninc_Comm":"","Nbrhd_Comm":"","AddNum_Pre":"","Add_Number":"3","AddNum_Suf":"","St_PreMod":"","St_PreDir":"","St_PreTyp":"","St_PreSep":"","St_Name":"ADAMS","St_PosTyp":"AVENUE","St_PosDir":"","St_PosMod":"","Lst_PreDir":"","Lst_Name":"ADAMS","Lst_Type":"AVE","LstPosDir":"","ESN":"51","MSAGComm":"WARMINSTER TOWNSHIP","Post_Comm":"WARMINSTER","Post_Code":"18974","Post_Code4":"","Building":"","Floor":" ","Unit":" ","Room":"","Seat":" ","Addtl_Loc":" ","LandmkName":" ","Mile_Post":" ","Place_Type":" ","Placement":" ","Long":-75.08838646,"Lat":40.19095948,"Elev":"0","ParcelID":"49-009-028-013","Full_Addr":"3 ADAMS AVE","Comment":" ","Purpose":null,"DiscrpAgID":"buckscounty.org","created_user":null,"created_date":null,"last_edited_user":"DGALLOWAY","gc_exception":"","ADDRGUID":null,"RDNAME":"ADAMS AVE"}},{"type":"Feature","id":237868,"geometry":{"type":"Point","coordinates":[-75.088339946105,40.1910167696422]},"properties":{"OBJECTID":237868,"Source":"","DateUpdate":"Tue, 12 Nov 2024 10:04:37 GMT","Effective":"Wed, 01 Jan 2020 00:00:01 GMT","Expire":"Sat, 01 Jan 2050 00:00:01 GMT","Site_NGUID":"SSAP2382175ADAMSAVE@buckscounty.org","Country":"US","State":"PA","County":"Bucks County","AddCode":"","AddDataURI":"","Inc_Muni":"Warminster Township","Uninc_Comm":"","Nbrhd_Comm":"","AddNum_Pre":"","Add_Number":"5","AddNum_Suf":"","St_PreMod":"","St_PreDir":"","St_PreTyp":"","St_PreSep":"","St_Name":"ADAMS","St_PosTyp":"AVENUE","St_PosDir":"","St_PosMod":"","Lst_PreDir":"","Lst_Name":"ADAMS","Lst_Type":"AVE","LstPosDir":"","ESN":"51","MSAGComm":"WARMINSTER TOWNSHIP","Post_Comm":"WARMINSTER","Post_Code":"18974","Post_Code4":"","Building":"","Floor":" ","Unit":" ","Room":"","Seat":" ","Addtl_Loc":" ","LandmkName":" ","Mile_Post":" ","Place_Type":" ","Placement":" ","Long":-75.08833818,"Lat":40.19100865,"Elev":"0","ParcelID":"49-009-028-013","Full_Addr":"5 ADAMS AVE","Comment":" ","Purpose":null,"DiscrpAgID":"buckscounty.org","created_user":null,"created_date":null,"last_edited_user":"DGALLOWAY","gc_exception":"","ADDRGUID":null,"RDNAME":"ADAMS AVE"}},{"type":"Feature","id":237869,"geometry":{"type":"Point","coordinates":[-75.0883077573677,40.1910577483475]},"properties":{"OBJECTID":237869,"Source":"","DateUpdate":"Tue, 12 Nov 2024 10:04:37 GMT","Effective":"Wed, 01 Jan 2020 00:00:01 GMT","Expire":"Sat, 01 Jan 2050 00:00:01 GMT","Site_NGUID":"SSAP2382187ADAMSAVE@buckscounty.org","Country":"US","State":"PA","County":"Bucks County","AddCode":"","AddDataURI":"","Inc_Muni":"Warminster Township","Uninc_Comm":"","Nbrhd_Comm":"","AddNum_Pre":"","Add_Number":"7","AddNum_Suf":"","St_PreMod":"","St_PreDir":"","St_PreTyp":"","St_PreSep":"","St_Name":"ADAMS","St_PosTyp":"AVENUE","St_PosDir":"","St_PosMod":"","Lst_PreDir":"","Lst_Name":"ADAMS","Lst_Type":"AVE","LstPosDir":"","ESN":"51","MSAGComm":"WARMINSTER TOWNSHIP","Post_Comm":"WARMINSTER","Post_Code":"18974","Post_Code4":"","Building":"","Floor":" ","Unit":" ","Room":"","Seat":" ","Addtl_Loc":" ","LandmkName":" ","Mile_Post":" ","Place_Type":" ","Placement":" ","Long":-75.088306,"Lat":40.19104963,"Elev":"0","ParcelID":"49-009-028-013","Full_Addr":"7 ADAMS AVE","Comment":" ","Purpose":null,"DiscrpAgID":"buckscounty.org","created_user":null,"created_date":null,"last_edited_user":"DGALLOWAY","gc_exception":"","ADDRGUID":null,"RDNAME":"ADAMS AVE"}},{"type":"Feature","id":237870,"geometry":{"type":"Point","coordinates":[-75.0880663585326,40.1912626411089]},"properties":{"OBJECTID":237870,"Source":"","DateUpdate":"Tue, 12 Nov 2024 10:04:37 GMT","Effective":"Wed, 01 Jan 2020 00:00:01 GMT","Expire":"Sat, 01 Jan 2050 00:00:01 GMT","Site_NGUID":"SSAP23821911ADAMSAVE@buckscounty.org","Country":"US","State":"PA","County":"Bucks County","AddCode":"","AddDataURI":"","Inc_Muni":"Warminster Township","Uninc_Comm":"","Nbrhd_Comm":"","AddNum_Pre":"","Add_Number":"11","AddNum_Suf":"","St_PreMod":"","St_PreDir":"","St_PreTyp":"","St_PreSep":"","St_Name":"ADAMS","St_PosTyp":"AVENUE","St_PosDir":"","St_PosMod":"","Lst_PreDir":"","Lst_Name":"ADAMS","Lst_Type":"AVE","LstPosDir":"","ESN":"51","MSAGComm":"WARMINSTER TOWNSHIP","Post_Comm":"WARMINSTER","Post_Code":"18974","Post_Code4":"","Building":"","Floor":" ","Unit":" ","Room":"","Seat":" ","Addtl_Loc":" ","LandmkName":" ","Mile_Post":" ","Place_Type":" ","Placement":" ","Long":-75.0880646,"Lat":40.19125453,"Elev":"0","ParcelID":"49-009-028-013","Full_Addr":"11 ADAMS AVE","Comment":" ","Purpose":null,"DiscrpAgID":"buckscounty.org","created_user":null,"created_date":null,"last_edited_user":"DGALLOWAY","gc_exception":"","ADDRGUID":null,"RDNAME":"ADAMS AVE"}},{"type":"Feature","id":237871,"geometry":{"type":"Point","coordinates":[-75.0879751650204,40.1913323054738]},"properties":{"OBJECTID":237871,"Source":"","DateUpdate":"Tue, 12 Nov 2024 10:04:37 GMT","Effective":"Wed, 01 Jan 2020 00:00:01 GMT","Expire":"Sat, 01 Jan 2050 00:00:01 GMT","Site_NGUID":"SSAP23822015ADAMSAVE@buckscounty.org","Country":"US","State":"PA","County":"Bucks County","AddCode":"","AddDataURI":"","Inc_Muni":"Warminster Township","Uninc_Comm":"","Nbrhd_Comm":"","AddNum_Pre":"","Add_Number":"15","AddNum_Suf":"","St_PreMod":"","St_PreDir":"","St_PreTyp":"","St_PreSep":"","St_Name":"ADAMS","St_PosTyp":"AVENUE","St_PosDir":"","St_PosMod":"","Lst_PreDir":"","Lst_Name":"ADAMS","Lst_Type":"AVE","LstPosDir":"","ESN":"51","MSAGComm":"WARMINSTER TOWNSHIP","Post_Comm":"WARMINSTER","Post_Code":"18974","Post_Code4":"","Building":"","Floor":" ","Unit":" ","Room":"","Seat":" ","Addtl_Loc":" ","LandmkName":" ","Mile_Post":" ","Place_Type":" ","Placement":" ","Long":-75.0879734,"Lat":40.19132419,"Elev":"0","ParcelID":"49-009-028-013","Full_Addr":"15 ADAMS AVE","Comment":" ","Purpose":null,"DiscrpAgID":"buckscounty.org","created_user":null,"created_date":null,"last_edited_user":"DGALLOWAY","gc_exception":"","ADDRGUID":null,"RDNAME":"ADAMS AVE"}},{"type":"Feature","id":237872,"geometry":{"type":"Point","coordinates":[-75.0876533018035,40.19152080496]},"properties":{"OBJECTID":237872,"Source":"","DateUpdate":"Tue, 12 Nov 2024 10:04:37 GMT","Effective":"Wed, 01 Jan 2020 00:00:01 GMT","Expire":"Sat, 01 Jan 2050 00:00:01 GMT","Site_NGUID":"SSAP23822117ADAMSAVE@buckscounty.org","Country":"US","State":"PA","County":"Bucks County","AddCode":"","AddDataURI":"","Inc_Muni":"Warminster Township","Uninc_Comm":"","Nbrhd_Comm":"","AddNum_Pre":"","Add_Number":"17","AddNum_Suf":"","St_PreMod":"","St_PreDir":"","St_PreTyp":"","St_PreSep":"","St_Name":"ADAMS","St_PosTyp":"AVENUE","St_PosDir":"","St_PosMod":"","Lst_PreDir":"","Lst_Name":"ADAMS","Lst_Type":"AVE","LstPosDir":"","ESN":"51","MSAGComm":"WARMINSTER TOWNSHIP","Post_Comm":"WARMINSTER","Post_Code":"18974","Post_Code4":"","Building":"","Floor":" ","Unit":" ","Room":"","Seat":" ","Addtl_Loc":" ","LandmkName":" ","Mile_Post":" ","Place_Type":" ","Placement":" ","Long":-75.08765154,"Lat":40.19151269,"Elev":"0","ParcelID":"49-009-028-013","Full_Addr":"17 ADAMS AVE","Comment":" ","Purpose":null,"DiscrpAgID":"buckscounty.org","created_user":null,"created_date":null,"last_edited_user":"DGALLOWAY","gc_exception":"","ADDRGUID":null,"RDNAME":"ADAMS AVE"}},{"type":"Feature","id":237873,"geometry":{"type":"Point","coordinates":[-75.0875299194551,40.1915740773251]},"properties":{"OBJECTID":237873,"Source":"","DateUpdate":"Tue, 12 Nov 2024 10:04:37 GMT","Effective":"Wed, 01 Jan 2020 00:00:01 GMT","Expire":"Sat, 01 Jan 2050 00:00:01 GMT","Site_NGUID":"SSAP23822223ADAMSAVE@buckscounty.org","Country":"US","State":"PA","County":"Bucks County","AddCode":"","AddDataURI":"","Inc_Muni":"Warminster Township","Uninc_Comm":"","Nbrhd_Comm":"","AddNum_Pre":"","Add_Number":"23","AddNum_Suf":"","St_PreMod":"","St_PreDir":"","St_PreTyp":"","St_PreSep":"","St_Name":"ADAMS","St_PosTyp":"AVENUE","St_PosDir":"","St_PosMod":"","Lst_PreDir":"","Lst_Name":"ADAMS","Lst_Type":"AVE","LstPosDir":"","ESN":"51","MSAGComm":"WARMINSTER TOWNSHIP","Post_Comm":"WARMINSTER","Post_Code":"18974","Post_Code4":"","Building":"","Floor":" ","Unit":" ","Room":"","Seat":" ","Addtl_Loc":" ","LandmkName":" ","Mile_Post":" ","Place_Type":" ","Placement":" ","Long":-75.08752816,"Lat":40.19156596,"Elev":"0","ParcelID":"49-009-028-013","Full_Addr":"23 ADAMS AVE","Comment":" ","Purpose":null,"DiscrpAgID":"buckscounty.org","created_user":null,"created_date":null,"last_edited_user":"DGALLOWAY","gc_exception":"","ADDRGUID":null,"RDNAME":"ADAMS AVE"}},{"type":"Feature","id":237874,"geometry":{"type":"Point","coordinates":[-75.0866769774926,40.1918240438053]},"properties":{"OBJECTID":237874,"Source":"","DateUpdate":"Tue, 12 Nov 2024 10:04:37 GMT","Effective":"Wed, 01 Jan 2020 00:00:01 GMT","Expire":"Sat, 01 Jan 2050 00:00:01 GMT","Site_NGUID":"SSAP23822333ADAMSAVE@buckscounty.org","Country":"US","State":"PA","County":"Bucks County","AddCode":"","AddDataURI":"","Inc_Muni":"Warminster Township","Uninc_Comm":"","Nbrhd_Comm":"","AddNum_Pre":"","Add_Number":"33","AddNum_Suf":"","St_PreMod":"","St_PreDir":"","St_PreTyp":"","St_PreSep":"","St_Name":"ADAMS","St_PosTyp":"AVENUE","St_PosDir":"","St_PosMod":"","Lst_PreDir":"","Lst_Name":"ADAMS","Lst_Type":"AVE","LstPosDir":"","ESN":"51","MSAGComm":"WARMINSTER TOWNSHIP","Post_Comm":"WARMINSTER","Post_Code":"18974","Post_Code4":"","Building":"","Floor":" ","Unit":" ","Room":"","Seat":" ","Addtl_Loc":" ","LandmkName":" ","Mile_Post":" ","Place_Type":" ","Placement":" ","Long":-75.08667522,"Lat":40.19181593,"Elev":"0","ParcelID":"49-009-028-013","Full_Addr":"33 ADAMS AVE","Comment":" ","Purpose":null,"DiscrpAgID":"buckscounty.org","created_user":null,"created_date":null,"last_edited_user":"DGALLOWAY","gc_exception":"","ADDRGUID":null,"RDNAME":"ADAMS AVE"}},{"type":"Feature","id":237875,"geometry":{"type":"Point","coordinates":[-75.0865214081801,40.1918609241249]},"properties":{"OBJECTID":237875,"Source":"","DateUpdate":"Tue, 12 Nov 2024 10:04:37 GMT","Effective":"Wed, 01 Jan 2020 00:00:01 GMT","Expire":"Sat, 01 Jan 2050 00:00:01 GMT","Site_NGUID":"SSAP23822439ADAMSAVE@buckscounty.org","Country":"US","State":"PA","County":"Bucks County","AddCode":"","AddDataURI":"","Inc_Muni":"Warminster Township","Uninc_Comm":"","Nbrhd_Comm":"","AddNum_Pre":"","Add_Number":"39","AddNum_Suf":"","St_PreMod":"","St_PreDir":"","St_PreTyp":"","St_PreSep":"","St_Name":"ADAMS","St_PosTyp":"AVENUE","St_PosDir":"","St_PosMod":"","Lst_PreDir":"","Lst_Name":"ADAMS","Lst_Type":"AVE","LstPosDir":"","ESN":"51","MSAGComm":"WARMINSTER TOWNSHIP","Post_Comm":"WARMINSTER","Post_Code":"18974","Post_Code4":"","Building":"","Floor":" ","Unit":" ","Room":"","Seat":" ","Addtl_Loc":" ","LandmkName":" ","Mile_Post":" ","Place_Type":" ","Placement":" ","Long":-75.08651965,"Lat":40.19185281,"Elev":"0","ParcelID":"49-009-028-013","Full_Addr":"39 ADAMS AVE","Comment":" ","Purpose":null,"DiscrpAgID":"buckscounty.org","created_user":null,"created_date":null,"last_edited_user":"DGALLOWAY","gc_exception":"","ADDRGUID":null,"RDNAME":"ADAMS AVE"}},{"type":"Feature","id":237876,"geometry":{"type":"Point","coordinates":[-75.0881897420025,40.1907831915395]},"properties":{"OBJECTID":237876,"Source":"","DateUpdate":"Tue, 12 Nov 2024 10:04:37 GMT","Effective":"Wed, 01 Jan 2020 00:00:01 GMT","Expire":"Sat, 01 Jan 2050 00:00:01 GMT","Site_NGUID":"SSAP2382252ADAMSAVE@buckscounty.org","Country":"US","State":"PA","County":"Bucks County","AddCode":"","AddDataURI":"","Inc_Muni":"Warminster Township","Uninc_Comm":"","Nbrhd_Comm":"","AddNum_Pre":"","Add_Number":"2","AddNum_Suf":"","St_PreMod":"","St_PreDir":"","St_PreTyp":"","St_PreSep":"","St_Name":"ADAMS","St_PosTyp":"AVENUE","St_PosDir":"","St_PosMod":"","Lst_PreDir":"","Lst_Name":"ADAMS","Lst_Type":"AVE","LstPosDir":"","ESN":"51","MSAGComm":"WARMINSTER TOWNSHIP","Post_Comm":"WARMINSTER","Post_Code":"18974","Post_Code4":"","Building":"","Floor":" ","Unit":" ","Room":"","Seat":" ","Addtl_Loc":" ","LandmkName":" ","Mile_Post":" ","Place_Type":" ","Placement":" ","Long":-75.08818798,"Lat":40.19077508,"Elev":"0","ParcelID":"49-009-028-013","Full_Addr":"2 ADAMS AVE","Comment":" ","Purpose":null,"DiscrpAgID":"buckscounty.org","created_user":null,"created_date":null,"last_edited_user":"DGALLOWAY","gc_exception":"","ADDRGUID":null,"RDNAME":"ADAMS AVE"}},{"type":"Feature","id":237877,"geometry":{"type":"Point","coordinates":[-75.0881521899383,40.1908241696296]},"properties":{"OBJECTID":237877,"Source":"","DateUpdate":"Tue, 12 Nov 2024 10:04:37 GMT","Effective":"Wed, 01 Jan 2020 00:00:01 GMT","Expire":"Sat, 01 Jan 2050 00:00:01 GMT","Site_NGUID":"SSAP2382264ADAMSAVE@buckscounty.org","Country":"US","State":"PA","County":"Bucks County","AddCode":"","AddDataURI":"","Inc_Muni":"Warminster Township","Uninc_Comm":"","Nbrhd_Comm":"","AddNum_Pre":"","Add_Number":"4","AddNum_Suf":"","St_PreMod":"","St_PreDir":"","St_PreTyp":"","St_PreSep":"","St_Name":"ADAMS","St_PosTyp":"AVENUE","St_PosDir":"","St_PosMod":"","Lst_PreDir":"","Lst_Name":"ADAMS","Lst_Type":"AVE","LstPosDir":"","ESN":"51","MSAGComm":"WARMINSTER TOWNSHIP","Post_Comm":"WARMINSTER","Post_Code":"18974","Post_Code4":"","Building":"","Floor":" ","Unit":" ","Room":"","Seat":" ","Addtl_Loc":" ","LandmkName":" ","Mile_Post":" ","Place_Type":" ","Placement":" ","Long":-75.08815043,"Lat":40.19081605,"Elev":"0","ParcelID":"49-009-028-013","Full_Addr":"4 ADAMS AVE","Comment":" ","Purpose":null,"DiscrpAgID":"buckscounty.org","created_user":null,"created_date":null,"last_edited_user":"DGALLOWAY","gc_exception":"","ADDRGUID":null,"RDNAME":"ADAMS AVE"}},{"type":"Feature","id":237878,"geometry":{"type":"Point","coordinates":[-75.0881146401411,40.1908651486616]},"properties":{"OBJECTID":237878,"Source":"","DateUpdate":"Tue, 12 Nov 2024 10:04:37 GMT","Effective":"Wed, 01 Jan 2020 00:00:01 GMT","Expire":"Sat, 01 Jan 2050 00:00:01 GMT","Site_NGUID":"SSAP2382276ADAMSAVE@buckscounty.org","Country":"US","State":"PA","County":"Bucks County","AddCode":"","AddDataURI":"","Inc_Muni":"Warminster Township","Uninc_Comm":"","Nbrhd_Comm":"","AddNum_Pre":"","Add_Number":"6","AddNum_Suf":"","St_PreMod":"","St_PreDir":"","St_PreTyp":"","St_PreSep":"","St_Name":"ADAMS","St_PosTyp":"AVENUE","St_PosDir":"","St_PosMod":"","Lst_PreDir":"","Lst_Name":"ADAMS","Lst_Type":"AVE","LstPosDir":"","ESN":"51","MSAGComm":"WARMINSTER TOWNSHIP","Post_Comm":"WARMINSTER","Post_Code":"18974","Post_Code4":"","Building":"","Floor":" ","Unit":" ","Room":"","Seat":" ","Addtl_Loc":" ","LandmkName":" ","Mile_Post":" ","Place_Type":" ","Placement":" ","Long":-75.08811288,"Lat":40.19085703,"Elev":"0","ParcelID":"49-009-028-013","Full_Addr":"6 ADAMS AVE","Comment":" ","Purpose":null,"DiscrpAgID":"buckscounty.org","created_user":null,"created_date":null,"last_edited_user":"DGALLOWAY","gc_exception":"","ADDRGUID":null,"RDNAME":"ADAMS AVE"}},{"type":"Feature","id":237879,"geometry":{"type":"Point","coordinates":[-75.0880770890081,40.1909102246206]},"properties":{"OBJECTID":237879,"Source":"","DateUpdate":"Tue, 12 Nov 2024 10:04:37 GMT","Effective":"Wed, 01 Jan 2020 00:00:01 GMT","Expire":"Sat, 01 Jan 2050 00:00:01 GMT","Site_NGUID":"SSAP2382288ADAMSAVE@buckscounty.org","Country":"US","State":"PA","County":"Bucks County","AddCode":"","AddDataURI":"","Inc_Muni":"Warminster Township","Uninc_Comm":"","Nbrhd_Comm":"","AddNum_Pre":"","Add_Number":"8","AddNum_Suf":"","St_PreMod":"","St_PreDir":"","St_PreTyp":"","St_PreSep":"","St_Name":"ADAMS","St_PosTyp":"AVENUE","St_PosDir":"","St_PosMod":"","Lst_PreDir":"","Lst_Name":"ADAMS","Lst_Type":"AVE","LstPosDir":"","ESN":"51","MSAGComm":"WARMINSTER TOWNSHIP","Post_Comm":"WARMINSTER","Post_Code":"18974","Post_Code4":"","Building":"","Floor":" ","Unit":" ","Room":"","Seat":" ","Addtl_Loc":" ","LandmkName":" ","Mile_Post":" ","Place_Type":" ","Placement":" ","Long":-75.08807533,"Lat":40.19090211,"Elev":"0","ParcelID":"49-009-028-013","Full_Addr":"8 ADAMS AVE","Comment":" ","Purpose":null,"DiscrpAgID":"buckscounty.org","created_user":null,"created_date":null,"last_edited_user":"DGALLOWAY","gc_exception":"","ADDRGUID":null,"RDNAME":"ADAMS AVE"}},{"type":"Feature","id":237880,"geometry":{"type":"Point","coordinates":[-75.0878732411151,40.1910782358549]},"properties":{"OBJECTID":237880,"Source":"","DateUpdate":"Tue, 12 Nov 2024 10:04:37 GMT","Effective":"Wed, 01 Jan 2020 00:00:01 GMT","Expire":"Sat, 01 Jan 2050 00:00:01 GMT","Site_NGUID":"SSAP23822910ADAMSAVE@buckscounty.org","Country":"US","State":"PA","County":"Bucks County","AddCode":"","AddDataURI":"","Inc_Muni":"Warminster Township","Uninc_Comm":"","Nbrhd_Comm":"","AddNum_Pre":"","Add_Number":"10","AddNum_Suf":"","St_PreMod":"","St_PreDir":"","St_PreTyp":"","St_PreSep":"","St_Name":"ADAMS","St_PosTyp":"AVENUE","St_PosDir":"","St_PosMod":"","Lst_PreDir":"","Lst_Name":"ADAMS","Lst_Type":"AVE","LstPosDir":"","ESN":"51","MSAGComm":"WARMINSTER TOWNSHIP","Post_Comm":"WARMINSTER","Post_Code":"18974","Post_Code4":"","Building":"","Floor":" ","Unit":" ","Room":"","Seat":" ","Addtl_Loc":" ","LandmkName":" ","Mile_Post":" ","Place_Type":" ","Placement":" ","Long":-75.08787148,"Lat":40.19107012,"Elev":"0","ParcelID":"49-009-028-013","Full_Addr":"10 ADAMS AVE","Comment":" ","Purpose":null,"DiscrpAgID":"buckscounty.org","created_user":null,"created_date":null,"last_edited_user":"DGALLOWAY","gc_exception":"","ADDRGUID":null,"RDNAME":"ADAMS AVE"}},{"type":"Feature","id":237881,"geometry":{"type":"Point","coordinates":[-75.0878303252195,40.1911192159518]},"properties":{"OBJECTID":237881,"Source":"","DateUpdate":"Tue, 12 Nov 2024 10:04:37 GMT","Effective":"Wed, 01 Jan 2020 00:00:01 GMT","Expire":"Sat, 01 Jan 2050 00:00:01 GMT","Site_NGUID":"SSAP23823012ADAMSAVE@buckscounty.org","Country":"US","State":"PA","County":"Bucks County","AddCode":"","AddDataURI":"","Inc_Muni":"Warminster Township","Uninc_Comm":"","Nbrhd_Comm":"","AddNum_Pre":"","Add_Number":"12","AddNum_Suf":"","St_PreMod":"","St_PreDir":"","St_PreTyp":"","St_PreSep":"","St_Name":"ADAMS","St_PosTyp":"AVENUE","St_PosDir":"","St_PosMod":"","Lst_PreDir":"","Lst_Name":"ADAMS","Lst_Type":"AVE","LstPosDir":"","ESN":"51","MSAGComm":"WARMINSTER TOWNSHIP","Post_Comm":"WARMINSTER","Post_Code":"18974","Post_Code4":"","Building":"","Floor":" ","Unit":" ","Room":"","Seat":" ","Addtl_Loc":" ","LandmkName":" ","Mile_Post":" ","Place_Type":" ","Placement":" ","Long":-75.08782856,"Lat":40.1911111,"Elev":"0","ParcelID":"49-009-028-013","Full_Addr":"12 ADAMS AVE","Comment":" ","Purpose":null,"DiscrpAgID":"buckscounty.org","created_user":null,"created_date":null,"last_edited_user":"DGALLOWAY","gc_exception":"","ADDRGUID":null,"RDNAME":"ADAMS AVE"}},{"type":"Feature","id":237882,"geometry":{"type":"Point","coordinates":[-75.0877713191515,40.1911601942571]},"properties":{"OBJECTID":237882,"Source":"","DateUpdate":"Tue, 12 Nov 2024 10:04:37 GMT","Effective":"Wed, 01 Jan 2020 00:00:01 GMT","Expire":"Sat, 01 Jan 2050 00:00:01 GMT","Site_NGUID":"SSAP23823114ADAMSAVE@buckscounty.org","Country":"US","State":"PA","County":"Bucks County","AddCode":"","AddDataURI":"","Inc_Muni":"Warminster Township","Uninc_Comm":"","Nbrhd_Comm":"","AddNum_Pre":"","Add_Number":"14","AddNum_Suf":"","St_PreMod":"","St_PreDir":"","St_PreTyp":"","St_PreSep":"","St_Name":"ADAMS","St_PosTyp":"AVENUE","St_PosDir":"","St_PosMod":"","Lst_PreDir":"","Lst_Name":"ADAMS","Lst_Type":"AVE","LstPosDir":"","ESN":"51","MSAGComm":"WARMINSTER TOWNSHIP","Post_Comm":"WARMINSTER","Post_Code":"18974","Post_Code4":"","Building":"","Floor":" ","Unit":" ","Room":"","Seat":" ","Addtl_Loc":" ","LandmkName":" ","Mile_Post":" ","Place_Type":" ","Placement":" ","Long":-75.08776956,"Lat":40.19115208,"Elev":"0","ParcelID":"49-009-028-013","Full_Addr":"14 ADAMS AVE","Comment":" ","Purpose":null,"DiscrpAgID":"buckscounty.org","created_user":null,"created_date":null,"last_edited_user":"DGALLOWAY","gc_exception":"","ADDRGUID":null,"RDNAME":"ADAMS AVE"}},{"type":"Feature","id":237883,"geometry":{"type":"Point","coordinates":[-75.0877230388359,40.1911970740273]},"properties":{"OBJECTID":237883,"Source":"","DateUpdate":"Tue, 12 Nov 2024 10:04:37 GMT","Effective":"Wed, 01 Jan 2020 00:00:01 GMT","Expire":"Sat, 01 Jan 2050 00:00:01 GMT","Site_NGUID":"SSAP23823216ADAMSAVE@buckscounty.org","Country":"US","State":"PA","County":"Bucks County","AddCode":"","AddDataURI":"","Inc_Muni":"Warminster Township","Uninc_Comm":"","Nbrhd_Comm":"","AddNum_Pre":"","Add_Number":"16","AddNum_Suf":"","St_PreMod":"","St_PreDir":"","St_PreTyp":"","St_PreSep":"","St_Name":"ADAMS","St_PosTyp":"AVENUE","St_PosDir":"","St_PosMod":"","Lst_PreDir":"","Lst_Name":"ADAMS","Lst_Type":"AVE","LstPosDir":"","ESN":"51","MSAGComm":"WARMINSTER TOWNSHIP","Post_Comm":"WARMINSTER","Post_Code":"18974","Post_Code4":"","Building":"","Floor":" ","Unit":" ","Room":"","Seat":" ","Addtl_Loc":" ","LandmkName":" ","Mile_Post":" ","Place_Type":" ","Placement":" ","Long":-75.08772128,"Lat":40.19118896,"Elev":"0","ParcelID":"49-009-028-013","Full_Addr":"16 ADAMS AVE","Comment":" ","Purpose":null,"DiscrpAgID":"buckscounty.org","created_user":null,"created_date":null,"last_edited_user":"DGALLOWAY","gc_exception":"","ADDRGUID":null,"RDNAME":"ADAMS AVE"}},{"type":"Feature","id":237884,"geometry":{"type":"Point","coordinates":[-75.0874816400267,40.1913241087704]},"properties":{"OBJECTID":237884,"Source":"","DateUpdate":"Tue, 12 Nov 2024 10:04:37 GMT","Effective":"Wed, 01 Jan 2020 00:00:01 GMT","Expire":"Sat, 01 Jan 2050 00:00:01 GMT","Site_NGUID":"SSAP23823318ADAMSAVE@buckscounty.org","Country":"US","State":"PA","County":"Bucks County","AddCode":"","AddDataURI":"","Inc_Muni":"Warminster Township","Uninc_Comm":"","Nbrhd_Comm":"","AddNum_Pre":"","Add_Number":"18","AddNum_Suf":"","St_PreMod":"","St_PreDir":"","St_PreTyp":"","St_PreSep":"","St_Name":"ADAMS","St_PosTyp":"AVENUE","St_PosDir":"","St_PosMod":"","Lst_PreDir":"","Lst_Name":"ADAMS","Lst_Type":"AVE","LstPosDir":"","ESN":"51","MSAGComm":"WARMINSTER TOWNSHIP","Post_Comm":"WARMINSTER","Post_Code":"18974","Post_Code4":"","Building":"","Floor":" ","Unit":" ","Room":"","Seat":" ","Addtl_Loc":" ","LandmkName":" ","Mile_Post":" ","Place_Type":" ","Placement":" ","Long":-75.08747988,"Lat":40.19131599,"Elev":"0","ParcelID":"49-009-028-013","Full_Addr":"18 ADAMS AVE","Comment":" ","Purpose":null,"DiscrpAgID":"buckscounty.org","created_user":null,"created_date":null,"last_edited_user":"DGALLOWAY","gc_exception":"","ADDRGUID":null,"RDNAME":"ADAMS AVE"}},{"type":"Feature","id":237885,"geometry":{"type":"Point","coordinates":[-75.0874226306224,40.1913527932153]},"properties":{"OBJECTID":237885,"Source":"","DateUpdate":"Tue, 12 Nov 2024 10:04:37 GMT","Effective":"Wed, 01 Jan 2020 00:00:01 GMT","Expire":"Sat, 01 Jan 2050 00:00:01 GMT","Site_NGUID":"SSAP23823420ADAMSAVE@buckscounty.org","Country":"US","State":"PA","County":"Bucks County","AddCode":"","AddDataURI":"","Inc_Muni":"Warminster Township","Uninc_Comm":"","Nbrhd_Comm":"","AddNum_Pre":"","Add_Number":"20","AddNum_Suf":"","St_PreMod":"","St_PreDir":"","St_PreTyp":"","St_PreSep":"","St_Name":"ADAMS","St_PosTyp":"AVENUE","St_PosDir":"","St_PosMod":"","Lst_PreDir":"","Lst_Name":"ADAMS","Lst_Type":"AVE","LstPosDir":"","ESN":"51","MSAGComm":"WARMINSTER TOWNSHIP","Post_Comm":"WARMINSTER","Post_Code":"18974","Post_Code4":"","Building":"","Floor":" ","Unit":" ","Room":"","Seat":" ","Addtl_Loc":" ","LandmkName":" ","Mile_Post":" ","Place_Type":" ","Placement":" ","Long":-75.08742087,"Lat":40.19134468,"Elev":"0","ParcelID":"49-009-028-013","Full_Addr":"20 ADAMS AVE","Comment":" ","Purpose":null,"DiscrpAgID":"buckscounty.org","created_user":null,"created_date":null,"last_edited_user":"DGALLOWAY","gc_exception":"","ADDRGUID":null,"RDNAME":"ADAMS AVE"}},{"type":"Feature","id":237886,"geometry":{"type":"Point","coordinates":[-75.0873582576708,40.1913814797192]},"properties":{"OBJECTID":237886,"Source":"","DateUpdate":"Tue, 12 Nov 2024 10:04:37 GMT","Effective":"Wed, 01 Jan 2020 00:00:01 GMT","Expire":"Sat, 01 Jan 2050 00:00:01 GMT","Site_NGUID":"SSAP23823522ADAMSAVE@buckscounty.org","Country":"US","State":"PA","County":"Bucks County","AddCode":"","AddDataURI":"","Inc_Muni":"Warminster Township","Uninc_Comm":"","Nbrhd_Comm":"","AddNum_Pre":"","Add_Number":"22","AddNum_Suf":"","St_PreMod":"","St_PreDir":"","St_PreTyp":"","St_PreSep":"","St_Name":"ADAMS","St_PosTyp":"AVENUE","St_PosDir":"","St_PosMod":"","Lst_PreDir":"","Lst_Name":"ADAMS","Lst_Type":"AVE","LstPosDir":"","ESN":"51","MSAGComm":"WARMINSTER TOWNSHIP","Post_Comm":"WARMINSTER","Post_Code":"18974","Post_Code4":"","Building":"","Floor":" ","Unit":" ","Room":"","Seat":" ","Addtl_Loc":" ","LandmkName":" ","Mile_Post":" ","Place_Type":" ","Placement":" ","Long":-75.0873565,"Lat":40.19137336,"Elev":"0","ParcelID":"49-009-028-013","Full_Addr":"22 ADAMS AVE","Comment":" ","Purpose":null,"DiscrpAgID":"buckscounty.org","created_user":null,"created_date":null,"last_edited_user":"DGALLOWAY","gc_exception":"","ADDRGUID":null,"RDNAME":"ADAMS AVE"}},{"type":"Feature","id":237887,"geometry":{"type":"Point","coordinates":[-75.0872885211071,40.1914142625387]},"properties":{"OBJECTID":237887,"Source":"","DateUpdate":"Tue, 12 Nov 2024 10:04:37 GMT","Effective":"Wed, 01 Jan 2020 00:00:01 GMT","Expire":"Sat, 01 Jan 2050 00:00:01 GMT","Site_NGUID":"SSAP23823624ADAMSAVE@buckscounty.org","Country":"US","State":"PA","County":"Bucks County","AddCode":"","AddDataURI":"","Inc_Muni":"Warminster Township","Uninc_Comm":"","Nbrhd_Comm":"","AddNum_Pre":"","Add_Number":"24","AddNum_Suf":"","St_PreMod":"","St_PreDir":"","St_PreTyp":"","St_PreSep":"","St_Name":"ADAMS","St_PosTyp":"AVENUE","St_PosDir":"","St_PosMod":"","Lst_PreDir":"","Lst_Name":"ADAMS","Lst_Type":"AVE","LstPosDir":"","ESN":"51","MSAGComm":"WARMINSTER TOWNSHIP","Post_Comm":"WARMINSTER","Post_Code":"18974","Post_Code4":"","Building":"","Floor":" ","Unit":" ","Room":"","Seat":" ","Addtl_Loc":" ","LandmkName":" ","Mile_Post":" ","Place_Type":" ","Placement":" ","Long":-75.08728676,"Lat":40.19140615,"Elev":"0","ParcelID":"49-009-028-013","Full_Addr":"24 ADAMS AVE","Comment":" ","Purpose":null,"DiscrpAgID":"buckscounty.org","created_user":null,"created_date":null,"last_edited_user":"DGALLOWAY","gc_exception":"","ADDRGUID":null,"RDNAME":"ADAMS AVE"}},{"type":"Feature","id":237888,"geometry":{"type":"Point","coordinates":[-75.0872295115778,40.1914429459843]},"properties":{"OBJECTID":237888,"Source":"","DateUpdate":"Tue, 12 Nov 2024 10:04:37 GMT","Effective":"Wed, 01 Jan 2020 00:00:01 GMT","Expire":"Sat, 01 Jan 2050 00:00:01 GMT","Site_NGUID":"SSAP23823726ADAMSAVE@buckscounty.org","Country":"US","State":"PA","County":"Bucks County","AddCode":"","AddDataURI":"","Inc_Muni":"Warminster Township","Uninc_Comm":"","Nbrhd_Comm":"","AddNum_Pre":"","Add_Number":"26","AddNum_Suf":"","St_PreMod":"","St_PreDir":"","St_PreTyp":"","St_PreSep":"","St_Name":"ADAMS","St_PosTyp":"AVENUE","St_PosDir":"","St_PosMod":"","Lst_PreDir":"","Lst_Name":"ADAMS","Lst_Type":"AVE","LstPosDir":"","ESN":"51","MSAGComm":"WARMINSTER TOWNSHIP","Post_Comm":"WARMINSTER","Post_Code":"18974","Post_Code4":"","Building":"","Floor":" ","Unit":" ","Room":"","Seat":" ","Addtl_Loc":" ","LandmkName":" ","Mile_Post":" ","Place_Type":" ","Placement":" ","Long":-75.08722775,"Lat":40.19143483,"Elev":"0","ParcelID":"49-009-028-013","Full_Addr":"26 ADAMS AVE","Comment":" ","Purpose":null,"DiscrpAgID":"buckscounty.org","created_user":null,"created_date":null,"last_edited_user":"DGALLOWAY","gc_exception":"","ADDRGUID":null,"RDNAME":"ADAMS AVE"}},{"type":"Feature","id":237889,"geometry":{"type":"Point","coordinates":[-75.0871705031015,40.1914716312271]},"properties":{"OBJECTID":237889,"Source":"","DateUpdate":"Tue, 12 Nov 2024 10:04:37 GMT","Effective":"Wed, 01 Jan 2020 00:00:01 GMT","Expire":"Sat, 01 Jan 2050 00:00:01 GMT","Site_NGUID":"SSAP23823828ADAMSAVE@buckscounty.org","Country":"US","State":"PA","County":"Bucks County","AddCode":"","AddDataURI":"","Inc_Muni":"Warminster Township","Uninc_Comm":"","Nbrhd_Comm":"","AddNum_Pre":"","Add_Number":"28","AddNum_Suf":"","St_PreMod":"","St_PreDir":"","St_PreTyp":"","St_PreSep":"","St_Name":"ADAMS","St_PosTyp":"AVENUE","St_PosDir":"","St_PosMod":"","Lst_PreDir":"","Lst_Name":"ADAMS","Lst_Type":"AVE","LstPosDir":"","ESN":"51","MSAGComm":"WARMINSTER TOWNSHIP","Post_Comm":"WARMINSTER","Post_Code":"18974","Post_Code4":"","Building":"","Floor":" ","Unit":" ","Room":"","Seat":" ","Addtl_Loc":" ","LandmkName":" ","Mile_Post":" ","Place_Type":" ","Placement":" ","Long":-75.08716874,"Lat":40.19146352,"Elev":"0","ParcelID":"49-009-028-013","Full_Addr":"28 ADAMS AVE","Comment":" ","Purpose":null,"DiscrpAgID":"buckscounty.org","created_user":null,"created_date":null,"last_edited_user":"DGALLOWAY","gc_exception":"","ADDRGUID":null,"RDNAME":"ADAMS AVE"}},{"type":"Feature","id":237890,"geometry":{"type":"Point","coordinates":[-75.0869451975294,40.1915290002992]},"properties":{"OBJECTID":237890,"Source":"","DateUpdate":"Tue, 12 Nov 2024 10:04:37 GMT","Effective":"Wed, 01 Jan 2020 00:00:01 GMT","Expire":"Sat, 01 Jan 2050 00:00:01 GMT","Site_NGUID":"SSAP23823930ADAMSAVE@buckscounty.org","Country":"US","State":"PA","County":"Bucks County","AddCode":"","AddDataURI":"","Inc_Muni":"Warminster Township","Uninc_Comm":"","Nbrhd_Comm":"","AddNum_Pre":"","Add_Number":"30","AddNum_Suf":"","St_PreMod":"","St_PreDir":"","St_PreTyp":"","St_PreSep":"","St_Name":"ADAMS","St_PosTyp":"AVENUE","St_PosDir":"","St_PosMod":"","Lst_PreDir":"","Lst_Name":"ADAMS","Lst_Type":"AVE","LstPosDir":"","ESN":"51","MSAGComm":"WARMINSTER TOWNSHIP","Post_Comm":"WARMINSTER","Post_Code":"18974","Post_Code4":"","Building":"","Floor":" ","Unit":" ","Room":"","Seat":" ","Addtl_Loc":" ","LandmkName":" ","Mile_Post":" ","Place_Type":" ","Placement":" ","Long":-75.08694344,"Lat":40.19152088,"Elev":"0","ParcelID":"49-009-028-013","Full_Addr":"30 ADAMS AVE","Comment":" ","Purpose":null,"DiscrpAgID":"buckscounty.org","created_user":null,"created_date":null,"last_edited_user":"DGALLOWAY","gc_exception":"","ADDRGUID":null,"RDNAME":"ADAMS AVE"}},{"type":"Feature","id":237891,"geometry":{"type":"Point","coordinates":[-75.086875459854,40.1915535880084]},"properties":{"OBJECTID":237891,"Source":"","DateUpdate":"Tue, 12 Nov 2024 10:04:37 GMT","Effective":"Wed, 01 Jan 2020 00:00:01 GMT","Expire":"Sat, 01 Jan 2050 00:00:01 GMT","Site_NGUID":"SSAP23824032ADAMSAVE@buckscounty.org","Country":"US","State":"PA","County":"Bucks County","AddCode":"","AddDataURI":"","Inc_Muni":"Warminster Township","Uninc_Comm":"","Nbrhd_Comm":"","AddNum_Pre":"","Add_Number":"32","AddNum_Suf":"","St_PreMod":"","St_PreDir":"","St_PreTyp":"","St_PreSep":"","St_Name":"ADAMS","St_PosTyp":"AVENUE","St_PosDir":"","St_PosMod":"","Lst_PreDir":"","Lst_Name":"ADAMS","Lst_Type":"AVE","LstPosDir":"","ESN":"51","MSAGComm":"WARMINSTER TOWNSHIP","Post_Comm":"WARMINSTER","Post_Code":"18974","Post_Code4":"","Building":"","Floor":" ","Unit":" ","Room":"","Seat":" ","Addtl_Loc":" ","LandmkName":" ","Mile_Post":" ","Place_Type":" ","Placement":" ","Long":-75.0868737,"Lat":40.19154547,"Elev":"0","ParcelID":"49-009-028-013","Full_Addr":"32 ADAMS AVE","Comment":" ","Purpose":null,"DiscrpAgID":"buckscounty.org","created_user":null,"created_date":null,"last_edited_user":"DGALLOWAY","gc_exception":"","ADDRGUID":null,"RDNAME":"ADAMS AVE"}},{"type":"Feature","id":237892,"geometry":{"type":"Point","coordinates":[-75.0868057214472,40.1915699790151]},"properties":{"OBJECTID":237892,"Source":"","DateUpdate":"Tue, 12 Nov 2024 10:04:37 GMT","Effective":"Wed, 01 Jan 2020 00:00:01 GMT","Expire":"Sat, 01 Jan 2050 00:00:01 GMT","Site_NGUID":"SSAP23824134ADAMSAVE@buckscounty.org","Country":"US","State":"PA","County":"Bucks County","AddCode":"","AddDataURI":"","Inc_Muni":"Warminster Township","Uninc_Comm":"","Nbrhd_Comm":"","AddNum_Pre":"","Add_Number":"34","AddNum_Suf":"","St_PreMod":"","St_PreDir":"","St_PreTyp":"","St_PreSep":"","St_Name":"ADAMS","St_PosTyp":"AVENUE","St_PosDir":"","St_PosMod":"","Lst_PreDir":"","Lst_Name":"ADAMS","Lst_Type":"AVE","LstPosDir":"","ESN":"51","MSAGComm":"WARMINSTER TOWNSHIP","Post_Comm":"WARMINSTER","Post_Code":"18974","Post_Code4":"","Building":"","Floor":" ","Unit":" ","Room":"","Seat":" ","Addtl_Loc":" ","LandmkName":" ","Mile_Post":" ","Place_Type":" ","Placement":" ","Long":-75.08680396,"Lat":40.19156186,"Elev":"0","ParcelID":"49-009-028-013","Full_Addr":"34 ADAMS AVE","Comment":" ","Purpose":null,"DiscrpAgID":"buckscounty.org","created_user":null,"created_date":null,"last_edited_user":"DGALLOWAY","gc_exception":"","ADDRGUID":null,"RDNAME":"ADAMS AVE"}},{"type":"Feature","id":237893,"geometry":{"type":"Point","coordinates":[-75.0867413499,40.1915863716016]},"properties":{"OBJECTID":237893,"Source":"","DateUpdate":"Tue, 12 Nov 2024 10:04:37 GMT","Effective":"Wed, 01 Jan 2020 00:00:01 GMT","Expire":"Sat, 01 Jan 2050 00:00:01 GMT","Site_NGUID":"SSAP23824236ADAMSAVE@buckscounty.org","Country":"US","State":"PA","County":"Bucks County","AddCode":"","AddDataURI":"","Inc_Muni":"Warminster Township","Uninc_Comm":"","Nbrhd_Comm":"","AddNum_Pre":"","Add_Number":"36","AddNum_Suf":"","St_PreMod":"","St_PreDir":"","St_PreTyp":"","St_PreSep":"","St_Name":"ADAMS","St_PosTyp":"AVENUE","St_PosDir":"","St_PosMod":"","Lst_PreDir":"","Lst_Name":"ADAMS","Lst_Type":"AVE","LstPosDir":"","ESN":"51","MSAGComm":"WARMINSTER TOWNSHIP","Post_Comm":"WARMINSTER","Post_Code":"18974","Post_Code4":"","Building":"","Floor":" ","Unit":" ","Room":"","Seat":" ","Addtl_Loc":" ","LandmkName":" ","Mile_Post":" ","Place_Type":" ","Placement":" ","Long":-75.08673959,"Lat":40.19157826,"Elev":"0","ParcelID":"49-009-028-013","Full_Addr":"36 ADAMS AVE","Comment":" ","Purpose":null,"DiscrpAgID":"buckscounty.org","created_user":null,"created_date":null,"last_edited_user":"DGALLOWAY","gc_exception":"","ADDRGUID":null,"RDNAME":"ADAMS AVE"}},{"type":"Feature","id":237894,"geometry":{"type":"Point","coordinates":[-75.0866716123639,40.1916068604206]},"properties":{"OBJECTID":237894,"Source":"","DateUpdate":"Tue, 12 Nov 2024 10:04:37 GMT","Effective":"Wed, 01 Jan 2020 00:00:01 GMT","Expire":"Sat, 01 Jan 2050 00:00:01 GMT","Site_NGUID":"SSAP23824338ADAMSAVE@buckscounty.org","Country":"US","State":"PA","County":"Bucks County","AddCode":"","AddDataURI":"","Inc_Muni":"Warminster Township","Uninc_Comm":"","Nbrhd_Comm":"","AddNum_Pre":"","Add_Number":"38","AddNum_Suf":"","St_PreMod":"","St_PreDir":"","St_PreTyp":"","St_PreSep":"","St_Name":"ADAMS","St_PosTyp":"AVENUE","St_PosDir":"","St_PosMod":"","Lst_PreDir":"","Lst_Name":"ADAMS","Lst_Type":"AVE","LstPosDir":"","ESN":"51","MSAGComm":"WARMINSTER TOWNSHIP","Post_Comm":"WARMINSTER","Post_Code":"18974","Post_Code4":"","Building":"","Floor":" ","Unit":" ","Room":"","Seat":" ","Addtl_Loc":" ","LandmkName":" ","Mile_Post":" ","Place_Type":" ","Placement":" ","Long":-75.08666985,"Lat":40.19159875,"Elev":"0","ParcelID":"49-009-028-013","Full_Addr":"38 ADAMS AVE","Comment":" ","Purpose":null,"DiscrpAgID":"buckscounty.org","created_user":null,"created_date":null,"last_edited_user":"DGALLOWAY","gc_exception":"","ADDRGUID":null,"RDNAME":"ADAMS AVE"}},{"type":"Feature","id":237895,"geometry":{"type":"Point","coordinates":[-75.0865965092335,40.19162325153]},"properties":{"OBJECTID":237895,"Source":"","DateUpdate":"Tue, 12 Nov 2024 10:04:37 GMT","Effective":"Wed, 01 Jan 2020 00:00:01 GMT","Expire":"Sat, 01 Jan 2050 00:00:01 GMT","Site_NGUID":"SSAP23824440ADAMSAVE@buckscounty.org","Country":"US","State":"PA","County":"Bucks County","AddCode":"","AddDataURI":"","Inc_Muni":"Warminster Township","Uninc_Comm":"","Nbrhd_Comm":"","AddNum_Pre":"","Add_Number":"40","AddNum_Suf":"","St_PreMod":"","St_PreDir":"","St_PreTyp":"","St_PreSep":"","St_Name":"ADAMS","St_PosTyp":"AVENUE","St_PosDir":"","St_PosMod":"","Lst_PreDir":"","Lst_Name":"ADAMS","Lst_Type":"AVE","LstPosDir":"","ESN":"51","MSAGComm":"WARMINSTER TOWNSHIP","Post_Comm":"WARMINSTER","Post_Code":"18974","Post_Code4":"","Building":"","Floor":" ","Unit":" ","Room":"","Seat":" ","Addtl_Loc":" ","LandmkName":" ","Mile_Post":" ","Place_Type":" ","Placement":" ","Long":-75.08659475,"Lat":40.19161514,"Elev":"0","ParcelID":"49-009-028-013","Full_Addr":"40 ADAMS AVE","Comment":" ","Purpose":null,"DiscrpAgID":"buckscounty.org","created_user":null,"created_date":null,"last_edited_user":"DGALLOWAY","gc_exception":"","ADDRGUID":null,"RDNAME":"ADAMS AVE"}},{"type":"Feature","id":237896,"geometry":{"type":"Point","coordinates":[-75.0879268840356,40.1906218348559]},"properties":{"OBJECTID":237896,"Source":"","DateUpdate":"Tue, 12 Nov 2024 10:04:37 GMT","Effective":"Wed, 01 Jan 2020 00:00:01 GMT","Expire":"Sat, 01 Jan 2050 00:00:01 GMT","Site_NGUID":"SSAP2382451BAIRDST@buckscounty.org","Country":"US","State":"PA","County":"Bucks County","AddCode":"","AddDataURI":"","Inc_Muni":"Warminster Township","Uninc_Comm":"","Nbrhd_Comm":"","AddNum_Pre":"","Add_Number":"1","AddNum_Suf":"","St_PreMod":"","St_PreDir":"","St_PreTyp":"","St_PreSep":"","St_Name":"BAIRD","St_PosTyp":"STREET","St_PosDir":"","St_PosMod":"","Lst_PreDir":"","Lst_Name":"BAIRD","Lst_Type":"ST","LstPosDir":"","ESN":"51","MSAGComm":"WARMINSTER TOWNSHIP","Post_Comm":"WARMINSTER","Post_Code":"18974","Post_Code4":"","Building":"","Floor":" ","Unit":" ","Room":"","Seat":" ","Addtl_Loc":" ","LandmkName":" ","Mile_Post":" ","Place_Type":" ","Placement":" ","Long":-75.08792512,"Lat":40.19061372,"Elev":"0","ParcelID":"49-009-028-013","Full_Addr":"1 BAIRD ST","Comment":" ","Purpose":null,"DiscrpAgID":"buckscounty.org","created_user":null,"created_date":null,"last_edited_user":"DGALLOWAY","gc_exception":"","ADDRGUID":null,"RDNAME":"BAIRD ST"}},{"type":"Feature","id":237897,"geometry":{"type":"Point","coordinates":[-75.0878786052692,40.1906730599681]},"properties":{"OBJECTID":237897,"Source":"","DateUpdate":"Tue, 12 Nov 2024 10:04:37 GMT","Effective":"Wed, 01 Jan 2020 00:00:01 GMT","Expire":"Sat, 01 Jan 2050 00:00:01 GMT","Site_NGUID":"SSAP2382463BAIRDST@buckscounty.org","Country":"US","State":"PA","County":"Bucks County","AddCode":"","AddDataURI":"","Inc_Muni":"Warminster Township","Uninc_Comm":"","Nbrhd_Comm":"","AddNum_Pre":"","Add_Number":"3","AddNum_Suf":"","St_PreMod":"","St_PreDir":"","St_PreTyp":"","St_PreSep":"","St_Name":"BAIRD","St_PosTyp":"STREET","St_PosDir":"","St_PosMod":"","Lst_PreDir":"","Lst_Name":"BAIRD","Lst_Type":"ST","LstPosDir":"","ESN":"51","MSAGComm":"WARMINSTER TOWNSHIP","Post_Comm":"WARMINSTER","Post_Code":"18974","Post_Code4":"","Building":"","Floor":" ","Unit":" ","Room":"","Seat":" ","Addtl_Loc":" ","LandmkName":" ","Mile_Post":" ","Place_Type":" ","Placement":" ","Long":-75.08787684,"Lat":40.19066494,"Elev":"0","ParcelID":"49-009-028-013","Full_Addr":"3 BAIRD ST","Comment":" ","Purpose":null,"DiscrpAgID":"buckscounty.org","created_user":null,"created_date":null,"last_edited_user":"DGALLOWAY","gc_exception":"","ADDRGUID":null,"RDNAME":"BAIRD ST"}},{"type":"Feature","id":237898,"geometry":{"type":"Point","coordinates":[-75.0878249626228,40.1907222346232]},"properties":{"OBJECTID":237898,"Source":"","DateUpdate":"Tue, 12 Nov 2024 10:04:37 GMT","Effective":"Wed, 01 Jan 2020 00:00:01 GMT","Expire":"Sat, 01 Jan 2050 00:00:01 GMT","Site_NGUID":"SSAP2382475BAIRDST@buckscounty.org","Country":"US","State":"PA","County":"Bucks County","AddCode":"","AddDataURI":"","Inc_Muni":"Warminster Township","Uninc_Comm":"","Nbrhd_Comm":"","AddNum_Pre":"","Add_Number":"5","AddNum_Suf":"","St_PreMod":"","St_PreDir":"","St_PreTyp":"","St_PreSep":"","St_Name":"BAIRD","St_PosTyp":"STREET","St_PosDir":"","St_PosMod":"","Lst_PreDir":"","Lst_Name":"BAIRD","Lst_Type":"ST","LstPosDir":"","ESN":"51","MSAGComm":"WARMINSTER TOWNSHIP","Post_Comm":"WARMINSTER","Post_Code":"18974","Post_Code4":"","Building":"","Floor":" ","Unit":" ","Room":"","Seat":" ","Addtl_Loc":" ","LandmkName":" ","Mile_Post":" ","Place_Type":" ","Placement":" ","Long":-75.0878232,"Lat":40.19071412,"Elev":"0","ParcelID":"49-009-028-013","Full_Addr":"5 BAIRD ST","Comment":" ","Purpose":null,"DiscrpAgID":"buckscounty.org","created_user":null,"created_date":null,"last_edited_user":"DGALLOWAY","gc_exception":"","ADDRGUID":null,"RDNAME":"BAIRD ST"}},{"type":"Feature","id":237899,"geometry":{"type":"Point","coordinates":[-75.0877874121819,40.1907611646021]},"properties":{"OBJECTID":237899,"Source":"","DateUpdate":"Tue, 12 Nov 2024 10:04:37 GMT","Effective":"Wed, 01 Jan 2020 00:00:01 GMT","Expire":"Sat, 01 Jan 2050 00:00:01 GMT","Site_NGUID":"SSAP2382487BAIRDST@buckscounty.org","Country":"US","State":"PA","County":"Bucks County","AddCode":"","AddDataURI":"","Inc_Muni":"Warminster Township","Uninc_Comm":"","Nbrhd_Comm":"","AddNum_Pre":"","Add_Number":"7","AddNum_Suf":"","St_PreMod":"","St_PreDir":"","St_PreTyp":"","St_PreSep":"","St_Name":"BAIRD","St_PosTyp":"STREET","St_PosDir":"","St_PosMod":"","Lst_PreDir":"","Lst_Name":"BAIRD","Lst_Type":"ST","LstPosDir":"","ESN":"51","MSAGComm":"WARMINSTER TOWNSHIP","Post_Comm":"WARMINSTER","Post_Code":"18974","Post_Code4":"","Building":"","Floor":" ","Unit":" ","Room":"","Seat":" ","Addtl_Loc":" ","LandmkName":" ","Mile_Post":" ","Place_Type":" ","Placement":" ","Long":-75.08778565,"Lat":40.19075305,"Elev":"0","ParcelID":"49-009-028-013","Full_Addr":"7 BAIRD ST","Comment":" ","Purpose":null,"DiscrpAgID":"buckscounty.org","created_user":null,"created_date":null,"last_edited_user":"DGALLOWAY","gc_exception":"","ADDRGUID":null,"RDNAME":"BAIRD ST"}},{"type":"Feature","id":237900,"geometry":{"type":"Point","coordinates":[-75.0876050215029,40.1909168842091]},"properties":{"OBJECTID":237900,"Source":"","DateUpdate":"Tue, 12 Nov 2024 10:04:37 GMT","Effective":"Wed, 01 Jan 2020 00:00:01 GMT","Expire":"Sat, 01 Jan 2050 00:00:01 GMT","Site_NGUID":"SSAP2382499BAIRDST@buckscounty.org","Country":"US","State":"PA","County":"Bucks County","AddCode":"","AddDataURI":"","Inc_Muni":"Warminster Township","Uninc_Comm":"","Nbrhd_Comm":"","AddNum_Pre":"","Add_Number":"9","AddNum_Suf":"","St_PreMod":"","St_PreDir":"","St_PreTyp":"","St_PreSep":"","St_Name":"BAIRD","St_PosTyp":"STREET","St_PosDir":"","St_PosMod":"","Lst_PreDir":"","Lst_Name":"BAIRD","Lst_Type":"ST","LstPosDir":"","ESN":"51","MSAGComm":"WARMINSTER TOWNSHIP","Post_Comm":"WARMINSTER","Post_Code":"18974","Post_Code4":"","Building":"","Floor":" ","Unit":" ","Room":"","Seat":" ","Addtl_Loc":" ","LandmkName":" ","Mile_Post":" ","Place_Type":" ","Placement":" ","Long":-75.08760326,"Lat":40.19090877,"Elev":"0","ParcelID":"49-009-028-013","Full_Addr":"9 BAIRD ST","Comment":" ","Purpose":null,"DiscrpAgID":"buckscounty.org","created_user":null,"created_date":null,"last_edited_user":"DGALLOWAY","gc_exception":"","ADDRGUID":null,"RDNAME":"BAIRD ST"}},{"type":"Feature","id":237901,"geometry":{"type":"Point","coordinates":[-75.0875513763362,40.1909619599145]},"properties":{"OBJECTID":237901,"Source":"","DateUpdate":"Tue, 12 Nov 2024 10:04:37 GMT","Effective":"Wed, 01 Jan 2020 00:00:01 GMT","Expire":"Sat, 01 Jan 2050 00:00:01 GMT","Site_NGUID":"SSAP23825011BAIRDST@buckscounty.org","Country":"US","State":"PA","County":"Bucks County","AddCode":"","AddDataURI":"","Inc_Muni":"Warminster Township","Uninc_Comm":"","Nbrhd_Comm":"","AddNum_Pre":"","Add_Number":"11","AddNum_Suf":"","St_PreMod":"","St_PreDir":"","St_PreTyp":"","St_PreSep":"","St_Name":"BAIRD","St_PosTyp":"STREET","St_PosDir":"","St_PosMod":"","Lst_PreDir":"","Lst_Name":"BAIRD","Lst_Type":"ST","LstPosDir":"","ESN":"51","MSAGComm":"WARMINSTER TOWNSHIP","Post_Comm":"WARMINSTER","Post_Code":"18974","Post_Code4":"","Building":"","Floor":" ","Unit":" ","Room":"","Seat":" ","Addtl_Loc":" ","LandmkName":" ","Mile_Post":" ","Place_Type":" ","Placement":" ","Long":-75.08754961,"Lat":40.19095384,"Elev":"0","ParcelID":"49-009-028-013","Full_Addr":"11 BAIRD ST","Comment":" ","Purpose":null,"DiscrpAgID":"buckscounty.org","created_user":null,"created_date":null,"last_edited_user":"DGALLOWAY","gc_exception":"","ADDRGUID":null,"RDNAME":"BAIRD ST"}},{"type":"Feature","id":237902,"geometry":{"type":"Point","coordinates":[-75.0875004148602,40.1909988415549]},"properties":{"OBJECTID":237902,"Source":"","DateUpdate":"Tue, 12 Nov 2024 10:04:37 GMT","Effective":"Wed, 01 Jan 2020 00:00:01 GMT","Expire":"Sat, 01 Jan 2050 00:00:01 GMT","Site_NGUID":"SSAP23825113BAIRDST@buckscounty.org","Country":"US","State":"PA","County":"Bucks County","AddCode":"","AddDataURI":"","Inc_Muni":"Warminster Township","Uninc_Comm":"","Nbrhd_Comm":"","AddNum_Pre":"","Add_Number":"13","AddNum_Suf":"","St_PreMod":"","St_PreDir":"","St_PreTyp":"","St_PreSep":"","St_Name":"BAIRD","St_PosTyp":"STREET","St_PosDir":"","St_PosMod":"","Lst_PreDir":"","Lst_Name":"BAIRD","Lst_Type":"ST","LstPosDir":"","ESN":"51","MSAGComm":"WARMINSTER TOWNSHIP","Post_Comm":"WARMINSTER","Post_Code":"18974","Post_Code4":"","Building":"","Floor":" ","Unit":" ","Room":"","Seat":" ","Addtl_Loc":" ","LandmkName":" ","Mile_Post":" ","Place_Type":" ","Placement":" ","Long":-75.08749865,"Lat":40.19099073,"Elev":"0","ParcelID":"49-009-028-013","Full_Addr":"13 BAIRD ST","Comment":" ","Purpose":null,"DiscrpAgID":"buckscounty.org","created_user":null,"created_date":null,"last_edited_user":"DGALLOWAY","gc_exception":"","ADDRGUID":null,"RDNAME":"BAIRD ST"}},{"type":"Feature","id":237903,"geometry":{"type":"Point","coordinates":[-75.0874494523802,40.1910316243786]},"properties":{"OBJECTID":237903,"Source":"","DateUpdate":"Tue, 12 Nov 2024 10:04:37 GMT","Effective":"Wed, 01 Jan 2020 00:00:01 GMT","Expire":"Sat, 01 Jan 2050 00:00:01 GMT","Site_NGUID":"SSAP23825215BAIRDST@buckscounty.org","Country":"US","State":"PA","County":"Bucks County","AddCode":"","AddDataURI":"","Inc_Muni":"Warminster Township","Uninc_Comm":"","Nbrhd_Comm":"","AddNum_Pre":"","Add_Number":"15","AddNum_Suf":"","St_PreMod":"","St_PreDir":"","St_PreTyp":"","St_PreSep":"","St_Name":"BAIRD","St_PosTyp":"STREET","St_PosDir":"","St_PosMod":"","Lst_PreDir":"","Lst_Name":"BAIRD","Lst_Type":"ST","LstPosDir":"","ESN":"51","MSAGComm":"WARMINSTER TOWNSHIP","Post_Comm":"WARMINSTER","Post_Code":"18974","Post_Code4":"","Building":"","Floor":" ","Unit":" ","Room":"","Seat":" ","Addtl_Loc":" ","LandmkName":" ","Mile_Post":" ","Place_Type":" ","Placement":" ","Long":-75.08744769,"Lat":40.19102351,"Elev":"0","ParcelID":"49-009-028-013","Full_Addr":"15 BAIRD ST","Comment":" ","Purpose":null,"DiscrpAgID":"buckscounty.org","created_user":null,"created_date":null,"last_edited_user":"DGALLOWAY","gc_exception":"","ADDRGUID":null,"RDNAME":"BAIRD ST"}},{"type":"Feature","id":237904,"geometry":{"type":"Point","coordinates":[-75.0872107359338,40.1911484119424]},"properties":{"OBJECTID":237904,"Source":"","DateUpdate":"Tue, 12 Nov 2024 10:04:37 GMT","Effective":"Wed, 01 Jan 2020 00:00:01 GMT","Expire":"Sat, 01 Jan 2050 00:00:01 GMT","Site_NGUID":"SSAP23825317BAIRDST@buckscounty.org","Country":"US","State":"PA","County":"Bucks County","AddCode":"","AddDataURI":"","Inc_Muni":"Warminster Township","Uninc_Comm":"","Nbrhd_Comm":"","AddNum_Pre":"","Add_Number":"17","AddNum_Suf":"","St_PreMod":"","St_PreDir":"","St_PreTyp":"","St_PreSep":"","St_Name":"BAIRD","St_PosTyp":"STREET","St_PosDir":"","St_PosMod":"","Lst_PreDir":"","Lst_Name":"BAIRD","Lst_Type":"ST","LstPosDir":"","ESN":"51","MSAGComm":"WARMINSTER TOWNSHIP","Post_Comm":"WARMINSTER","Post_Code":"18974","Post_Code4":"","Building":"","Floor":" ","Unit":" ","Room":"","Seat":" ","Addtl_Loc":" ","LandmkName":" ","Mile_Post":" ","Place_Type":" ","Placement":" ","Long":-75.08720897,"Lat":40.1911403,"Elev":"0","ParcelID":"49-009-028-013","Full_Addr":"17 BAIRD ST","Comment":" ","Purpose":null,"DiscrpAgID":"buckscounty.org","created_user":null,"created_date":null,"last_edited_user":"DGALLOWAY","gc_exception":"","ADDRGUID":null,"RDNAME":"BAIRD ST"}},{"type":"Feature","id":237905,"geometry":{"type":"Point","coordinates":[-75.0871463626039,40.1911750493815]},"properties":{"OBJECTID":237905,"Source":"","DateUpdate":"Tue, 12 Nov 2024 10:04:37 GMT","Effective":"Wed, 01 Jan 2020 00:00:01 GMT","Expire":"Sat, 01 Jan 2050 00:00:01 GMT","Site_NGUID":"SSAP23825419BAIRDST@buckscounty.org","Country":"US","State":"PA","County":"Bucks County","AddCode":"","AddDataURI":"","Inc_Muni":"Warminster Township","Uninc_Comm":"","Nbrhd_Comm":"","AddNum_Pre":"","Add_Number":"19","AddNum_Suf":"","St_PreMod":"","St_PreDir":"","St_PreTyp":"","St_PreSep":"","St_Name":"BAIRD","St_PosTyp":"STREET","St_PosDir":"","St_PosMod":"","Lst_PreDir":"","Lst_Name":"BAIRD","Lst_Type":"ST","LstPosDir":"","ESN":"51","MSAGComm":"WARMINSTER TOWNSHIP","Post_Comm":"WARMINSTER","Post_Code":"18974","Post_Code4":"","Building":"","Floor":" ","Unit":" ","Room":"","Seat":" ","Addtl_Loc":" ","LandmkName":" ","Mile_Post":" ","Place_Type":" ","Placement":" ","Long":-75.0871446,"Lat":40.19116693,"Elev":"0","ParcelID":"49-009-028-013","Full_Addr":"19 BAIRD ST","Comment":" ","Purpose":null,"DiscrpAgID":"buckscounty.org","created_user":null,"created_date":null,"last_edited_user":"DGALLOWAY","gc_exception":"","ADDRGUID":null,"RDNAME":"BAIRD ST"}},{"type":"Feature","id":237906,"geometry":{"type":"Point","coordinates":[-75.0870766254013,40.1911996363132]},"properties":{"OBJECTID":237906,"Source":"","DateUpdate":"Tue, 12 Nov 2024 10:04:37 GMT","Effective":"Wed, 01 Jan 2020 00:00:01 GMT","Expire":"Sat, 01 Jan 2050 00:00:01 GMT","Site_NGUID":"SSAP23825521BAIRDST@buckscounty.org","Country":"US","State":"PA","County":"Bucks County","AddCode":"","AddDataURI":"","Inc_Muni":"Warminster Township","Uninc_Comm":"","Nbrhd_Comm":"","AddNum_Pre":"","Add_Number":"21","AddNum_Suf":"","St_PreMod":"","St_PreDir":"","St_PreTyp":"","St_PreSep":"","St_Name":"BAIRD","St_PosTyp":"STREET","St_PosDir":"","St_PosMod":"","Lst_PreDir":"","Lst_Name":"BAIRD","Lst_Type":"ST","LstPosDir":"","ESN":"51","MSAGComm":"WARMINSTER TOWNSHIP","Post_Comm":"WARMINSTER","Post_Code":"18974","Post_Code4":"","Building":"","Floor":" ","Unit":" ","Room":"","Seat":" ","Addtl_Loc":" ","LandmkName":" ","Mile_Post":" ","Place_Type":" ","Placement":" ","Long":-75.08707486,"Lat":40.19119152,"Elev":"0","ParcelID":"49-009-028-013","Full_Addr":"21 BAIRD ST","Comment":" ","Purpose":null,"DiscrpAgID":"buckscounty.org","created_user":null,"created_date":null,"last_edited_user":"DGALLOWAY","gc_exception":"","ADDRGUID":null,"RDNAME":"BAIRD ST"}},{"type":"Feature","id":237907,"geometry":{"type":"Point","coordinates":[-75.0870176168094,40.1912221746649]},"properties":{"OBJECTID":237907,"Source":"","DateUpdate":"Tue, 12 Nov 2024 10:04:37 GMT","Effective":"Wed, 01 Jan 2020 00:00:01 GMT","Expire":"Sat, 01 Jan 2050 00:00:01 GMT","Site_NGUID":"SSAP23825623BAIRDST@buckscounty.org","Country":"US","State":"PA","County":"Bucks County","AddCode":"","AddDataURI":"","Inc_Muni":"Warminster Township","Uninc_Comm":"","Nbrhd_Comm":"","AddNum_Pre":"","Add_Number":"23","AddNum_Suf":"","St_PreMod":"","St_PreDir":"","St_PreTyp":"","St_PreSep":"","St_Name":"BAIRD","St_PosTyp":"STREET","St_PosDir":"","St_PosMod":"","Lst_PreDir":"","Lst_Name":"BAIRD","Lst_Type":"ST","LstPosDir":"","ESN":"51","MSAGComm":"WARMINSTER TOWNSHIP","Post_Comm":"WARMINSTER","Post_Code":"18974","Post_Code4":"","Building":"","Floor":" ","Unit":" ","Room":"","Seat":" ","Addtl_Loc":" ","LandmkName":" ","Mile_Post":" ","Place_Type":" ","Placement":" ","Long":-75.08701586,"Lat":40.19121406,"Elev":"0","ParcelID":"49-009-028-013","Full_Addr":"23 BAIRD ST","Comment":" ","Purpose":null,"DiscrpAgID":"buckscounty.org","created_user":null,"created_date":null,"last_edited_user":"DGALLOWAY","gc_exception":"","ADDRGUID":null,"RDNAME":"BAIRD ST"}},{"type":"Feature","id":237908,"geometry":{"type":"Point","coordinates":[-75.0876291607997,40.1905296332498]},"properties":{"OBJECTID":237908,"Source":"","DateUpdate":"Tue, 12 Nov 2024 10:04:37 GMT","Effective":"Wed, 01 Jan 2020 00:00:01 GMT","Expire":"Sat, 01 Jan 2050 00:00:01 GMT","Site_NGUID":"SSAP2382572BAIRDST@buckscounty.org","Country":"US","State":"PA","County":"Bucks County","AddCode":"","AddDataURI":"","Inc_Muni":"Warminster Township","Uninc_Comm":"","Nbrhd_Comm":"","AddNum_Pre":"","Add_Number":"2","AddNum_Suf":"","St_PreMod":"","St_PreDir":"","St_PreTyp":"","St_PreSep":"","St_Name":"BAIRD","St_PosTyp":"STREET","St_PosDir":"","St_PosMod":"","Lst_PreDir":"","Lst_Name":"BAIRD","Lst_Type":"ST","LstPosDir":"","ESN":"51","MSAGComm":"WARMINSTER TOWNSHIP","Post_Comm":"WARMINSTER","Post_Code":"18974","Post_Code4":"","Building":"","Floor":" ","Unit":" ","Room":"","Seat":" ","Addtl_Loc":" ","LandmkName":" ","Mile_Post":" ","Place_Type":" ","Placement":" ","Long":-75.0876274,"Lat":40.19052152,"Elev":"0","ParcelID":"49-009-028-013","Full_Addr":"2 BAIRD ST","Comment":" ","Purpose":null,"DiscrpAgID":"buckscounty.org","created_user":null,"created_date":null,"last_edited_user":"DGALLOWAY","gc_exception":"","ADDRGUID":null,"RDNAME":"BAIRD ST"}},{"type":"Feature","id":237909,"geometry":{"type":"Point","coordinates":[-75.0875379658418,40.1906156905137]},"properties":{"OBJECTID":237909,"Source":"","DateUpdate":"Tue, 12 Nov 2024 10:04:37 GMT","Effective":"Wed, 01 Jan 2020 00:00:01 GMT","Expire":"Sat, 01 Jan 2050 00:00:01 GMT","Site_NGUID":"SSAP2382588BAIRDST@buckscounty.org","Country":"US","State":"PA","County":"Bucks County","AddCode":"","AddDataURI":"","Inc_Muni":"Warminster Township","Uninc_Comm":"","Nbrhd_Comm":"","AddNum_Pre":"","Add_Number":"8","AddNum_Suf":"","St_PreMod":"","St_PreDir":"","St_PreTyp":"","St_PreSep":"","St_Name":"BAIRD","St_PosTyp":"STREET","St_PosDir":"","St_PosMod":"","Lst_PreDir":"","Lst_Name":"BAIRD","Lst_Type":"ST","LstPosDir":"","ESN":"51","MSAGComm":"WARMINSTER TOWNSHIP","Post_Comm":"WARMINSTER","Post_Code":"18974","Post_Code4":"","Building":"","Floor":" ","Unit":" ","Room":"","Seat":" ","Addtl_Loc":" ","LandmkName":" ","Mile_Post":" ","Place_Type":" ","Placement":" ","Long":-75.0875362,"Lat":40.19060758,"Elev":"0","ParcelID":"49-009-028-013","Full_Addr":"8 BAIRD ST","Comment":" ","Purpose":null,"DiscrpAgID":"buckscounty.org","created_user":null,"created_date":null,"last_edited_user":"DGALLOWAY","gc_exception":"","ADDRGUID":null,"RDNAME":"BAIRD ST"}},{"type":"Feature","id":237910,"geometry":{"type":"Point","coordinates":[-75.0867279387829,40.1912877402313]},"properties":{"OBJECTID":237910,"Source":"","DateUpdate":"Tue, 12 Nov 2024 10:04:37 GMT","Effective":"Wed, 01 Jan 2020 00:00:01 GMT","Expire":"Sat, 01 Jan 2050 00:00:01 GMT","Site_NGUID":"SSAP23825925BAIRDST@buckscounty.org","Country":"US","State":"PA","County":"Bucks County","AddCode":"","AddDataURI":"","Inc_Muni":"Warminster Township","Uninc_Comm":"","Nbrhd_Comm":"","AddNum_Pre":"","Add_Number":"25","AddNum_Suf":"","St_PreMod":"","St_PreDir":"","St_PreTyp":"","St_PreSep":"","St_Name":"BAIRD","St_PosTyp":"STREET","St_PosDir":"","St_PosMod":"","Lst_PreDir":"","Lst_Name":"BAIRD","Lst_Type":"ST","LstPosDir":"","ESN":"51","MSAGComm":"WARMINSTER TOWNSHIP","Post_Comm":"WARMINSTER","Post_Code":"18974","Post_Code4":"","Building":"","Floor":" ","Unit":" ","Room":"","Seat":" ","Addtl_Loc":" ","LandmkName":" ","Mile_Post":" ","Place_Type":" ","Placement":" ","Long":-75.08672618,"Lat":40.19127962,"Elev":"0","ParcelID":"49-009-028-013","Full_Addr":"25 BAIRD ST","Comment":" ","Purpose":null,"DiscrpAgID":"buckscounty.org","created_user":null,"created_date":null,"last_edited_user":"DGALLOWAY","gc_exception":"","ADDRGUID":null,"RDNAME":"BAIRD ST"}},{"type":"Feature","id":237911,"geometry":{"type":"Point","coordinates":[-75.0866286965436,40.1913143762117]},"properties":{"OBJECTID":237911,"Source":"","DateUpdate":"Tue, 12 Nov 2024 10:04:37 GMT","Effective":"Wed, 01 Jan 2020 00:00:01 GMT","Expire":"Sat, 01 Jan 2050 00:00:01 GMT","Site_NGUID":"SSAP23826027BAIRDST@buckscounty.org","Country":"US","State":"PA","County":"Bucks County","AddCode":"","AddDataURI":"","Inc_Muni":"Warminster Township","Uninc_Comm":"","Nbrhd_Comm":"","AddNum_Pre":"","Add_Number":"27","AddNum_Suf":"","St_PreMod":"","St_PreDir":"","St_PreTyp":"","St_PreSep":"","St_Name":"BAIRD","St_PosTyp":"STREET","St_PosDir":"","St_PosMod":"","Lst_PreDir":"","Lst_Name":"BAIRD","Lst_Type":"ST","LstPosDir":"","ESN":"51","MSAGComm":"WARMINSTER TOWNSHIP","Post_Comm":"WARMINSTER","Post_Code":"18974","Post_Code4":"","Building":"","Floor":" ","Unit":" ","Room":"","Seat":" ","Addtl_Loc":" ","LandmkName":" ","Mile_Post":" ","Place_Type":" ","Placement":" ","Long":-75.08662694,"Lat":40.19130626,"Elev":"0","ParcelID":"49-009-028-013","Full_Addr":"27 BAIRD ST","Comment":" ","Purpose":null,"DiscrpAgID":"buckscounty.org","created_user":null,"created_date":null,"last_edited_user":"DGALLOWAY","gc_exception":"","ADDRGUID":null,"RDNAME":"BAIRD ST"}},{"type":"Feature","id":237912,"geometry":{"type":"Point","coordinates":[-75.0865160424873,40.1913451105297]},"properties":{"OBJECTID":237912,"Source":"","DateUpdate":"Tue, 12 Nov 2024 10:04:37 GMT","Effective":"Wed, 01 Jan 2020 00:00:01 GMT","Expire":"Sat, 01 Jan 2050 00:00:01 GMT","Site_NGUID":"SSAP23826131BAIRDST@buckscounty.org","Country":"US","State":"PA","County":"Bucks County","AddCode":"","AddDataURI":"","Inc_Muni":"Warminster Township","Uninc_Comm":"","Nbrhd_Comm":"","AddNum_Pre":"","Add_Number":"31","AddNum_Suf":"","St_PreMod":"","St_PreDir":"","St_PreTyp":"","St_PreSep":"","St_Name":"BAIRD","St_PosTyp":"STREET","St_PosDir":"","St_PosMod":"","Lst_PreDir":"","Lst_Name":"BAIRD","Lst_Type":"ST","LstPosDir":"","ESN":"51","MSAGComm":"WARMINSTER TOWNSHIP","Post_Comm":"WARMINSTER","Post_Code":"18974","Post_Code4":"","Building":"","Floor":" ","Unit":" ","Room":"","Seat":" ","Addtl_Loc":" ","LandmkName":" ","Mile_Post":" ","Place_Type":" ","Placement":" ","Long":-75.08651428,"Lat":40.191337,"Elev":"0","ParcelID":"49-009-028-013","Full_Addr":"31 BAIRD ST","Comment":" ","Purpose":null,"DiscrpAgID":"buckscounty.org","created_user":null,"created_date":null,"last_edited_user":"DGALLOWAY","gc_exception":"","ADDRGUID":null,"RDNAME":"BAIRD ST"}},{"type":"Feature","id":237913,"geometry":{"type":"Point","coordinates":[-75.0867306213978,40.1910439185427]},"properties":{"OBJECTID":237913,"Source":"","DateUpdate":"Tue, 12 Nov 2024 10:04:37 GMT","Effective":"Wed, 01 Jan 2020 00:00:01 GMT","Expire":"Sat, 01 Jan 2050 00:00:01 GMT","Site_NGUID":"SSAP23826222BAIRDST@buckscounty.org","Country":"US","State":"PA","County":"Bucks County","AddCode":"","AddDataURI":"","Inc_Muni":"Warminster Township","Uninc_Comm":"","Nbrhd_Comm":"","AddNum_Pre":"","Add_Number":"22","AddNum_Suf":"","St_PreMod":"","St_PreDir":"","St_PreTyp":"","St_PreSep":"","St_Name":"BAIRD","St_PosTyp":"STREET","St_PosDir":"","St_PosMod":"","Lst_PreDir":"","Lst_Name":"BAIRD","Lst_Type":"ST","LstPosDir":"","ESN":"51","MSAGComm":"WARMINSTER TOWNSHIP","Post_Comm":"WARMINSTER","Post_Code":"18974","Post_Code4":"","Building":"","Floor":" ","Unit":" ","Room":"","Seat":" ","Addtl_Loc":" ","LandmkName":" ","Mile_Post":" ","Place_Type":" ","Placement":" ","Long":-75.08672886,"Lat":40.1910358,"Elev":"0","ParcelID":"49-009-028-013","Full_Addr":"22 BAIRD ST","Comment":" ","Purpose":null,"DiscrpAgID":"buckscounty.org","created_user":null,"created_date":null,"last_edited_user":"DGALLOWAY","gc_exception":"","ADDRGUID":null,"RDNAME":"BAIRD ST"}},{"type":"Feature","id":237914,"geometry":{"type":"Point","coordinates":[-75.0866608825374,40.1910664562488]},"properties":{"OBJECTID":237914,"Source":"","DateUpdate":"Tue, 12 Nov 2024 10:04:37 GMT","Effective":"Wed, 01 Jan 2020 00:00:01 GMT","Expire":"Sat, 01 Jan 2050 00:00:01 GMT","Site_NGUID":"SSAP23826326BAIRDST@buckscounty.org","Country":"US","State":"PA","County":"Bucks County","AddCode":"","AddDataURI":"","Inc_Muni":"Warminster Township","Uninc_Comm":"","Nbrhd_Comm":"","AddNum_Pre":"","Add_Number":"26","AddNum_Suf":"","St_PreMod":"","St_PreDir":"","St_PreTyp":"","St_PreSep":"","St_Name":"BAIRD","St_PosTyp":"STREET","St_PosDir":"","St_PosMod":"","Lst_PreDir":"","Lst_Name":"BAIRD","Lst_Type":"ST","LstPosDir":"","ESN":"51","MSAGComm":"WARMINSTER TOWNSHIP","Post_Comm":"WARMINSTER","Post_Code":"18974","Post_Code4":"","Building":"","Floor":" ","Unit":" ","Room":"","Seat":" ","Addtl_Loc":" ","LandmkName":" ","Mile_Post":" ","Place_Type":" ","Placement":" ","Long":-75.08665912,"Lat":40.19105834,"Elev":"0","ParcelID":"49-009-028-013","Full_Addr":"26 BAIRD ST","Comment":" ","Purpose":null,"DiscrpAgID":"buckscounty.org","created_user":null,"created_date":null,"last_edited_user":"DGALLOWAY","gc_exception":"","ADDRGUID":null,"RDNAME":"BAIRD ST"}},{"type":"Feature","id":237915,"geometry":{"type":"Point","coordinates":[-75.0865696886714,40.1910930909619]},"properties":{"OBJECTID":237915,"Source":"","DateUpdate":"Tue, 12 Nov 2024 10:04:37 GMT","Effective":"Wed, 01 Jan 2020 00:00:01 GMT","Expire":"Sat, 01 Jan 2050 00:00:01 GMT","Site_NGUID":"SSAP23826428BAIRDST@buckscounty.org","Country":"US","State":"PA","County":"Bucks County","AddCode":"","AddDataURI":"","Inc_Muni":"Warminster Township","Uninc_Comm":"","Nbrhd_Comm":"","AddNum_Pre":"","Add_Number":"28","AddNum_Suf":"","St_PreMod":"","St_PreDir":"","St_PreTyp":"","St_PreSep":"","St_Name":"BAIRD","St_PosTyp":"STREET","St_PosDir":"","St_PosMod":"","Lst_PreDir":"","Lst_Name":"BAIRD","Lst_Type":"ST","LstPosDir":"","ESN":"51","MSAGComm":"WARMINSTER TOWNSHIP","Post_Comm":"WARMINSTER","Post_Code":"18974","Post_Code4":"","Building":"","Floor":" ","Unit":" ","Room":"","Seat":" ","Addtl_Loc":" ","LandmkName":" ","Mile_Post":" ","Place_Type":" ","Placement":" ","Long":-75.08656793,"Lat":40.19108498,"Elev":"0","ParcelID":"49-009-028-013","Full_Addr":"28 BAIRD ST","Comment":" ","Purpose":null,"DiscrpAgID":"buckscounty.org","created_user":null,"created_date":null,"last_edited_user":"DGALLOWAY","gc_exception":"","ADDRGUID":null,"RDNAME":"BAIRD ST"}},{"type":"Feature","id":237916,"geometry":{"type":"Point","coordinates":[-75.0864784936668,40.1911156313097]},"properties":{"OBJECTID":237916,"Source":"","DateUpdate":"Tue, 12 Nov 2024 10:04:37 GMT","Effective":"Wed, 01 Jan 2020 00:00:01 GMT","Expire":"Sat, 01 Jan 2050 00:00:01 GMT","Site_NGUID":"SSAP23826530BAIRDST@buckscounty.org","Country":"US","State":"PA","County":"Bucks County","AddCode":"","AddDataURI":"","Inc_Muni":"Warminster Township","Uninc_Comm":"","Nbrhd_Comm":"","AddNum_Pre":"","Add_Number":"30","AddNum_Suf":"","St_PreMod":"","St_PreDir":"","St_PreTyp":"","St_PreSep":"","St_Name":"BAIRD","St_PosTyp":"STREET","St_PosDir":"","St_PosMod":"","Lst_PreDir":"","Lst_Name":"BAIRD","Lst_Type":"ST","LstPosDir":"","ESN":"51","MSAGComm":"WARMINSTER TOWNSHIP","Post_Comm":"WARMINSTER","Post_Code":"18974","Post_Code4":"","Building":"","Floor":" ","Unit":" ","Room":"","Seat":" ","Addtl_Loc":" ","LandmkName":" ","Mile_Post":" ","Place_Type":" ","Placement":" ","Long":-75.08647673,"Lat":40.19110752,"Elev":"0","ParcelID":"49-009-028-013","Full_Addr":"30 BAIRD ST","Comment":" ","Purpose":null,"DiscrpAgID":"buckscounty.org","created_user":null,"created_date":null,"last_edited_user":"DGALLOWAY","gc_exception":"","ADDRGUID":null,"RDNAME":"BAIRD ST"}},{"type":"Feature","id":237917,"geometry":{"type":"Point","coordinates":[-75.0864060726113,40.1911340711051]},"properties":{"OBJECTID":237917,"Source":"","DateUpdate":"Tue, 12 Nov 2024 10:04:37 GMT","Effective":"Wed, 01 Jan 2020 00:00:01 GMT","Expire":"Sat, 01 Jan 2050 00:00:01 GMT","Site_NGUID":"SSAP23826632BAIRDST@buckscounty.org","Country":"US","State":"PA","County":"Bucks County","AddCode":"","AddDataURI":"","Inc_Muni":"Warminster Township","Uninc_Comm":"","Nbrhd_Comm":"","AddNum_Pre":"","Add_Number":"32","AddNum_Suf":"","St_PreMod":"","St_PreDir":"","St_PreTyp":"","St_PreSep":"","St_Name":"BAIRD","St_PosTyp":"STREET","St_PosDir":"","St_PosMod":"","Lst_PreDir":"","Lst_Name":"BAIRD","Lst_Type":"ST","LstPosDir":"","ESN":"51","MSAGComm":"WARMINSTER TOWNSHIP","Post_Comm":"WARMINSTER","Post_Code":"18974","Post_Code4":"","Building":"","Floor":" ","Unit":" ","Room":"","Seat":" ","Addtl_Loc":" ","LandmkName":" ","Mile_Post":" ","Place_Type":" ","Placement":" ","Long":-75.08640431,"Lat":40.19112596,"Elev":"0","ParcelID":"49-009-028-013","Full_Addr":"32 BAIRD ST","Comment":" ","Purpose":null,"DiscrpAgID":"buckscounty.org","created_user":null,"created_date":null,"last_edited_user":"DGALLOWAY","gc_exception":"","ADDRGUID":null,"RDNAME":"BAIRD ST"}},{"type":"Feature","id":237918,"geometry":{"type":"Point","coordinates":[-75.0873716690943,40.1903554732137]},"properties":{"OBJECTID":237918,"Source":"","DateUpdate":"Tue, 12 Nov 2024 10:04:37 GMT","Effective":"Wed, 01 Jan 2020 00:00:01 GMT","Expire":"Sat, 01 Jan 2050 00:00:01 GMT","Site_NGUID":"SSAP2382671CRAVENST@buckscounty.org","Country":"US","State":"PA","County":"Bucks County","AddCode":"","AddDataURI":"","Inc_Muni":"Warminster Township","Uninc_Comm":"","Nbrhd_Comm":"","AddNum_Pre":"","Add_Number":"1","AddNum_Suf":"","St_PreMod":"","St_PreDir":"","St_PreTyp":"","St_PreSep":"","St_Name":"CRAVEN","St_PosTyp":"STREET","St_PosDir":"","St_PosMod":"","Lst_PreDir":"","Lst_Name":"CRAVEN","Lst_Type":"ST","LstPosDir":"","ESN":"51","MSAGComm":"WARMINSTER TOWNSHIP","Post_Comm":"WARMINSTER","Post_Code":"18974","Post_Code4":"","Building":"","Floor":" ","Unit":" ","Room":"","Seat":" ","Addtl_Loc":" ","LandmkName":" ","Mile_Post":" ","Place_Type":" ","Placement":" ","Long":-75.08736991,"Lat":40.19034736,"Elev":"0","ParcelID":"49-009-028-013","Full_Addr":"1 CRAVEN ST","Comment":" ","Purpose":null,"DiscrpAgID":"buckscounty.org","created_user":null,"created_date":null,"last_edited_user":"DGALLOWAY","gc_exception":"","ADDRGUID":null,"RDNAME":"CRAVEN ST"}},{"type":"Feature","id":237919,"geometry":{"type":"Point","coordinates":[-75.0872831558551,40.1904394802989]},"properties":{"OBJECTID":237919,"Source":"","DateUpdate":"Tue, 12 Nov 2024 10:04:37 GMT","Effective":"Wed, 01 Jan 2020 00:00:01 GMT","Expire":"Sat, 01 Jan 2050 00:00:01 GMT","Site_NGUID":"SSAP2382687CRAVENST@buckscounty.org","Country":"US","State":"PA","County":"Bucks County","AddCode":"","AddDataURI":"","Inc_Muni":"Warminster Township","Uninc_Comm":"","Nbrhd_Comm":"","AddNum_Pre":"","Add_Number":"7","AddNum_Suf":"","St_PreMod":"","St_PreDir":"","St_PreTyp":"","St_PreSep":"","St_Name":"CRAVEN","St_PosTyp":"STREET","St_PosDir":"","St_PosMod":"","Lst_PreDir":"","Lst_Name":"CRAVEN","Lst_Type":"ST","LstPosDir":"","ESN":"51","MSAGComm":"WARMINSTER TOWNSHIP","Post_Comm":"WARMINSTER","Post_Code":"18974","Post_Code4":"","Building":"","Floor":" ","Unit":" ","Room":"","Seat":" ","Addtl_Loc":" ","LandmkName":" ","Mile_Post":" ","Place_Type":" ","Placement":" ","Long":-75.08728139,"Lat":40.19043137,"Elev":"0","ParcelID":"49-009-028-013","Full_Addr":"7 CRAVEN ST","Comment":" ","Purpose":null,"DiscrpAgID":"buckscounty.org","created_user":null,"created_date":null,"last_edited_user":"DGALLOWAY","gc_exception":"","ADDRGUID":null,"RDNAME":"CRAVEN ST"}},{"type":"Feature","id":237920,"geometry":{"type":"Point","coordinates":[-75.0869264226742,40.1906874021243]},"properties":{"OBJECTID":237920,"Source":"","DateUpdate":"Tue, 12 Nov 2024 10:04:37 GMT","Effective":"Wed, 01 Jan 2020 00:00:01 GMT","Expire":"Sat, 01 Jan 2050 00:00:01 GMT","Site_NGUID":"SSAP2382699CRAVENST@buckscounty.org","Country":"US","State":"PA","County":"Bucks County","AddCode":"","AddDataURI":"","Inc_Muni":"Warminster Township","Uninc_Comm":"","Nbrhd_Comm":"","AddNum_Pre":"","Add_Number":"9","AddNum_Suf":"","St_PreMod":"","St_PreDir":"","St_PreTyp":"","St_PreSep":"","St_Name":"CRAVEN","St_PosTyp":"STREET","St_PosDir":"","St_PosMod":"","Lst_PreDir":"","Lst_Name":"CRAVEN","Lst_Type":"ST","LstPosDir":"","ESN":"51","MSAGComm":"WARMINSTER TOWNSHIP","Post_Comm":"WARMINSTER","Post_Code":"18974","Post_Code4":"","Building":"","Floor":" ","Unit":" ","Room":"","Seat":" ","Addtl_Loc":" ","LandmkName":" ","Mile_Post":" ","Place_Type":" ","Placement":" ","Long":-75.08692466,"Lat":40.19067929,"Elev":"0","ParcelID":"49-009-028-013","Full_Addr":"9 CRAVEN ST","Comment":" ","Purpose":null,"DiscrpAgID":"buckscounty.org","created_user":null,"created_date":null,"last_edited_user":"DGALLOWAY","gc_exception":"","ADDRGUID":null,"RDNAME":"CRAVEN ST"}},{"type":"Feature","id":237921,"geometry":{"type":"Point","coordinates":[-75.0872000073166,40.1901321358241]},"properties":{"OBJECTID":237921,"Source":"","DateUpdate":"Tue, 12 Nov 2024 10:04:37 GMT","Effective":"Wed, 01 Jan 2020 00:00:01 GMT","Expire":"Sat, 01 Jan 2050 00:00:01 GMT","Site_NGUID":"SSAP2382702CRAVENST@buckscounty.org","Country":"US","State":"PA","County":"Bucks County","AddCode":"","AddDataURI":"","Inc_Muni":"Warminster Township","Uninc_Comm":"","Nbrhd_Comm":"","AddNum_Pre":"","Add_Number":"2","AddNum_Suf":"","St_PreMod":"","St_PreDir":"","St_PreTyp":"","St_PreSep":"","St_Name":"CRAVEN","St_PosTyp":"STREET","St_PosDir":"","St_PosMod":"","Lst_PreDir":"","Lst_Name":"CRAVEN","Lst_Type":"ST","LstPosDir":"","ESN":"51","MSAGComm":"WARMINSTER TOWNSHIP","Post_Comm":"WARMINSTER","Post_Code":"18974","Post_Code4":"","Building":"","Floor":" ","Unit":" ","Room":"","Seat":" ","Addtl_Loc":" ","LandmkName":" ","Mile_Post":" ","Place_Type":" ","Placement":" ","Long":-75.08719825,"Lat":40.19012402,"Elev":"0","ParcelID":"49-009-028-013","Full_Addr":"2 CRAVEN ST","Comment":" ","Purpose":null,"DiscrpAgID":"buckscounty.org","created_user":null,"created_date":null,"last_edited_user":"DGALLOWAY","gc_exception":"","ADDRGUID":null,"RDNAME":"CRAVEN ST"}},{"type":"Feature","id":237922,"geometry":{"type":"Point","coordinates":[-75.0871597736225,40.1901772143148]},"properties":{"OBJECTID":237922,"Source":"","DateUpdate":"Tue, 12 Nov 2024 10:04:37 GMT","Effective":"Wed, 01 Jan 2020 00:00:01 GMT","Expire":"Sat, 01 Jan 2050 00:00:01 GMT","Site_NGUID":"SSAP2382714CRAVENST@buckscounty.org","Country":"US","State":"PA","County":"Bucks County","AddCode":"","AddDataURI":"","Inc_Muni":"Warminster Township","Uninc_Comm":"","Nbrhd_Comm":"","AddNum_Pre":"","Add_Number":"4","AddNum_Suf":"","St_PreMod":"","St_PreDir":"","St_PreTyp":"","St_PreSep":"","St_Name":"CRAVEN","St_PosTyp":"STREET","St_PosDir":"","St_PosMod":"","Lst_PreDir":"","Lst_Name":"CRAVEN","Lst_Type":"ST","LstPosDir":"","ESN":"51","MSAGComm":"WARMINSTER TOWNSHIP","Post_Comm":"WARMINSTER","Post_Code":"18974","Post_Code4":"","Building":"","Floor":" ","Unit":" ","Room":"","Seat":" ","Addtl_Loc":" ","LandmkName":" ","Mile_Post":" ","Place_Type":" ","Placement":" ","Long":-75.08715801,"Lat":40.1901691,"Elev":"0","ParcelID":"49-009-028-013","Full_Addr":"4 CRAVEN ST","Comment":" ","Purpose":null,"DiscrpAgID":"buckscounty.org","created_user":null,"created_date":null,"last_edited_user":"DGALLOWAY","gc_exception":"","ADDRGUID":null,"RDNAME":"CRAVEN ST"}},{"type":"Feature","id":237923,"geometry":{"type":"Point","coordinates":[-75.0871195416016,40.190224339965]},"properties":{"OBJECTID":237923,"Source":"","DateUpdate":"Tue, 12 Nov 2024 10:04:37 GMT","Effective":"Wed, 01 Jan 2020 00:00:01 GMT","Expire":"Sat, 01 Jan 2050 00:00:01 GMT","Site_NGUID":"SSAP2382726CRAVENST@buckscounty.org","Country":"US","State":"PA","County":"Bucks County","AddCode":"","AddDataURI":"","Inc_Muni":"Warminster Township","Uninc_Comm":"","Nbrhd_Comm":"","AddNum_Pre":"","Add_Number":"6","AddNum_Suf":"","St_PreMod":"","St_PreDir":"","St_PreTyp":"","St_PreSep":"","St_Name":"CRAVEN","St_PosTyp":"STREET","St_PosDir":"","St_PosMod":"","Lst_PreDir":"","Lst_Name":"CRAVEN","Lst_Type":"ST","LstPosDir":"","ESN":"51","MSAGComm":"WARMINSTER TOWNSHIP","Post_Comm":"WARMINSTER","Post_Code":"18974","Post_Code4":"","Building":"","Floor":" ","Unit":" ","Room":"","Seat":" ","Addtl_Loc":" ","LandmkName":" ","Mile_Post":" ","Place_Type":" ","Placement":" ","Long":-75.08711778,"Lat":40.19021622,"Elev":"0","ParcelID":"49-009-028-013","Full_Addr":"6 CRAVEN ST","Comment":" ","Purpose":null,"DiscrpAgID":"buckscounty.org","created_user":null,"created_date":null,"last_edited_user":"DGALLOWAY","gc_exception":"","ADDRGUID":null,"RDNAME":"CRAVEN ST"}},{"type":"Feature","id":237924,"geometry":{"type":"Point","coordinates":[-75.0870739422194,40.1902694159479]},"properties":{"OBJECTID":237924,"Source":"","DateUpdate":"Tue, 12 Nov 2024 10:04:37 GMT","Effective":"Wed, 01 Jan 2020 00:00:01 GMT","Expire":"Sat, 01 Jan 2050 00:00:01 GMT","Site_NGUID":"SSAP2382738CRAVENST@buckscounty.org","Country":"US","State":"PA","County":"Bucks County","AddCode":"","AddDataURI":"","Inc_Muni":"Warminster Township","Uninc_Comm":"","Nbrhd_Comm":"","AddNum_Pre":"","Add_Number":"8","AddNum_Suf":"","St_PreMod":"","St_PreDir":"","St_PreTyp":"","St_PreSep":"","St_Name":"CRAVEN","St_PosTyp":"STREET","St_PosDir":"","St_PosMod":"","Lst_PreDir":"","Lst_Name":"CRAVEN","Lst_Type":"ST","LstPosDir":"","ESN":"51","MSAGComm":"WARMINSTER TOWNSHIP","Post_Comm":"WARMINSTER","Post_Code":"18974","Post_Code4":"","Building":"","Floor":" ","Unit":" ","Room":"","Seat":" ","Addtl_Loc":" ","LandmkName":" ","Mile_Post":" ","Place_Type":" ","Placement":" ","Long":-75.08707218,"Lat":40.1902613,"Elev":"0","ParcelID":"49-009-028-013","Full_Addr":"8 CRAVEN ST","Comment":" ","Purpose":null,"DiscrpAgID":"buckscounty.org","created_user":null,"created_date":null,"last_edited_user":"DGALLOWAY","gc_exception":"","ADDRGUID":null,"RDNAME":"CRAVEN ST"}},{"type":"Feature","id":237925,"geometry":{"type":"Point","coordinates":[-75.0868593656772,40.1904374313223]},"properties":{"OBJECTID":237925,"Source":"","DateUpdate":"Tue, 12 Nov 2024 10:04:37 GMT","Effective":"Wed, 01 Jan 2020 00:00:01 GMT","Expire":"Sat, 01 Jan 2050 00:00:01 GMT","Site_NGUID":"SSAP23827410CRAVENST@buckscounty.org","Country":"US","State":"PA","County":"Bucks County","AddCode":"","AddDataURI":"","Inc_Muni":"Warminster Township","Uninc_Comm":"","Nbrhd_Comm":"","AddNum_Pre":"","Add_Number":"10","AddNum_Suf":"","St_PreMod":"","St_PreDir":"","St_PreTyp":"","St_PreSep":"","St_Name":"CRAVEN","St_PosTyp":"STREET","St_PosDir":"","St_PosMod":"","Lst_PreDir":"","Lst_Name":"CRAVEN","Lst_Type":"ST","LstPosDir":"","ESN":"51","MSAGComm":"WARMINSTER TOWNSHIP","Post_Comm":"WARMINSTER","Post_Code":"18974","Post_Code4":"","Building":"","Floor":" ","Unit":" ","Room":"","Seat":" ","Addtl_Loc":" ","LandmkName":" ","Mile_Post":" ","Place_Type":" ","Placement":" ","Long":-75.0868576,"Lat":40.19042932,"Elev":"0","ParcelID":"49-009-028-013","Full_Addr":"10 CRAVEN ST","Comment":" ","Purpose":null,"DiscrpAgID":"buckscounty.org","created_user":null,"created_date":null,"last_edited_user":"DGALLOWAY","gc_exception":"","ADDRGUID":null,"RDNAME":"CRAVEN ST"}},{"type":"Feature","id":237926,"geometry":{"type":"Point","coordinates":[-75.0868057231493,40.1904640672225]},"properties":{"OBJECTID":237926,"Source":"","DateUpdate":"Tue, 12 Nov 2024 10:04:37 GMT","Effective":"Wed, 01 Jan 2020 00:00:01 GMT","Expire":"Sat, 01 Jan 2050 00:00:01 GMT","Site_NGUID":"SSAP23827512CRAVENST@buckscounty.org","Country":"US","State":"PA","County":"Bucks County","AddCode":"","AddDataURI":"","Inc_Muni":"Warminster Township","Uninc_Comm":"","Nbrhd_Comm":"","AddNum_Pre":"","Add_Number":"12","AddNum_Suf":"","St_PreMod":"","St_PreDir":"","St_PreTyp":"","St_PreSep":"","St_Name":"CRAVEN","St_PosTyp":"STREET","St_PosDir":"","St_PosMod":"","Lst_PreDir":"","Lst_Name":"CRAVEN","Lst_Type":"ST","LstPosDir":"","ESN":"51","MSAGComm":"WARMINSTER TOWNSHIP","Post_Comm":"WARMINSTER","Post_Code":"18974","Post_Code4":"","Building":"","Floor":" ","Unit":" ","Room":"","Seat":" ","Addtl_Loc":" ","LandmkName":" ","Mile_Post":" ","Place_Type":" ","Placement":" ","Long":-75.08680396,"Lat":40.19045595,"Elev":"0","ParcelID":"49-009-028-013","Full_Addr":"12 CRAVEN ST","Comment":" ","Purpose":null,"DiscrpAgID":"buckscounty.org","created_user":null,"created_date":null,"last_edited_user":"DGALLOWAY","gc_exception":"","ADDRGUID":null,"RDNAME":"CRAVEN ST"}},{"type":"Feature","id":237927,"geometry":{"type":"Point","coordinates":[-75.0867493971051,40.1904907040874]},"properties":{"OBJECTID":237927,"Source":"","DateUpdate":"Tue, 12 Nov 2024 10:04:37 GMT","Effective":"Wed, 01 Jan 2020 00:00:01 GMT","Expire":"Sat, 01 Jan 2050 00:00:01 GMT","Site_NGUID":"SSAP23827614CRAVENST@buckscounty.org","Country":"US","State":"PA","County":"Bucks County","AddCode":"","AddDataURI":"","Inc_Muni":"Warminster Township","Uninc_Comm":"","Nbrhd_Comm":"","AddNum_Pre":"","Add_Number":"14","AddNum_Suf":"","St_PreMod":"","St_PreDir":"","St_PreTyp":"","St_PreSep":"","St_Name":"CRAVEN","St_PosTyp":"STREET","St_PosDir":"","St_PosMod":"","Lst_PreDir":"","Lst_Name":"CRAVEN","Lst_Type":"ST","LstPosDir":"","ESN":"51","MSAGComm":"WARMINSTER TOWNSHIP","Post_Comm":"WARMINSTER","Post_Code":"18974","Post_Code4":"","Building":"","Floor":" ","Unit":" ","Room":"","Seat":" ","Addtl_Loc":" ","LandmkName":" ","Mile_Post":" ","Place_Type":" ","Placement":" ","Long":-75.08674764,"Lat":40.19048259,"Elev":"0","ParcelID":"49-009-028-013","Full_Addr":"14 CRAVEN ST","Comment":" ","Purpose":null,"DiscrpAgID":"buckscounty.org","created_user":null,"created_date":null,"last_edited_user":"DGALLOWAY","gc_exception":"","ADDRGUID":null,"RDNAME":"CRAVEN ST"}},{"type":"Feature","id":237928,"geometry":{"type":"Point","coordinates":[-75.0866957514395,40.1905193888017]},"properties":{"OBJECTID":237928,"Source":"","DateUpdate":"Tue, 12 Nov 2024 10:04:37 GMT","Effective":"Wed, 01 Jan 2020 00:00:01 GMT","Expire":"Sat, 01 Jan 2050 00:00:01 GMT","Site_NGUID":"SSAP23827716CRAVENST@buckscounty.org","Country":"US","State":"PA","County":"Bucks County","AddCode":"","AddDataURI":"","Inc_Muni":"Warminster Township","Uninc_Comm":"","Nbrhd_Comm":"","AddNum_Pre":"","Add_Number":"16","AddNum_Suf":"","St_PreMod":"","St_PreDir":"","St_PreTyp":"","St_PreSep":"","St_Name":"CRAVEN","St_PosTyp":"STREET","St_PosDir":"","St_PosMod":"","Lst_PreDir":"","Lst_Name":"CRAVEN","Lst_Type":"ST","LstPosDir":"","ESN":"51","MSAGComm":"WARMINSTER TOWNSHIP","Post_Comm":"WARMINSTER","Post_Code":"18974","Post_Code4":"","Building":"","Floor":" ","Unit":" ","Room":"","Seat":" ","Addtl_Loc":" ","LandmkName":" ","Mile_Post":" ","Place_Type":" ","Placement":" ","Long":-75.08669399,"Lat":40.19051127,"Elev":"0","ParcelID":"49-009-028-013","Full_Addr":"16 CRAVEN ST","Comment":" ","Purpose":null,"DiscrpAgID":"buckscounty.org","created_user":null,"created_date":null,"last_edited_user":"DGALLOWAY","gc_exception":"","ADDRGUID":null,"RDNAME":"CRAVEN ST"}},{"type":"Feature","id":237929,"geometry":{"type":"Point","coordinates":[-75.0864007088517,40.1905992980734]},"properties":{"OBJECTID":237929,"Source":"","DateUpdate":"Tue, 12 Nov 2024 10:04:37 GMT","Effective":"Wed, 01 Jan 2020 00:00:01 GMT","Expire":"Sat, 01 Jan 2050 00:00:01 GMT","Site_NGUID":"SSAP23827818CRAVENST@buckscounty.org","Country":"US","State":"PA","County":"Bucks County","AddCode":"","AddDataURI":"","Inc_Muni":"Warminster Township","Uninc_Comm":"","Nbrhd_Comm":"","AddNum_Pre":"","Add_Number":"18","AddNum_Suf":"","St_PreMod":"","St_PreDir":"","St_PreTyp":"","St_PreSep":"","St_Name":"CRAVEN","St_PosTyp":"STREET","St_PosDir":"","St_PosMod":"","Lst_PreDir":"","Lst_Name":"CRAVEN","Lst_Type":"ST","LstPosDir":"","ESN":"51","MSAGComm":"WARMINSTER TOWNSHIP","Post_Comm":"WARMINSTER","Post_Code":"18974","Post_Code4":"","Building":"","Floor":" ","Unit":" ","Room":"","Seat":" ","Addtl_Loc":" ","LandmkName":" ","Mile_Post":" ","Place_Type":" ","Placement":" ","Long":-75.08639895,"Lat":40.19059118,"Elev":"0","ParcelID":"49-009-028-013","Full_Addr":"18 CRAVEN ST","Comment":" ","Purpose":null,"DiscrpAgID":"buckscounty.org","created_user":null,"created_date":null,"last_edited_user":"DGALLOWAY","gc_exception":"","ADDRGUID":null,"RDNAME":"CRAVEN ST"}},{"type":"Feature","id":237930,"geometry":{"type":"Point","coordinates":[-75.0863390175929,40.1906136413266]},"properties":{"OBJECTID":237930,"Source":"","DateUpdate":"Tue, 12 Nov 2024 10:04:37 GMT","Effective":"Wed, 01 Jan 2020 00:00:01 GMT","Expire":"Sat, 01 Jan 2050 00:00:01 GMT","Site_NGUID":"SSAP23827920CRAVENST@buckscounty.org","Country":"US","State":"PA","County":"Bucks County","AddCode":"","AddDataURI":"","Inc_Muni":"Warminster Township","Uninc_Comm":"","Nbrhd_Comm":"","AddNum_Pre":"","Add_Number":"20","AddNum_Suf":"","St_PreMod":"","St_PreDir":"","St_PreTyp":"","St_PreSep":"","St_Name":"CRAVEN","St_PosTyp":"STREET","St_PosDir":"","St_PosMod":"","Lst_PreDir":"","Lst_Name":"CRAVEN","Lst_Type":"ST","LstPosDir":"","ESN":"51","MSAGComm":"WARMINSTER TOWNSHIP","Post_Comm":"WARMINSTER","Post_Code":"18974","Post_Code4":"","Building":"","Floor":" ","Unit":" ","Room":"","Seat":" ","Addtl_Loc":" ","LandmkName":" ","Mile_Post":" ","Place_Type":" ","Placement":" ","Long":-75.08633726,"Lat":40.19060553,"Elev":"0","ParcelID":"49-009-028-013","Full_Addr":"20 CRAVEN ST","Comment":" ","Purpose":null,"DiscrpAgID":"buckscounty.org","created_user":null,"created_date":null,"last_edited_user":"DGALLOWAY","gc_exception":"","ADDRGUID":null,"RDNAME":"CRAVEN ST"}},{"type":"Feature","id":237931,"geometry":{"type":"Point","coordinates":[-75.0862746426383,40.1906320815918]},"properties":{"OBJECTID":237931,"Source":"","DateUpdate":"Tue, 12 Nov 2024 10:04:37 GMT","Effective":"Wed, 01 Jan 2020 00:00:01 GMT","Expire":"Sat, 01 Jan 2050 00:00:01 GMT","Site_NGUID":"SSAP23828022CRAVENST@buckscounty.org","Country":"US","State":"PA","County":"Bucks County","AddCode":"","AddDataURI":"","Inc_Muni":"Warminster Township","Uninc_Comm":"","Nbrhd_Comm":"","AddNum_Pre":"","Add_Number":"22","AddNum_Suf":"","St_PreMod":"","St_PreDir":"","St_PreTyp":"","St_PreSep":"","St_Name":"CRAVEN","St_PosTyp":"STREET","St_PosDir":"","St_PosMod":"","Lst_PreDir":"","Lst_Name":"CRAVEN","Lst_Type":"ST","LstPosDir":"","ESN":"51","MSAGComm":"WARMINSTER TOWNSHIP","Post_Comm":"WARMINSTER","Post_Code":"18974","Post_Code4":"","Building":"","Floor":" ","Unit":" ","Room":"","Seat":" ","Addtl_Loc":" ","LandmkName":" ","Mile_Post":" ","Place_Type":" ","Placement":" ","Long":-75.08627288,"Lat":40.19062397,"Elev":"0","ParcelID":"49-009-028-013","Full_Addr":"22 CRAVEN ST","Comment":" ","Purpose":null,"DiscrpAgID":"buckscounty.org","created_user":null,"created_date":null,"last_edited_user":"DGALLOWAY","gc_exception":"","ADDRGUID":null,"RDNAME":"CRAVEN ST"}},{"type":"Feature","id":237932,"geometry":{"type":"Point","coordinates":[-75.0862102723793,40.1906505210293]},"properties":{"OBJECTID":237932,"Source":"","DateUpdate":"Tue, 12 Nov 2024 10:04:37 GMT","Effective":"Wed, 01 Jan 2020 00:00:01 GMT","Expire":"Sat, 01 Jan 2050 00:00:01 GMT","Site_NGUID":"SSAP23828124CRAVENST@buckscounty.org","Country":"US","State":"PA","County":"Bucks County","AddCode":"","AddDataURI":"","Inc_Muni":"Warminster Township","Uninc_Comm":"","Nbrhd_Comm":"","AddNum_Pre":"","Add_Number":"24","AddNum_Suf":"","St_PreMod":"","St_PreDir":"","St_PreTyp":"","St_PreSep":"","St_Name":"CRAVEN","St_PosTyp":"STREET","St_PosDir":"","St_PosMod":"","Lst_PreDir":"","Lst_Name":"CRAVEN","Lst_Type":"ST","LstPosDir":"","ESN":"51","MSAGComm":"WARMINSTER TOWNSHIP","Post_Comm":"WARMINSTER","Post_Code":"18974","Post_Code4":"","Building":"","Floor":" ","Unit":" ","Room":"","Seat":" ","Addtl_Loc":" ","LandmkName":" ","Mile_Post":" ","Place_Type":" ","Placement":" ","Long":-75.08620851,"Lat":40.19064241,"Elev":"0","ParcelID":"49-009-028-013","Full_Addr":"24 CRAVEN ST","Comment":" ","Purpose":null,"DiscrpAgID":"buckscounty.org","created_user":null,"created_date":null,"last_edited_user":"DGALLOWAY","gc_exception":"","ADDRGUID":null,"RDNAME":"CRAVEN ST"}},{"type":"Feature","id":237933,"geometry":{"type":"Point","coordinates":[-75.0859688724379,40.1917719724837]},"properties":{"OBJECTID":237933,"Source":"","DateUpdate":"Tue, 12 Nov 2024 10:04:37 GMT","Effective":"Wed, 01 Jan 2020 00:00:01 GMT","Expire":"Sat, 01 Jan 2050 00:00:01 GMT","Site_NGUID":"SSAP2382822MERCERST@buckscounty.org","Country":"US","State":"PA","County":"Bucks County","AddCode":"","AddDataURI":"","Inc_Muni":"Warminster Township","Uninc_Comm":"","Nbrhd_Comm":"","AddNum_Pre":"","Add_Number":"2","AddNum_Suf":"","St_PreMod":"","St_PreDir":"","St_PreTyp":"","St_PreSep":"","St_Name":"MERCER","St_PosTyp":"STREET","St_PosDir":"","St_PosMod":"","Lst_PreDir":"","Lst_Name":"MERCER","Lst_Type":"ST","LstPosDir":"","ESN":"51","MSAGComm":"WARMINSTER TOWNSHIP","Post_Comm":"WARMINSTER","Post_Code":"18974","Post_Code4":"","Building":"","Floor":" ","Unit":" ","Room":"","Seat":" ","Addtl_Loc":" ","LandmkName":" ","Mile_Post":" ","Place_Type":" ","Placement":" ","Long":-75.08596711,"Lat":40.19176386,"Elev":"0","ParcelID":"49-009-028-013","Full_Addr":"2 MERCER ST","Comment":" ","Purpose":null,"DiscrpAgID":"buckscounty.org","created_user":null,"created_date":null,"last_edited_user":"DGALLOWAY","gc_exception":"","ADDRGUID":null,"RDNAME":"MERCER ST"}},{"type":"Feature","id":237934,"geometry":{"type":"Point","coordinates":[-75.0859474154172,40.1917248468655]},"properties":{"OBJECTID":237934,"Source":"","DateUpdate":"Tue, 12 Nov 2024 10:04:37 GMT","Effective":"Wed, 01 Jan 2020 00:00:01 GMT","Expire":"Sat, 01 Jan 2050 00:00:01 GMT","Site_NGUID":"SSAP2382834MERCERST@buckscounty.org","Country":"US","State":"PA","County":"Bucks County","AddCode":"","AddDataURI":"","Inc_Muni":"Warminster Township","Uninc_Comm":"","Nbrhd_Comm":"","AddNum_Pre":"","Add_Number":"4","AddNum_Suf":"","St_PreMod":"","St_PreDir":"","St_PreTyp":"","St_PreSep":"","St_Name":"MERCER","St_PosTyp":"STREET","St_PosDir":"","St_PosMod":"","Lst_PreDir":"","Lst_Name":"MERCER","Lst_Type":"ST","LstPosDir":"","ESN":"51","MSAGComm":"WARMINSTER TOWNSHIP","Post_Comm":"WARMINSTER","Post_Code":"18974","Post_Code4":"","Building":"","Floor":" ","Unit":" ","Room":"","Seat":" ","Addtl_Loc":" ","LandmkName":" ","Mile_Post":" ","Place_Type":" ","Placement":" ","Long":-75.08594565,"Lat":40.19171673,"Elev":"0","ParcelID":"49-009-028-013","Full_Addr":"4 MERCER ST","Comment":" ","Purpose":null,"DiscrpAgID":"buckscounty.org","created_user":null,"created_date":null,"last_edited_user":"DGALLOWAY","gc_exception":"","ADDRGUID":null,"RDNAME":"MERCER ST"}},{"type":"Feature","id":237935,"geometry":{"type":"Point","coordinates":[-75.0859232744593,40.1916756732667]},"properties":{"OBJECTID":237935,"Source":"","DateUpdate":"Tue, 12 Nov 2024 10:04:37 GMT","Effective":"Wed, 01 Jan 2020 00:00:01 GMT","Expire":"Sat, 01 Jan 2050 00:00:01 GMT","Site_NGUID":"SSAP2382846MERCERST@buckscounty.org","Country":"US","State":"PA","County":"Bucks County","AddCode":"","AddDataURI":"","Inc_Muni":"Warminster Township","Uninc_Comm":"","Nbrhd_Comm":"","AddNum_Pre":"","Add_Number":"6","AddNum_Suf":"","St_PreMod":"","St_PreDir":"","St_PreTyp":"","St_PreSep":"","St_Name":"MERCER","St_PosTyp":"STREET","St_PosDir":"","St_PosMod":"","Lst_PreDir":"","Lst_Name":"MERCER","Lst_Type":"ST","LstPosDir":"","ESN":"51","MSAGComm":"WARMINSTER TOWNSHIP","Post_Comm":"WARMINSTER","Post_Code":"18974","Post_Code4":"","Building":"","Floor":" ","Unit":" ","Room":"","Seat":" ","Addtl_Loc":" ","LandmkName":" ","Mile_Post":" ","Place_Type":" ","Placement":" ","Long":-75.08592151,"Lat":40.19166756,"Elev":"0","ParcelID":"49-009-028-013","Full_Addr":"6 MERCER ST","Comment":" ","Purpose":null,"DiscrpAgID":"buckscounty.org","created_user":null,"created_date":null,"last_edited_user":"DGALLOWAY","gc_exception":"","ADDRGUID":null,"RDNAME":"MERCER ST"}},{"type":"Feature","id":237936,"geometry":{"type":"Point","coordinates":[-75.0859018184422,40.191622402654]},"properties":{"OBJECTID":237936,"Source":"","DateUpdate":"Tue, 12 Nov 2024 10:04:37 GMT","Effective":"Wed, 01 Jan 2020 00:00:01 GMT","Expire":"Sat, 01 Jan 2050 00:00:01 GMT","Site_NGUID":"SSAP2382858MERCERST@buckscounty.org","Country":"US","State":"PA","County":"Bucks County","AddCode":"","AddDataURI":"","Inc_Muni":"Warminster Township","Uninc_Comm":"","Nbrhd_Comm":"","AddNum_Pre":"","Add_Number":"8","AddNum_Suf":"","St_PreMod":"","St_PreDir":"","St_PreTyp":"","St_PreSep":"","St_Name":"MERCER","St_PosTyp":"STREET","St_PosDir":"","St_PosMod":"","Lst_PreDir":"","Lst_Name":"MERCER","Lst_Type":"ST","LstPosDir":"","ESN":"51","MSAGComm":"WARMINSTER TOWNSHIP","Post_Comm":"WARMINSTER","Post_Code":"18974","Post_Code4":"","Building":"","Floor":" ","Unit":" ","Room":"","Seat":" ","Addtl_Loc":" ","LandmkName":" ","Mile_Post":" ","Place_Type":" ","Placement":" ","Long":-75.08590006,"Lat":40.19161429,"Elev":"0","ParcelID":"49-009-028-013","Full_Addr":"8 MERCER ST","Comment":" ","Purpose":null,"DiscrpAgID":"buckscounty.org","created_user":null,"created_date":null,"last_edited_user":"DGALLOWAY","gc_exception":"","ADDRGUID":null,"RDNAME":"MERCER ST"}},{"type":"Feature","id":237937,"geometry":{"type":"Point","coordinates":[-75.085815985398,40.1914195592216]},"properties":{"OBJECTID":237937,"Source":"","DateUpdate":"Tue, 12 Nov 2024 10:04:37 GMT","Effective":"Wed, 01 Jan 2020 00:00:01 GMT","Expire":"Sat, 01 Jan 2050 00:00:01 GMT","Site_NGUID":"SSAP23828610MERCERST@buckscounty.org","Country":"US","State":"PA","County":"Bucks County","AddCode":"","AddDataURI":"","Inc_Muni":"Warminster Township","Uninc_Comm":"","Nbrhd_Comm":"","AddNum_Pre":"","Add_Number":"10","AddNum_Suf":"","St_PreMod":"","St_PreDir":"","St_PreTyp":"","St_PreSep":"","St_Name":"MERCER","St_PosTyp":"STREET","St_PosDir":"","St_PosMod":"","Lst_PreDir":"","Lst_Name":"MERCER","Lst_Type":"ST","LstPosDir":"","ESN":"51","MSAGComm":"WARMINSTER TOWNSHIP","Post_Comm":"WARMINSTER","Post_Code":"18974","Post_Code4":"","Building":"","Floor":" ","Unit":" ","Room":"","Seat":" ","Addtl_Loc":" ","LandmkName":" ","Mile_Post":" ","Place_Type":" ","Placement":" ","Long":-75.08581422,"Lat":40.19141144,"Elev":"0","ParcelID":"49-009-028-013","Full_Addr":"10 MERCER ST","Comment":" ","Purpose":null,"DiscrpAgID":"buckscounty.org","created_user":null,"created_date":null,"last_edited_user":"DGALLOWAY","gc_exception":"","ADDRGUID":null,"RDNAME":"MERCER ST"}},{"type":"Feature","id":237938,"geometry":{"type":"Point","coordinates":[-75.0857918474693,40.1913724336948]},"properties":{"OBJECTID":237938,"Source":"","DateUpdate":"Tue, 12 Nov 2024 10:04:37 GMT","Effective":"Wed, 01 Jan 2020 00:00:01 GMT","Expire":"Sat, 01 Jan 2050 00:00:01 GMT","Site_NGUID":"SSAP23828712MERCERST@buckscounty.org","Country":"US","State":"PA","County":"Bucks County","AddCode":"","AddDataURI":"","Inc_Muni":"Warminster Township","Uninc_Comm":"","Nbrhd_Comm":"","AddNum_Pre":"","Add_Number":"12","AddNum_Suf":"","St_PreMod":"","St_PreDir":"","St_PreTyp":"","St_PreSep":"","St_Name":"MERCER","St_PosTyp":"STREET","St_PosDir":"","St_PosMod":"","Lst_PreDir":"","Lst_Name":"MERCER","Lst_Type":"ST","LstPosDir":"","ESN":"51","MSAGComm":"WARMINSTER TOWNSHIP","Post_Comm":"WARMINSTER","Post_Code":"18974","Post_Code4":"","Building":"","Floor":" ","Unit":" ","Room":"","Seat":" ","Addtl_Loc":" ","LandmkName":" ","Mile_Post":" ","Place_Type":" ","Placement":" ","Long":-75.08579009,"Lat":40.19136432,"Elev":"0","ParcelID":"49-009-028-013","Full_Addr":"12 MERCER ST","Comment":" ","Purpose":null,"DiscrpAgID":"buckscounty.org","created_user":null,"created_date":null,"last_edited_user":"DGALLOWAY","gc_exception":"","ADDRGUID":null,"RDNAME":"MERCER ST"}},{"type":"Feature","id":237939,"geometry":{"type":"Point","coordinates":[-75.0856765113173,40.1910609966734]},"properties":{"OBJECTID":237939,"Source":"","DateUpdate":"Tue, 12 Nov 2024 10:04:37 GMT","Effective":"Wed, 01 Jan 2020 00:00:01 GMT","Expire":"Sat, 01 Jan 2050 00:00:01 GMT","Site_NGUID":"SSAP23828818MERCERST@buckscounty.org","Country":"US","State":"PA","County":"Bucks County","AddCode":"","AddDataURI":"","Inc_Muni":"Warminster Township","Uninc_Comm":"","Nbrhd_Comm":"","AddNum_Pre":"","Add_Number":"18","AddNum_Suf":"","St_PreMod":"","St_PreDir":"","St_PreTyp":"","St_PreSep":"","St_Name":"MERCER","St_PosTyp":"STREET","St_PosDir":"","St_PosMod":"","Lst_PreDir":"","Lst_Name":"MERCER","Lst_Type":"ST","LstPosDir":"","ESN":"51","MSAGComm":"WARMINSTER TOWNSHIP","Post_Comm":"WARMINSTER","Post_Code":"18974","Post_Code4":"","Building":"","Floor":" ","Unit":" ","Room":"","Seat":" ","Addtl_Loc":" ","LandmkName":" ","Mile_Post":" ","Place_Type":" ","Placement":" ","Long":-75.08567475,"Lat":40.19105288,"Elev":"0","ParcelID":"49-009-028-013","Full_Addr":"18 MERCER ST","Comment":" ","Purpose":null,"DiscrpAgID":"buckscounty.org","created_user":null,"created_date":null,"last_edited_user":"DGALLOWAY","gc_exception":"","ADDRGUID":null,"RDNAME":"MERCER ST"}},{"type":"Feature","id":237940,"geometry":{"type":"Point","coordinates":[-75.0856550547936,40.1910200196114]},"properties":{"OBJECTID":237940,"Source":"","DateUpdate":"Tue, 12 Nov 2024 10:04:37 GMT","Effective":"Wed, 01 Jan 2020 00:00:01 GMT","Expire":"Sat, 01 Jan 2050 00:00:01 GMT","Site_NGUID":"SSAP23828920MERCERST@buckscounty.org","Country":"US","State":"PA","County":"Bucks County","AddCode":"","AddDataURI":"","Inc_Muni":"Warminster Township","Uninc_Comm":"","Nbrhd_Comm":"","AddNum_Pre":"","Add_Number":"20","AddNum_Suf":"","St_PreMod":"","St_PreDir":"","St_PreTyp":"","St_PreSep":"","St_Name":"MERCER","St_PosTyp":"STREET","St_PosDir":"","St_PosMod":"","Lst_PreDir":"","Lst_Name":"MERCER","Lst_Type":"ST","LstPosDir":"","ESN":"51","MSAGComm":"WARMINSTER TOWNSHIP","Post_Comm":"WARMINSTER","Post_Code":"18974","Post_Code4":"","Building":"","Floor":" ","Unit":" ","Room":"","Seat":" ","Addtl_Loc":" ","LandmkName":" ","Mile_Post":" ","Place_Type":" ","Placement":" ","Long":-75.08565329,"Lat":40.1910119,"Elev":"0","ParcelID":"49-009-028-013","Full_Addr":"20 MERCER ST","Comment":" ","Purpose":null,"DiscrpAgID":"buckscounty.org","created_user":null,"created_date":null,"last_edited_user":"DGALLOWAY","gc_exception":"","ADDRGUID":null,"RDNAME":"MERCER ST"}},{"type":"Feature","id":237941,"geometry":{"type":"Point","coordinates":[-75.0856335959526,40.1909728920766]},"properties":{"OBJECTID":237941,"Source":"","DateUpdate":"Tue, 12 Nov 2024 10:04:37 GMT","Effective":"Wed, 01 Jan 2020 00:00:01 GMT","Expire":"Sat, 01 Jan 2050 00:00:01 GMT","Site_NGUID":"SSAP23829022MERCERST@buckscounty.org","Country":"US","State":"PA","County":"Bucks County","AddCode":"","AddDataURI":"","Inc_Muni":"Warminster Township","Uninc_Comm":"","Nbrhd_Comm":"","AddNum_Pre":"","Add_Number":"22","AddNum_Suf":"","St_PreMod":"","St_PreDir":"","St_PreTyp":"","St_PreSep":"","St_Name":"MERCER","St_PosTyp":"STREET","St_PosDir":"","St_PosMod":"","Lst_PreDir":"","Lst_Name":"MERCER","Lst_Type":"ST","LstPosDir":"","ESN":"51","MSAGComm":"WARMINSTER TOWNSHIP","Post_Comm":"WARMINSTER","Post_Code":"18974","Post_Code4":"","Building":"","Floor":" ","Unit":" ","Room":"","Seat":" ","Addtl_Loc":" ","LandmkName":" ","Mile_Post":" ","Place_Type":" ","Placement":" ","Long":-75.08563184,"Lat":40.19096478,"Elev":"0","ParcelID":"49-009-028-013","Full_Addr":"22 MERCER ST","Comment":" ","Purpose":null,"DiscrpAgID":"buckscounty.org","created_user":null,"created_date":null,"last_edited_user":"DGALLOWAY","gc_exception":"","ADDRGUID":null,"RDNAME":"MERCER ST"}},{"type":"Feature","id":237942,"geometry":{"type":"Point","coordinates":[-75.0856175024723,40.1909298649516]},"properties":{"OBJECTID":237942,"Source":"","DateUpdate":"Tue, 12 Nov 2024 10:04:37 GMT","Effective":"Wed, 01 Jan 2020 00:00:01 GMT","Expire":"Sat, 01 Jan 2050 00:00:01 GMT","Site_NGUID":"SSAP23829124MERCERST@buckscounty.org","Country":"US","State":"PA","County":"Bucks County","AddCode":"","AddDataURI":"","Inc_Muni":"Warminster Township","Uninc_Comm":"","Nbrhd_Comm":"","AddNum_Pre":"","Add_Number":"24","AddNum_Suf":"","St_PreMod":"","St_PreDir":"","St_PreTyp":"","St_PreSep":"","St_Name":"MERCER","St_PosTyp":"STREET","St_PosDir":"","St_PosMod":"","Lst_PreDir":"","Lst_Name":"MERCER","Lst_Type":"ST","LstPosDir":"","ESN":"51","MSAGComm":"WARMINSTER TOWNSHIP","Post_Comm":"WARMINSTER","Post_Code":"18974","Post_Code4":"","Building":"","Floor":" ","Unit":" ","Room":"","Seat":" ","Addtl_Loc":" ","LandmkName":" ","Mile_Post":" ","Place_Type":" ","Placement":" ","Long":-75.08561574,"Lat":40.19092175,"Elev":"0","ParcelID":"49-009-028-013","Full_Addr":"24 MERCER ST","Comment":" ","Purpose":null,"DiscrpAgID":"buckscounty.org","created_user":null,"created_date":null,"last_edited_user":"DGALLOWAY","gc_exception":"","ADDRGUID":null,"RDNAME":"MERCER ST"}},{"type":"Feature","id":237943,"geometry":{"type":"Point","coordinates":[-75.0861432165658,40.1910753391614]},"properties":{"OBJECTID":237943,"Source":"","DateUpdate":"Tue, 12 Nov 2024 10:04:37 GMT","Effective":"Wed, 01 Jan 2020 00:00:01 GMT","Expire":"Sat, 01 Jan 2050 00:00:01 GMT","Site_NGUID":"SSAP23829211MERCERST@buckscounty.org","Country":"US","State":"PA","County":"Bucks County","AddCode":"","AddDataURI":"","Inc_Muni":"Warminster Township","Uninc_Comm":"","Nbrhd_Comm":"","AddNum_Pre":"","Add_Number":"11","AddNum_Suf":"","St_PreMod":"","St_PreDir":"","St_PreTyp":"","St_PreSep":"","St_Name":"MERCER","St_PosTyp":"STREET","St_PosDir":"","St_PosMod":"","Lst_PreDir":"","Lst_Name":"MERCER","Lst_Type":"ST","LstPosDir":"","ESN":"51","MSAGComm":"WARMINSTER TOWNSHIP","Post_Comm":"WARMINSTER","Post_Code":"18974","Post_Code4":"","Building":"","Floor":" ","Unit":" ","Room":"","Seat":" ","Addtl_Loc":" ","LandmkName":" ","Mile_Post":" ","Place_Type":" ","Placement":" ","Long":-75.08614146,"Lat":40.19106722,"Elev":"0","ParcelID":"49-009-028-013","Full_Addr":"11 MERCER ST","Comment":" ","Purpose":null,"DiscrpAgID":"buckscounty.org","created_user":null,"created_date":null,"last_edited_user":"DGALLOWAY","gc_exception":"","ADDRGUID":null,"RDNAME":"MERCER ST"}},{"type":"Feature","id":237944,"geometry":{"type":"Point","coordinates":[-75.0861190764903,40.1910241148805]},"properties":{"OBJECTID":237944,"Source":"","DateUpdate":"Tue, 12 Nov 2024 10:04:37 GMT","Effective":"Wed, 01 Jan 2020 00:00:01 GMT","Expire":"Sat, 01 Jan 2050 00:00:01 GMT","Site_NGUID":"SSAP23829313MERCERST@buckscounty.org","Country":"US","State":"PA","County":"Bucks County","AddCode":"","AddDataURI":"","Inc_Muni":"Warminster Township","Uninc_Comm":"","Nbrhd_Comm":"","AddNum_Pre":"","Add_Number":"13","AddNum_Suf":"","St_PreMod":"","St_PreDir":"","St_PreTyp":"","St_PreSep":"","St_Name":"MERCER","St_PosTyp":"STREET","St_PosDir":"","St_PosMod":"","Lst_PreDir":"","Lst_Name":"MERCER","Lst_Type":"ST","LstPosDir":"","ESN":"51","MSAGComm":"WARMINSTER TOWNSHIP","Post_Comm":"WARMINSTER","Post_Code":"18974","Post_Code4":"","Building":"","Floor":" ","Unit":" ","Room":"","Seat":" ","Addtl_Loc":" ","LandmkName":" ","Mile_Post":" ","Place_Type":" ","Placement":" ","Long":-75.08611732,"Lat":40.191016,"Elev":"0","ParcelID":"49-009-028-013","Full_Addr":"13 MERCER ST","Comment":" ","Purpose":null,"DiscrpAgID":"buckscounty.org","created_user":null,"created_date":null,"last_edited_user":"DGALLOWAY","gc_exception":"","ADDRGUID":null,"RDNAME":"MERCER ST"}},{"type":"Feature","id":237945,"geometry":{"type":"Point","coordinates":[-75.086100299503,40.1909769900314]},"properties":{"OBJECTID":237945,"Source":"","DateUpdate":"Tue, 12 Nov 2024 10:04:37 GMT","Effective":"Wed, 01 Jan 2020 00:00:01 GMT","Expire":"Sat, 01 Jan 2050 00:00:01 GMT","Site_NGUID":"SSAP23829415MERCERST@buckscounty.org","Country":"US","State":"PA","County":"Bucks County","AddCode":"","AddDataURI":"","Inc_Muni":"Warminster Township","Uninc_Comm":"","Nbrhd_Comm":"","AddNum_Pre":"","Add_Number":"15","AddNum_Suf":"","St_PreMod":"","St_PreDir":"","St_PreTyp":"","St_PreSep":"","St_Name":"MERCER","St_PosTyp":"STREET","St_PosDir":"","St_PosMod":"","Lst_PreDir":"","Lst_Name":"MERCER","Lst_Type":"ST","LstPosDir":"","ESN":"51","MSAGComm":"WARMINSTER TOWNSHIP","Post_Comm":"WARMINSTER","Post_Code":"18974","Post_Code4":"","Building":"","Floor":" ","Unit":" ","Room":"","Seat":" ","Addtl_Loc":" ","LandmkName":" ","Mile_Post":" ","Place_Type":" ","Placement":" ","Long":-75.08609854,"Lat":40.19096887,"Elev":"0","ParcelID":"49-009-028-013","Full_Addr":"15 MERCER ST","Comment":" ","Purpose":null,"DiscrpAgID":"buckscounty.org","created_user":null,"created_date":null,"last_edited_user":"DGALLOWAY","gc_exception":"","ADDRGUID":null,"RDNAME":"MERCER ST"}},{"type":"Feature","id":237946,"geometry":{"type":"Point","coordinates":[-75.086368522862,40.1915998632677]},"properties":{"OBJECTID":237946,"Source":"","DateUpdate":"Tue, 12 Nov 2024 10:04:37 GMT","Effective":"Wed, 01 Jan 2020 00:00:01 GMT","Expire":"Sat, 01 Jan 2050 00:00:01 GMT","Site_NGUID":"SSAP2382951MERCERST@buckscounty.org","Country":"US","State":"PA","County":"Bucks County","AddCode":"","AddDataURI":"","Inc_Muni":"Warminster Township","Uninc_Comm":"","Nbrhd_Comm":"","AddNum_Pre":"","Add_Number":"1","AddNum_Suf":"","St_PreMod":"","St_PreDir":"","St_PreTyp":"","St_PreSep":"","St_Name":"MERCER","St_PosTyp":"STREET","St_PosDir":"","St_PosMod":"","Lst_PreDir":"","Lst_Name":"MERCER","Lst_Type":"ST","LstPosDir":"","ESN":"51","MSAGComm":"WARMINSTER TOWNSHIP","Post_Comm":"WARMINSTER","Post_Code":"18974","Post_Code4":"","Building":"","Floor":" ","Unit":" ","Room":"","Seat":" ","Addtl_Loc":" ","LandmkName":" ","Mile_Post":" ","Place_Type":" ","Placement":" ","Long":-75.08636676,"Lat":40.19159175,"Elev":"0","ParcelID":"49-009-028-013","Full_Addr":"1 MERCER ST","Comment":" ","Purpose":null,"DiscrpAgID":"buckscounty.org","created_user":null,"created_date":null,"last_edited_user":"DGALLOWAY","gc_exception":"","ADDRGUID":null,"RDNAME":"MERCER ST"}},{"type":"Feature","id":237947,"geometry":{"type":"Point","coordinates":[-75.0863390186969,40.1915527380447]},"properties":{"OBJECTID":237947,"Source":"","DateUpdate":"Tue, 12 Nov 2024 10:04:37 GMT","Effective":"Wed, 01 Jan 2020 00:00:01 GMT","Expire":"Sat, 01 Jan 2050 00:00:01 GMT","Site_NGUID":"SSAP2382963MERCERST@buckscounty.org","Country":"US","State":"PA","County":"Bucks County","AddCode":"","AddDataURI":"","Inc_Muni":"Warminster Township","Uninc_Comm":"","Nbrhd_Comm":"","AddNum_Pre":"","Add_Number":"3","AddNum_Suf":"","St_PreMod":"","St_PreDir":"","St_PreTyp":"","St_PreSep":"","St_Name":"MERCER","St_PosTyp":"STREET","St_PosDir":"","St_PosMod":"","Lst_PreDir":"","Lst_Name":"MERCER","Lst_Type":"ST","LstPosDir":"","ESN":"51","MSAGComm":"WARMINSTER TOWNSHIP","Post_Comm":"WARMINSTER","Post_Code":"18974","Post_Code4":"","Building":"","Floor":" ","Unit":" ","Room":"","Seat":" ","Addtl_Loc":" ","LandmkName":" ","Mile_Post":" ","Place_Type":" ","Placement":" ","Long":-75.08633726,"Lat":40.19154462,"Elev":"0","ParcelID":"49-009-028-013","Full_Addr":"3 MERCER ST","Comment":" ","Purpose":null,"DiscrpAgID":"buckscounty.org","created_user":null,"created_date":null,"last_edited_user":"DGALLOWAY","gc_exception":"","ADDRGUID":null,"RDNAME":"MERCER ST"}},{"type":"Feature","id":237948,"geometry":{"type":"Point","coordinates":[-75.0863148782323,40.1915015156076]},"properties":{"OBJECTID":237948,"Source":"","DateUpdate":"Tue, 12 Nov 2024 10:04:37 GMT","Effective":"Wed, 01 Jan 2020 00:00:01 GMT","Expire":"Sat, 01 Jan 2050 00:00:01 GMT","Site_NGUID":"SSAP2382975MERCERST@buckscounty.org","Country":"US","State":"PA","County":"Bucks County","AddCode":"","AddDataURI":"","Inc_Muni":"Warminster Township","Uninc_Comm":"","Nbrhd_Comm":"","AddNum_Pre":"","Add_Number":"5","AddNum_Suf":"","St_PreMod":"","St_PreDir":"","St_PreTyp":"","St_PreSep":"","St_Name":"MERCER","St_PosTyp":"STREET","St_PosDir":"","St_PosMod":"","Lst_PreDir":"","Lst_Name":"MERCER","Lst_Type":"ST","LstPosDir":"","ESN":"51","MSAGComm":"WARMINSTER TOWNSHIP","Post_Comm":"WARMINSTER","Post_Code":"18974","Post_Code4":"","Building":"","Floor":" ","Unit":" ","Room":"","Seat":" ","Addtl_Loc":" ","LandmkName":" ","Mile_Post":" ","Place_Type":" ","Placement":" ","Long":-75.08631312,"Lat":40.1914934,"Elev":"0","ParcelID":"49-009-028-013","Full_Addr":"5 MERCER ST","Comment":" ","Purpose":null,"DiscrpAgID":"buckscounty.org","created_user":null,"created_date":null,"last_edited_user":"DGALLOWAY","gc_exception":"","ADDRGUID":null,"RDNAME":"MERCER ST"}},{"type":"Feature","id":237949,"geometry":{"type":"Point","coordinates":[-75.0862907380365,40.1914564390783]},"properties":{"OBJECTID":237949,"Source":"","DateUpdate":"Tue, 12 Nov 2024 10:04:37 GMT","Effective":"Wed, 01 Jan 2020 00:00:01 GMT","Expire":"Sat, 01 Jan 2050 00:00:01 GMT","Site_NGUID":"SSAP2382987MERCERST@buckscounty.org","Country":"US","State":"PA","County":"Bucks County","AddCode":"","AddDataURI":"","Inc_Muni":"Warminster Township","Uninc_Comm":"","Nbrhd_Comm":"","AddNum_Pre":"","Add_Number":"7","AddNum_Suf":"","St_PreMod":"","St_PreDir":"","St_PreTyp":"","St_PreSep":"","St_Name":"MERCER","St_PosTyp":"STREET","St_PosDir":"","St_PosMod":"","Lst_PreDir":"","Lst_Name":"MERCER","Lst_Type":"ST","LstPosDir":"","ESN":"51","MSAGComm":"WARMINSTER TOWNSHIP","Post_Comm":"WARMINSTER","Post_Code":"18974","Post_Code4":"","Building":"","Floor":" ","Unit":" ","Room":"","Seat":" ","Addtl_Loc":" ","LandmkName":" ","Mile_Post":" ","Place_Type":" ","Placement":" ","Long":-75.08628898,"Lat":40.19144832,"Elev":"0","ParcelID":"49-009-028-013","Full_Addr":"7 MERCER ST","Comment":" ","Purpose":null,"DiscrpAgID":"buckscounty.org","created_user":null,"created_date":null,"last_edited_user":"DGALLOWAY","gc_exception":"","ADDRGUID":null,"RDNAME":"MERCER ST"}},{"type":"Feature","id":237950,"geometry":{"type":"Point","coordinates":[-75.0859742371466,40.1906655510829]},"properties":{"OBJECTID":237950,"Source":"","DateUpdate":"Tue, 12 Nov 2024 10:04:37 GMT","Effective":"Wed, 01 Jan 2020 00:00:01 GMT","Expire":"Sat, 01 Jan 2050 00:00:01 GMT","Site_NGUID":"SSAP23829917MERCERST@buckscounty.org","Country":"US","State":"PA","County":"Bucks County","AddCode":"","AddDataURI":"","Inc_Muni":"Warminster Township","Uninc_Comm":"","Nbrhd_Comm":"","AddNum_Pre":"","Add_Number":"17","AddNum_Suf":"","St_PreMod":"","St_PreDir":"","St_PreTyp":"","St_PreSep":"","St_Name":"MERCER","St_PosTyp":"STREET","St_PosDir":"","St_PosMod":"","Lst_PreDir":"","Lst_Name":"MERCER","Lst_Type":"ST","LstPosDir":"","ESN":"51","MSAGComm":"WARMINSTER TOWNSHIP","Post_Comm":"WARMINSTER","Post_Code":"18974","Post_Code4":"","Building":"","Floor":" ","Unit":" ","Room":"","Seat":" ","Addtl_Loc":" ","LandmkName":" ","Mile_Post":" ","Place_Type":" ","Placement":" ","Long":-75.08597248,"Lat":40.19065744,"Elev":"0","ParcelID":"49-009-028-013","Full_Addr":"17 MERCER ST","Comment":" ","Purpose":null,"DiscrpAgID":"buckscounty.org","created_user":null,"created_date":null,"last_edited_user":"DGALLOWAY","gc_exception":"","ADDRGUID":null,"RDNAME":"MERCER ST"}},{"type":"Feature","id":237951,"geometry":{"type":"Point","coordinates":[-75.0859527795439,40.190614328467]},"properties":{"OBJECTID":237951,"Source":"","DateUpdate":"Tue, 12 Nov 2024 10:04:37 GMT","Effective":"Wed, 01 Jan 2020 00:00:01 GMT","Expire":"Sat, 01 Jan 2050 00:00:01 GMT","Site_NGUID":"SSAP23830019MERCERST@buckscounty.org","Country":"US","State":"PA","County":"Bucks County","AddCode":"","AddDataURI":"","Inc_Muni":"Warminster Township","Uninc_Comm":"","Nbrhd_Comm":"","AddNum_Pre":"","Add_Number":"19","AddNum_Suf":"","St_PreMod":"","St_PreDir":"","St_PreTyp":"","St_PreSep":"","St_Name":"MERCER","St_PosTyp":"STREET","St_PosDir":"","St_PosMod":"","Lst_PreDir":"","Lst_Name":"MERCER","Lst_Type":"ST","LstPosDir":"","ESN":"51","MSAGComm":"WARMINSTER TOWNSHIP","Post_Comm":"WARMINSTER","Post_Code":"18974","Post_Code4":"","Building":"","Floor":" ","Unit":" ","Room":"","Seat":" ","Addtl_Loc":" ","LandmkName":" ","Mile_Post":" ","Place_Type":" ","Placement":" ","Long":-75.08595102,"Lat":40.19060621,"Elev":"0","ParcelID":"49-009-028-013","Full_Addr":"19 MERCER ST","Comment":" ","Purpose":null,"DiscrpAgID":"buckscounty.org","created_user":null,"created_date":null,"last_edited_user":"DGALLOWAY","gc_exception":"","ADDRGUID":null,"RDNAME":"MERCER ST"}},{"type":"Feature","id":237952,"geometry":{"type":"Point","coordinates":[-75.0859313210348,40.1905692508331]},"properties":{"OBJECTID":237952,"Source":"","DateUpdate":"Tue, 12 Nov 2024 10:04:37 GMT","Effective":"Wed, 01 Jan 2020 00:00:01 GMT","Expire":"Sat, 01 Jan 2050 00:00:01 GMT","Site_NGUID":"SSAP23830121MERCERST@buckscounty.org","Country":"US","State":"PA","County":"Bucks County","AddCode":"","AddDataURI":"","Inc_Muni":"Warminster Township","Uninc_Comm":"","Nbrhd_Comm":"","AddNum_Pre":"","Add_Number":"21","AddNum_Suf":"","St_PreMod":"","St_PreDir":"","St_PreTyp":"","St_PreSep":"","St_Name":"MERCER","St_PosTyp":"STREET","St_PosDir":"","St_PosMod":"","Lst_PreDir":"","Lst_Name":"MERCER","Lst_Type":"ST","LstPosDir":"","ESN":"51","MSAGComm":"WARMINSTER TOWNSHIP","Post_Comm":"WARMINSTER","Post_Code":"18974","Post_Code4":"","Building":"","Floor":" ","Unit":" ","Room":"","Seat":" ","Addtl_Loc":" ","LandmkName":" ","Mile_Post":" ","Place_Type":" ","Placement":" ","Long":-75.08592956,"Lat":40.19056114,"Elev":"0","ParcelID":"49-009-028-013","Full_Addr":"21 MERCER ST","Comment":" ","Purpose":null,"DiscrpAgID":"buckscounty.org","created_user":null,"created_date":null,"last_edited_user":"DGALLOWAY","gc_exception":"","ADDRGUID":null,"RDNAME":"MERCER ST"}},{"type":"Feature","id":237953,"geometry":{"type":"Point","coordinates":[-75.0859098655242,40.19052212703]},"properties":{"OBJECTID":237953,"Source":"","DateUpdate":"Tue, 12 Nov 2024 10:04:37 GMT","Effective":"Wed, 01 Jan 2020 00:00:01 GMT","Expire":"Sat, 01 Jan 2050 00:00:01 GMT","Site_NGUID":"SSAP23830223MERCERST@buckscounty.org","Country":"US","State":"PA","County":"Bucks County","AddCode":"","AddDataURI":"","Inc_Muni":"Warminster Township","Uninc_Comm":"","Nbrhd_Comm":"","AddNum_Pre":"","Add_Number":"23","AddNum_Suf":"","St_PreMod":"","St_PreDir":"","St_PreTyp":"","St_PreSep":"","St_Name":"MERCER","St_PosTyp":"STREET","St_PosDir":"","St_PosMod":"","Lst_PreDir":"","Lst_Name":"MERCER","Lst_Type":"ST","LstPosDir":"","ESN":"51","MSAGComm":"WARMINSTER TOWNSHIP","Post_Comm":"WARMINSTER","Post_Code":"18974","Post_Code4":"","Building":"","Floor":" ","Unit":" ","Room":"","Seat":" ","Addtl_Loc":" ","LandmkName":" ","Mile_Post":" ","Place_Type":" ","Placement":" ","Long":-75.0859081,"Lat":40.19051401,"Elev":"0","ParcelID":"49-009-028-013","Full_Addr":"23 MERCER ST","Comment":" ","Purpose":null,"DiscrpAgID":"buckscounty.org","created_user":null,"created_date":null,"last_edited_user":"DGALLOWAY","gc_exception":"","ADDRGUID":null,"RDNAME":"MERCER ST"}},{"type":"Feature","id":237954,"geometry":{"type":"Point","coordinates":[-75.0856791929559,40.1902455170102]},"properties":{"OBJECTID":237954,"Source":"","DateUpdate":"Tue, 12 Nov 2024 10:04:37 GMT","Effective":"Wed, 01 Jan 2020 00:00:01 GMT","Expire":"Sat, 01 Jan 2050 00:00:01 GMT","Site_NGUID":"SSAP2383032DEANST@buckscounty.org","Country":"US","State":"PA","County":"Bucks County","AddCode":"","AddDataURI":"","Inc_Muni":"Warminster Township","Uninc_Comm":"","Nbrhd_Comm":"","AddNum_Pre":"","Add_Number":"2","AddNum_Suf":"","St_PreMod":"","St_PreDir":"","St_PreTyp":"","St_PreSep":"","St_Name":"DEAN","St_PosTyp":"STREET","St_PosDir":"","St_PosMod":"","Lst_PreDir":"","Lst_Name":"DEAN","Lst_Type":"ST","LstPosDir":"","ESN":"51","MSAGComm":"WARMINSTER TOWNSHIP","Post_Comm":"WARMINSTER","Post_Code":"18974","Post_Code4":"","Building":"","Floor":" ","Unit":" ","Room":"","Seat":" ","Addtl_Loc":" ","LandmkName":" ","Mile_Post":" ","Place_Type":" ","Placement":" ","Long":-75.08567743,"Lat":40.1902374,"Elev":"0","ParcelID":"49-009-028-013","Full_Addr":"2 DEAN ST","Comment":" ","Purpose":null,"DiscrpAgID":"buckscounty.org","created_user":null,"created_date":null,"last_edited_user":"DGALLOWAY","gc_exception":"","ADDRGUID":null,"RDNAME":"DEAN ST"}},{"type":"Feature","id":237955,"geometry":{"type":"Point","coordinates":[-75.0856175042142,40.1902598599317]},"properties":{"OBJECTID":237955,"Source":"","DateUpdate":"Tue, 12 Nov 2024 10:04:37 GMT","Effective":"Wed, 01 Jan 2020 00:00:01 GMT","Expire":"Sat, 01 Jan 2050 00:00:01 GMT","Site_NGUID":"SSAP2383044DEANST@buckscounty.org","Country":"US","State":"PA","County":"Bucks County","AddCode":"","AddDataURI":"","Inc_Muni":"Warminster Township","Uninc_Comm":"","Nbrhd_Comm":"","AddNum_Pre":"","Add_Number":"4","AddNum_Suf":"","St_PreMod":"","St_PreDir":"","St_PreTyp":"","St_PreSep":"","St_Name":"DEAN","St_PosTyp":"STREET","St_PosDir":"","St_PosMod":"","Lst_PreDir":"","Lst_Name":"DEAN","Lst_Type":"ST","LstPosDir":"","ESN":"51","MSAGComm":"WARMINSTER TOWNSHIP","Post_Comm":"WARMINSTER","Post_Code":"18974","Post_Code4":"","Building":"","Floor":" ","Unit":" ","Room":"","Seat":" ","Addtl_Loc":" ","LandmkName":" ","Mile_Post":" ","Place_Type":" ","Placement":" ","Long":-75.08561574,"Lat":40.19025174,"Elev":"0","ParcelID":"49-009-028-013","Full_Addr":"4 DEAN ST","Comment":" ","Purpose":null,"DiscrpAgID":"buckscounty.org","created_user":null,"created_date":null,"last_edited_user":"DGALLOWAY","gc_exception":"","ADDRGUID":null,"RDNAME":"DEAN ST"}},{"type":"Feature","id":237956,"geometry":{"type":"Point","coordinates":[-75.0855504475774,40.1902803488298]},"properties":{"OBJECTID":237956,"Source":"","DateUpdate":"Tue, 12 Nov 2024 10:04:37 GMT","Effective":"Wed, 01 Jan 2020 00:00:01 GMT","Expire":"Sat, 01 Jan 2050 00:00:01 GMT","Site_NGUID":"SSAP2383056DEANST@buckscounty.org","Country":"US","State":"PA","County":"Bucks County","AddCode":"","AddDataURI":"","Inc_Muni":"Warminster Township","Uninc_Comm":"","Nbrhd_Comm":"","AddNum_Pre":"","Add_Number":"6","AddNum_Suf":"","St_PreMod":"","St_PreDir":"","St_PreTyp":"","St_PreSep":"","St_Name":"DEAN","St_PosTyp":"STREET","St_PosDir":"","St_PosMod":"","Lst_PreDir":"","Lst_Name":"DEAN","Lst_Type":"ST","LstPosDir":"","ESN":"51","MSAGComm":"WARMINSTER TOWNSHIP","Post_Comm":"WARMINSTER","Post_Code":"18974","Post_Code4":"","Building":"","Floor":" ","Unit":" ","Room":"","Seat":" ","Addtl_Loc":" ","LandmkName":" ","Mile_Post":" ","Place_Type":" ","Placement":" ","Long":-75.08554869,"Lat":40.19027223,"Elev":"0","ParcelID":"49-009-028-013","Full_Addr":"6 DEAN ST","Comment":" ","Purpose":null,"DiscrpAgID":"buckscounty.org","created_user":null,"created_date":null,"last_edited_user":"DGALLOWAY","gc_exception":"","ADDRGUID":null,"RDNAME":"DEAN ST"}},{"type":"Feature","id":237957,"geometry":{"type":"Point","coordinates":[-75.0854914379096,40.1902967413607]},"properties":{"OBJECTID":237957,"Source":"","DateUpdate":"Tue, 12 Nov 2024 10:04:37 GMT","Effective":"Wed, 01 Jan 2020 00:00:01 GMT","Expire":"Sat, 01 Jan 2050 00:00:01 GMT","Site_NGUID":"SSAP2383068DEANST@buckscounty.org","Country":"US","State":"PA","County":"Bucks County","AddCode":"","AddDataURI":"","Inc_Muni":"Warminster Township","Uninc_Comm":"","Nbrhd_Comm":"","AddNum_Pre":"","Add_Number":"8","AddNum_Suf":"","St_PreMod":"","St_PreDir":"","St_PreTyp":"","St_PreSep":"","St_Name":"DEAN","St_PosTyp":"STREET","St_PosDir":"","St_PosMod":"","Lst_PreDir":"","Lst_Name":"DEAN","Lst_Type":"ST","LstPosDir":"","ESN":"51","MSAGComm":"WARMINSTER TOWNSHIP","Post_Comm":"WARMINSTER","Post_Code":"18974","Post_Code4":"","Building":"","Floor":" ","Unit":" ","Room":"","Seat":" ","Addtl_Loc":" ","LandmkName":" ","Mile_Post":" ","Place_Type":" ","Placement":" ","Long":-75.08548968,"Lat":40.19028863,"Elev":"0","ParcelID":"49-009-028-013","Full_Addr":"8 DEAN ST","Comment":" ","Purpose":null,"DiscrpAgID":"buckscounty.org","created_user":null,"created_date":null,"last_edited_user":"DGALLOWAY","gc_exception":"","ADDRGUID":null,"RDNAME":"DEAN ST"}},{"type":"Feature","id":237958,"geometry":{"type":"Point","coordinates":[-75.0868928937564,40.1892548391249]},"properties":{"OBJECTID":237958,"Source":"","DateUpdate":"Tue, 12 Nov 2024 10:04:37 GMT","Effective":"Wed, 01 Jan 2020 00:00:01 GMT","Expire":"Sat, 01 Jan 2050 00:00:01 GMT","Site_NGUID":"SSAP2383079VANHORNDR@buckscounty.org","Country":"US","State":"PA","County":"Bucks County","AddCode":"","AddDataURI":"","Inc_Muni":"Warminster Township","Uninc_Comm":"","Nbrhd_Comm":"","AddNum_Pre":"","Add_Number":"9","AddNum_Suf":"","St_PreMod":"","St_PreDir":"","St_PreTyp":"","St_PreSep":"","St_Name":"VAN HORN","St_PosTyp":"DRIVE","St_PosDir":"","St_PosMod":"","Lst_PreDir":"","Lst_Name":"VAN HORN","Lst_Type":"DR","LstPosDir":"","ESN":"51","MSAGComm":"WARMINSTER TOWNSHIP","Post_Comm":"WARMINSTER","Post_Code":"18974","Post_Code4":"","Building":"","Floor":" ","Unit":" ","Room":"","Seat":" ","Addtl_Loc":" ","LandmkName":" ","Mile_Post":" ","Place_Type":" ","Placement":" ","Long":-75.08689113,"Lat":40.18924672,"Elev":"0","ParcelID":"49-009-028-013","Full_Addr":"9 VAN HORN DR","Comment":" ","Purpose":null,"DiscrpAgID":"buckscounty.org","created_user":null,"created_date":null,"last_edited_user":"DGALLOWAY","gc_exception":"","ADDRGUID":null,"RDNAME":"VAN HORN DR"}},{"type":"Feature","id":237959,"geometry":{"type":"Point","coordinates":[-75.0868392502451,40.1891739049432]},"properties":{"OBJECTID":237959,"Source":"","DateUpdate":"Tue, 12 Nov 2024 10:04:37 GMT","Effective":"Wed, 01 Jan 2020 00:00:01 GMT","Expire":"Sat, 01 Jan 2050 00:00:01 GMT","Site_NGUID":"SSAP23830813VANHORNDR@buckscounty.org","Country":"US","State":"PA","County":"Bucks County","AddCode":"","AddDataURI":"","Inc_Muni":"Warminster Township","Uninc_Comm":"","Nbrhd_Comm":"","AddNum_Pre":"","Add_Number":"13","AddNum_Suf":"","St_PreMod":"","St_PreDir":"","St_PreTyp":"","St_PreSep":"","St_Name":"VAN HORN","St_PosTyp":"DRIVE","St_PosDir":"","St_PosMod":"","Lst_PreDir":"","Lst_Name":"VAN HORN","Lst_Type":"DR","LstPosDir":"","ESN":"51","MSAGComm":"WARMINSTER TOWNSHIP","Post_Comm":"WARMINSTER","Post_Code":"18974","Post_Code4":"","Building":"","Floor":" ","Unit":" ","Room":"","Seat":" ","Addtl_Loc":" ","LandmkName":" ","Mile_Post":" ","Place_Type":" ","Placement":" ","Long":-75.08683749,"Lat":40.18916579,"Elev":"0","ParcelID":"49-009-028-013","Full_Addr":"13 VAN HORN DR","Comment":" ","Purpose":null,"DiscrpAgID":"buckscounty.org","created_user":null,"created_date":null,"last_edited_user":"DGALLOWAY","gc_exception":"","ADDRGUID":null,"RDNAME":"VAN HORN DR"}},{"type":"Feature","id":237960,"geometry":{"type":"Point","coordinates":[-75.0867775583079,40.1890919447732]},"properties":{"OBJECTID":237960,"Source":"","DateUpdate":"Tue, 12 Nov 2024 10:04:37 GMT","Effective":"Wed, 01 Jan 2020 00:00:01 GMT","Expire":"Sat, 01 Jan 2050 00:00:01 GMT","Site_NGUID":"SSAP23830915VANHORNDR@buckscounty.org","Country":"US","State":"PA","County":"Bucks County","AddCode":"","AddDataURI":"","Inc_Muni":"Warminster Township","Uninc_Comm":"","Nbrhd_Comm":"","AddNum_Pre":"","Add_Number":"15","AddNum_Suf":"","St_PreMod":"","St_PreDir":"","St_PreTyp":"","St_PreSep":"","St_Name":"VAN HORN","St_PosTyp":"DRIVE","St_PosDir":"","St_PosMod":"","Lst_PreDir":"","Lst_Name":"VAN HORN","Lst_Type":"DR","LstPosDir":"","ESN":"51","MSAGComm":"WARMINSTER TOWNSHIP","Post_Comm":"WARMINSTER","Post_Code":"18974","Post_Code4":"","Building":"","Floor":" ","Unit":" ","Room":"","Seat":" ","Addtl_Loc":" ","LandmkName":" ","Mile_Post":" ","Place_Type":" ","Placement":" ","Long":-75.0867758,"Lat":40.18908383,"Elev":"0","ParcelID":"49-009-028-013","Full_Addr":"15 VAN HORN DR","Comment":" ","Purpose":null,"DiscrpAgID":"buckscounty.org","created_user":null,"created_date":null,"last_edited_user":"DGALLOWAY","gc_exception":"","ADDRGUID":null,"RDNAME":"VAN HORN DR"}},{"type":"Feature","id":237961,"geometry":{"type":"Point","coordinates":[-75.0856483463211,40.1877831474487]},"properties":{"OBJECTID":237961,"Source":"","DateUpdate":"Tue, 12 Nov 2024 10:04:37 GMT","Effective":"Wed, 01 Jan 2020 00:00:01 GMT","Expire":"Sat, 01 Jan 2050 00:00:01 GMT","Site_NGUID":"SSAP23831024VANHORNDR@buckscounty.org","Country":"US","State":"PA","County":"Bucks County","AddCode":"","AddDataURI":"","Inc_Muni":"Warminster Township","Uninc_Comm":"","Nbrhd_Comm":"","AddNum_Pre":"","Add_Number":"24","AddNum_Suf":"","St_PreMod":"","St_PreDir":"","St_PreTyp":"","St_PreSep":"","St_Name":"VAN HORN","St_PosTyp":"DRIVE","St_PosDir":"","St_PosMod":"","Lst_PreDir":"","Lst_Name":"VAN HORN","Lst_Type":"DR","LstPosDir":"","ESN":"51","MSAGComm":"WARMINSTER TOWNSHIP","Post_Comm":"WARMINSTER","Post_Code":"18974","Post_Code4":"","Building":"","Floor":" ","Unit":" ","Room":"","Seat":" ","Addtl_Loc":" ","LandmkName":" ","Mile_Post":" ","Place_Type":" ","Placement":" ","Long":-75.08564659,"Lat":40.18777503,"Elev":"0","ParcelID":"49-009-028-009","Full_Addr":"24 VAN HORN DR","Comment":" ","Purpose":null,"DiscrpAgID":"buckscounty.org","created_user":null,"created_date":null,"last_edited_user":"DGALLOWAY","gc_exception":"","ADDRGUID":null,"RDNAME":"VAN HORN DR"}},{"type":"Feature","id":237962,"geometry":{"type":"Point","coordinates":[-75.0856161604889,40.1877278245239]},"properties":{"OBJECTID":237962,"Source":"","DateUpdate":"Tue, 12 Nov 2024 10:04:37 GMT","Effective":"Wed, 01 Jan 2020 00:00:01 GMT","Expire":"Sat, 01 Jan 2050 00:00:01 GMT","Site_NGUID":"SSAP23831126VANHORNDR@buckscounty.org","Country":"US","State":"PA","County":"Bucks County","AddCode":"","AddDataURI":"","Inc_Muni":"Warminster Township","Uninc_Comm":"","Nbrhd_Comm":"","AddNum_Pre":"","Add_Number":"26","AddNum_Suf":"","St_PreMod":"","St_PreDir":"","St_PreTyp":"","St_PreSep":"","St_Name":"VAN HORN","St_PosTyp":"DRIVE","St_PosDir":"","St_PosMod":"","Lst_PreDir":"","Lst_Name":"VAN HORN","Lst_Type":"DR","LstPosDir":"","ESN":"51","MSAGComm":"WARMINSTER TOWNSHIP","Post_Comm":"WARMINSTER","Post_Code":"18974","Post_Code4":"","Building":"","Floor":" ","Unit":" ","Room":"","Seat":" ","Addtl_Loc":" ","LandmkName":" ","Mile_Post":" ","Place_Type":" ","Placement":" ","Long":-75.0856144,"Lat":40.18771971,"Elev":"0","ParcelID":"49-009-028-009","Full_Addr":"26 VAN HORN DR","Comment":" ","Purpose":null,"DiscrpAgID":"buckscounty.org","created_user":null,"created_date":null,"last_edited_user":"DGALLOWAY","gc_exception":"","ADDRGUID":null,"RDNAME":"VAN HORN DR"}},{"type":"Feature","id":237963,"geometry":{"type":"Point","coordinates":[-75.0855920228495,40.1876745484954]},"properties":{"OBJECTID":237963,"Source":"","DateUpdate":"Tue, 12 Nov 2024 10:04:37 GMT","Effective":"Wed, 01 Jan 2020 00:00:01 GMT","Expire":"Sat, 01 Jan 2050 00:00:01 GMT","Site_NGUID":"SSAP23831228VANHORNDR@buckscounty.org","Country":"US","State":"PA","County":"Bucks County","AddCode":"","AddDataURI":"","Inc_Muni":"Warminster Township","Uninc_Comm":"","Nbrhd_Comm":"","AddNum_Pre":"","Add_Number":"28","AddNum_Suf":"","St_PreMod":"","St_PreDir":"","St_PreTyp":"","St_PreSep":"","St_Name":"VAN HORN","St_PosTyp":"DRIVE","St_PosDir":"","St_PosMod":"","Lst_PreDir":"","Lst_Name":"VAN HORN","Lst_Type":"DR","LstPosDir":"","ESN":"51","MSAGComm":"WARMINSTER TOWNSHIP","Post_Comm":"WARMINSTER","Post_Code":"18974","Post_Code4":"","Building":"","Floor":" ","Unit":" ","Room":"","Seat":" ","Addtl_Loc":" ","LandmkName":" ","Mile_Post":" ","Place_Type":" ","Placement":" ","Long":-75.08559026,"Lat":40.18766643,"Elev":"0","ParcelID":"49-009-028-009","Full_Addr":"28 VAN HORN DR","Comment":" ","Purpose":null,"DiscrpAgID":"buckscounty.org","created_user":null,"created_date":null,"last_edited_user":"DGALLOWAY","gc_exception":"","ADDRGUID":null,"RDNAME":"VAN HORN DR"}},{"type":"Feature","id":237964,"geometry":{"type":"Point","coordinates":[-75.0855625170138,40.1876253731267]},"properties":{"OBJECTID":237964,"Source":"","DateUpdate":"Tue, 12 Nov 2024 10:04:37 GMT","Effective":"Wed, 01 Jan 2020 00:00:01 GMT","Expire":"Sat, 01 Jan 2050 00:00:01 GMT","Site_NGUID":"SSAP23831330VANHORNDR@buckscounty.org","Country":"US","State":"PA","County":"Bucks County","AddCode":"","AddDataURI":"","Inc_Muni":"Warminster Township","Uninc_Comm":"","Nbrhd_Comm":"","AddNum_Pre":"","Add_Number":"30","AddNum_Suf":"","St_PreMod":"","St_PreDir":"","St_PreTyp":"","St_PreSep":"","St_Name":"VAN HORN","St_PosTyp":"DRIVE","St_PosDir":"","St_PosMod":"","Lst_PreDir":"","Lst_Name":"VAN HORN","Lst_Type":"DR","LstPosDir":"","ESN":"51","MSAGComm":"WARMINSTER TOWNSHIP","Post_Comm":"WARMINSTER","Post_Code":"18974","Post_Code4":"","Building":"","Floor":" ","Unit":" ","Room":"","Seat":" ","Addtl_Loc":" ","LandmkName":" ","Mile_Post":" ","Place_Type":" ","Placement":" ","Long":-75.08556076,"Lat":40.18761726,"Elev":"0","ParcelID":"49-009-028-009","Full_Addr":"30 VAN HORN DR","Comment":" ","Purpose":null,"DiscrpAgID":"buckscounty.org","created_user":null,"created_date":null,"last_edited_user":"DGALLOWAY","gc_exception":"","ADDRGUID":null,"RDNAME":"VAN HORN DR"}},{"type":"Feature","id":237965,"geometry":{"type":"Point","coordinates":[-75.0854793682692,40.1874184195986]},"properties":{"OBJECTID":237965,"Source":"","DateUpdate":"Tue, 12 Nov 2024 10:04:37 GMT","Effective":"Wed, 01 Jan 2020 00:00:01 GMT","Expire":"Sat, 01 Jan 2050 00:00:01 GMT","Site_NGUID":"SSAP23831432VANHORNDR@buckscounty.org","Country":"US","State":"PA","County":"Bucks County","AddCode":"","AddDataURI":"","Inc_Muni":"Warminster Township","Uninc_Comm":"","Nbrhd_Comm":"","AddNum_Pre":"","Add_Number":"32","AddNum_Suf":"","St_PreMod":"","St_PreDir":"","St_PreTyp":"","St_PreSep":"","St_Name":"VAN HORN","St_PosTyp":"DRIVE","St_PosDir":"","St_PosMod":"","Lst_PreDir":"","Lst_Name":"VAN HORN","Lst_Type":"DR","LstPosDir":"","ESN":"51","MSAGComm":"WARMINSTER TOWNSHIP","Post_Comm":"WARMINSTER","Post_Code":"18974","Post_Code4":"","Building":"","Floor":" ","Unit":" ","Room":"","Seat":" ","Addtl_Loc":" ","LandmkName":" ","Mile_Post":" ","Place_Type":" ","Placement":" ","Long":-75.08547761,"Lat":40.18741031,"Elev":"0","ParcelID":"49-009-028-009","Full_Addr":"32 VAN HORN DR","Comment":" ","Purpose":null,"DiscrpAgID":"buckscounty.org","created_user":null,"created_date":null,"last_edited_user":"DGALLOWAY","gc_exception":"","ADDRGUID":null,"RDNAME":"VAN HORN DR"}},{"type":"Feature","id":237966,"geometry":{"type":"Point","coordinates":[-75.0854525464443,40.1873712912879]},"properties":{"OBJECTID":237966,"Source":"","DateUpdate":"Tue, 12 Nov 2024 10:04:37 GMT","Effective":"Wed, 01 Jan 2020 00:00:01 GMT","Expire":"Sat, 01 Jan 2050 00:00:01 GMT","Site_NGUID":"SSAP23831534VANHORNDR@buckscounty.org","Country":"US","State":"PA","County":"Bucks County","AddCode":"","AddDataURI":"","Inc_Muni":"Warminster Township","Uninc_Comm":"","Nbrhd_Comm":"","AddNum_Pre":"","Add_Number":"34","AddNum_Suf":"","St_PreMod":"","St_PreDir":"","St_PreTyp":"","St_PreSep":"","St_Name":"VAN HORN","St_PosTyp":"DRIVE","St_PosDir":"","St_PosMod":"","Lst_PreDir":"","Lst_Name":"VAN HORN","Lst_Type":"DR","LstPosDir":"","ESN":"51","MSAGComm":"WARMINSTER TOWNSHIP","Post_Comm":"WARMINSTER","Post_Code":"18974","Post_Code4":"","Building":"","Floor":" ","Unit":" ","Room":"","Seat":" ","Addtl_Loc":" ","LandmkName":" ","Mile_Post":" ","Place_Type":" ","Placement":" ","Long":-75.08545079,"Lat":40.18736318,"Elev":"0","ParcelID":"49-009-028-009","Full_Addr":"34 VAN HORN DR","Comment":" ","Purpose":null,"DiscrpAgID":"buckscounty.org","created_user":null,"created_date":null,"last_edited_user":"DGALLOWAY","gc_exception":"","ADDRGUID":null,"RDNAME":"VAN HORN DR"}},{"type":"Feature","id":237967,"geometry":{"type":"Point","coordinates":[-75.08542840633,40.1873221148374]},"properties":{"OBJECTID":237967,"Source":"","DateUpdate":"Tue, 12 Nov 2024 10:04:37 GMT","Effective":"Wed, 01 Jan 2020 00:00:01 GMT","Expire":"Sat, 01 Jan 2050 00:00:01 GMT","Site_NGUID":"SSAP23831636VANHORNDR@buckscounty.org","Country":"US","State":"PA","County":"Bucks County","AddCode":"","AddDataURI":"","Inc_Muni":"Warminster Township","Uninc_Comm":"","Nbrhd_Comm":"","AddNum_Pre":"","Add_Number":"36","AddNum_Suf":"","St_PreMod":"","St_PreDir":"","St_PreTyp":"","St_PreSep":"","St_Name":"VAN HORN","St_PosTyp":"DRIVE","St_PosDir":"","St_PosMod":"","Lst_PreDir":"","Lst_Name":"VAN HORN","Lst_Type":"DR","LstPosDir":"","ESN":"51","MSAGComm":"WARMINSTER TOWNSHIP","Post_Comm":"WARMINSTER","Post_Code":"18974","Post_Code4":"","Building":"","Floor":" ","Unit":" ","Room":"","Seat":" ","Addtl_Loc":" ","LandmkName":" ","Mile_Post":" ","Place_Type":" ","Placement":" ","Long":-75.08542665,"Lat":40.187314,"Elev":"0","ParcelID":"49-009-028-009","Full_Addr":"36 VAN HORN DR","Comment":" ","Purpose":null,"DiscrpAgID":"buckscounty.org","created_user":null,"created_date":null,"last_edited_user":"DGALLOWAY","gc_exception":"","ADDRGUID":null,"RDNAME":"VAN HORN DR"}},{"type":"Feature","id":237968,"geometry":{"type":"Point","coordinates":[-75.0854042651125,40.1872729374543]},"properties":{"OBJECTID":237968,"Source":"","DateUpdate":"Tue, 12 Nov 2024 10:04:37 GMT","Effective":"Wed, 01 Jan 2020 00:00:01 GMT","Expire":"Sat, 01 Jan 2050 00:00:01 GMT","Site_NGUID":"SSAP23831738VANHORNDR@buckscounty.org","Country":"US","State":"PA","County":"Bucks County","AddCode":"","AddDataURI":"","Inc_Muni":"Warminster Township","Uninc_Comm":"","Nbrhd_Comm":"","AddNum_Pre":"","Add_Number":"38","AddNum_Suf":"","St_PreMod":"","St_PreDir":"","St_PreTyp":"","St_PreSep":"","St_Name":"VAN HORN","St_PosTyp":"DRIVE","St_PosDir":"","St_PosMod":"","Lst_PreDir":"","Lst_Name":"VAN HORN","Lst_Type":"DR","LstPosDir":"","ESN":"51","MSAGComm":"WARMINSTER TOWNSHIP","Post_Comm":"WARMINSTER","Post_Code":"18974","Post_Code4":"","Building":"","Floor":" ","Unit":" ","Room":"","Seat":" ","Addtl_Loc":" ","LandmkName":" ","Mile_Post":" ","Place_Type":" ","Placement":" ","Long":-75.0854025,"Lat":40.18726482,"Elev":"0","ParcelID":"49-009-028-009","Full_Addr":"38 VAN HORN DR","Comment":" ","Purpose":null,"DiscrpAgID":"buckscounty.org","created_user":null,"created_date":null,"last_edited_user":"DGALLOWAY","gc_exception":"","ADDRGUID":null,"RDNAME":"VAN HORN DR"}},{"type":"Feature","id":237969,"geometry":{"type":"Point","coordinates":[-75.0853184375023,40.1870659839428]},"properties":{"OBJECTID":237969,"Source":"","DateUpdate":"Tue, 12 Nov 2024 10:04:37 GMT","Effective":"Wed, 01 Jan 2020 00:00:01 GMT","Expire":"Sat, 01 Jan 2050 00:00:01 GMT","Site_NGUID":"SSAP23831840VANHORNDR@buckscounty.org","Country":"US","State":"PA","County":"Bucks County","AddCode":"","AddDataURI":"","Inc_Muni":"Warminster Township","Uninc_Comm":"","Nbrhd_Comm":"","AddNum_Pre":"","Add_Number":"40","AddNum_Suf":"","St_PreMod":"","St_PreDir":"","St_PreTyp":"","St_PreSep":"","St_Name":"VAN HORN","St_PosTyp":"DRIVE","St_PosDir":"","St_PosMod":"","Lst_PreDir":"","Lst_Name":"VAN HORN","Lst_Type":"DR","LstPosDir":"","ESN":"51","MSAGComm":"WARMINSTER TOWNSHIP","Post_Comm":"WARMINSTER","Post_Code":"18974","Post_Code4":"","Building":"","Floor":" ","Unit":" ","Room":"","Seat":" ","Addtl_Loc":" ","LandmkName":" ","Mile_Post":" ","Place_Type":" ","Placement":" ","Long":-75.08531668,"Lat":40.18705787,"Elev":"0","ParcelID":"49-009-028-009","Full_Addr":"40 VAN HORN DR","Comment":" ","Purpose":null,"DiscrpAgID":"buckscounty.org","created_user":null,"created_date":null,"last_edited_user":"DGALLOWAY","gc_exception":"","ADDRGUID":null,"RDNAME":"VAN HORN DR"}},{"type":"Feature","id":237970,"geometry":{"type":"Point","coordinates":[-75.0852835688751,40.1869983646451]},"properties":{"OBJECTID":237970,"Source":"","DateUpdate":"Tue, 12 Nov 2024 10:04:37 GMT","Effective":"Wed, 01 Jan 2020 00:00:01 GMT","Expire":"Sat, 01 Jan 2050 00:00:01 GMT","Site_NGUID":"SSAP23831942VANHORNDR@buckscounty.org","Country":"US","State":"PA","County":"Bucks County","AddCode":"","AddDataURI":"","Inc_Muni":"Warminster Township","Uninc_Comm":"","Nbrhd_Comm":"","AddNum_Pre":"","Add_Number":"42","AddNum_Suf":"","St_PreMod":"","St_PreDir":"","St_PreTyp":"","St_PreSep":"","St_Name":"VAN HORN","St_PosTyp":"DRIVE","St_PosDir":"","St_PosMod":"","Lst_PreDir":"","Lst_Name":"VAN HORN","Lst_Type":"DR","LstPosDir":"","ESN":"51","MSAGComm":"WARMINSTER TOWNSHIP","Post_Comm":"WARMINSTER","Post_Code":"18974","Post_Code4":"","Building":"","Floor":" ","Unit":" ","Room":"","Seat":" ","Addtl_Loc":" ","LandmkName":" ","Mile_Post":" ","Place_Type":" ","Placement":" ","Long":-75.08528181,"Lat":40.18699025,"Elev":"0","ParcelID":"49-009-028-009","Full_Addr":"42 VAN HORN DR","Comment":" ","Purpose":null,"DiscrpAgID":"buckscounty.org","created_user":null,"created_date":null,"last_edited_user":"DGALLOWAY","gc_exception":"","ADDRGUID":null,"RDNAME":"VAN HORN DR"}},{"type":"Feature","id":237971,"geometry":{"type":"Point","coordinates":[-75.0852513828667,40.1869327942025]},"properties":{"OBJECTID":237971,"Source":"","DateUpdate":"Tue, 12 Nov 2024 10:04:37 GMT","Effective":"Wed, 01 Jan 2020 00:00:01 GMT","Expire":"Sat, 01 Jan 2050 00:00:01 GMT","Site_NGUID":"SSAP23832044VANHORNDR@buckscounty.org","Country":"US","State":"PA","County":"Bucks County","AddCode":"","AddDataURI":"","Inc_Muni":"Warminster Township","Uninc_Comm":"","Nbrhd_Comm":"","AddNum_Pre":"","Add_Number":"44","AddNum_Suf":"","St_PreMod":"","St_PreDir":"","St_PreTyp":"","St_PreSep":"","St_Name":"VAN HORN","St_PosTyp":"DRIVE","St_PosDir":"","St_PosMod":"","Lst_PreDir":"","Lst_Name":"VAN HORN","Lst_Type":"DR","LstPosDir":"","ESN":"51","MSAGComm":"WARMINSTER TOWNSHIP","Post_Comm":"WARMINSTER","Post_Code":"18974","Post_Code4":"","Building":"","Floor":" ","Unit":" ","Room":"","Seat":" ","Addtl_Loc":" ","LandmkName":" ","Mile_Post":" ","Place_Type":" ","Placement":" ","Long":-75.08524962,"Lat":40.18692468,"Elev":"0","ParcelID":"49-009-028-009","Full_Addr":"44 VAN HORN DR","Comment":" ","Purpose":null,"DiscrpAgID":"buckscounty.org","created_user":null,"created_date":null,"last_edited_user":"DGALLOWAY","gc_exception":"","ADDRGUID":null,"RDNAME":"VAN HORN DR"}},{"type":"Feature","id":237972,"geometry":{"type":"Point","coordinates":[-75.085216514693,40.186867226532]},"properties":{"OBJECTID":237972,"Source":"","DateUpdate":"Tue, 12 Nov 2024 10:04:37 GMT","Effective":"Wed, 01 Jan 2020 00:00:01 GMT","Expire":"Sat, 01 Jan 2050 00:00:01 GMT","Site_NGUID":"SSAP23832146VANHORNDR@buckscounty.org","Country":"US","State":"PA","County":"Bucks County","AddCode":"","AddDataURI":"","Inc_Muni":"Warminster Township","Uninc_Comm":"","Nbrhd_Comm":"","AddNum_Pre":"","Add_Number":"46","AddNum_Suf":"","St_PreMod":"","St_PreDir":"","St_PreTyp":"","St_PreSep":"","St_Name":"VAN HORN","St_PosTyp":"DRIVE","St_PosDir":"","St_PosMod":"","Lst_PreDir":"","Lst_Name":"VAN HORN","Lst_Type":"DR","LstPosDir":"","ESN":"51","MSAGComm":"WARMINSTER TOWNSHIP","Post_Comm":"WARMINSTER","Post_Code":"18974","Post_Code4":"","Building":"","Floor":" ","Unit":" ","Room":"","Seat":" ","Addtl_Loc":" ","LandmkName":" ","Mile_Post":" ","Place_Type":" ","Placement":" ","Long":-75.08521475,"Lat":40.18685911,"Elev":"0","ParcelID":"49-009-028-009","Full_Addr":"46 VAN HORN DR","Comment":" ","Purpose":null,"DiscrpAgID":"buckscounty.org","created_user":null,"created_date":null,"last_edited_user":"DGALLOWAY","gc_exception":"","ADDRGUID":null,"RDNAME":"VAN HORN DR"}},{"type":"Feature","id":237973,"geometry":{"type":"Point","coordinates":[-75.0851226365457,40.1866684669367]},"properties":{"OBJECTID":237973,"Source":"","DateUpdate":"Tue, 12 Nov 2024 10:04:37 GMT","Effective":"Wed, 01 Jan 2020 00:00:01 GMT","Expire":"Sat, 01 Jan 2050 00:00:01 GMT","Site_NGUID":"SSAP23832248VANHORNDR@buckscounty.org","Country":"US","State":"PA","County":"Bucks County","AddCode":"","AddDataURI":"","Inc_Muni":"Warminster Township","Uninc_Comm":"","Nbrhd_Comm":"","AddNum_Pre":"","Add_Number":"48","AddNum_Suf":"","St_PreMod":"","St_PreDir":"","St_PreTyp":"","St_PreSep":"","St_Name":"VAN HORN","St_PosTyp":"DRIVE","St_PosDir":"","St_PosMod":"","Lst_PreDir":"","Lst_Name":"VAN HORN","Lst_Type":"DR","LstPosDir":"","ESN":"51","MSAGComm":"WARMINSTER TOWNSHIP","Post_Comm":"WARMINSTER","Post_Code":"18974","Post_Code4":"","Building":"","Floor":" ","Unit":" ","Room":"","Seat":" ","Addtl_Loc":" ","LandmkName":" ","Mile_Post":" ","Place_Type":" ","Placement":" ","Long":-75.08512088,"Lat":40.18666035,"Elev":"0","ParcelID":"49-009-028-009","Full_Addr":"48 VAN HORN DR","Comment":" ","Purpose":null,"DiscrpAgID":"buckscounty.org","created_user":null,"created_date":null,"last_edited_user":"DGALLOWAY","gc_exception":"","ADDRGUID":null,"RDNAME":"VAN HORN DR"}},{"type":"Feature","id":237974,"geometry":{"type":"Point","coordinates":[-75.0850984969214,40.1866192904139]},"properties":{"OBJECTID":237974,"Source":"","DateUpdate":"Tue, 12 Nov 2024 10:04:37 GMT","Effective":"Wed, 01 Jan 2020 00:00:01 GMT","Expire":"Sat, 01 Jan 2050 00:00:01 GMT","Site_NGUID":"SSAP23832350VANHORNDR@buckscounty.org","Country":"US","State":"PA","County":"Bucks County","AddCode":"","AddDataURI":"","Inc_Muni":"Warminster Township","Uninc_Comm":"","Nbrhd_Comm":"","AddNum_Pre":"","Add_Number":"50","AddNum_Suf":"","St_PreMod":"","St_PreDir":"","St_PreTyp":"","St_PreSep":"","St_Name":"VAN HORN","St_PosTyp":"DRIVE","St_PosDir":"","St_PosMod":"","Lst_PreDir":"","Lst_Name":"VAN HORN","Lst_Type":"DR","LstPosDir":"","ESN":"51","MSAGComm":"WARMINSTER TOWNSHIP","Post_Comm":"WARMINSTER","Post_Code":"18974","Post_Code4":"","Building":"","Floor":" ","Unit":" ","Room":"","Seat":" ","Addtl_Loc":" ","LandmkName":" ","Mile_Post":" ","Place_Type":" ","Placement":" ","Long":-75.08509674,"Lat":40.18661118,"Elev":"0","ParcelID":"49-009-028-009","Full_Addr":"50 VAN HORN DR","Comment":" ","Purpose":null,"DiscrpAgID":"buckscounty.org","created_user":null,"created_date":null,"last_edited_user":"DGALLOWAY","gc_exception":"","ADDRGUID":null,"RDNAME":"VAN HORN DR"}},{"type":"Feature","id":237975,"geometry":{"type":"Point","coordinates":[-75.085071673366,40.1865721610563]},"properties":{"OBJECTID":237975,"Source":"","DateUpdate":"Tue, 12 Nov 2024 10:04:37 GMT","Effective":"Wed, 01 Jan 2020 00:00:01 GMT","Expire":"Sat, 01 Jan 2050 00:00:01 GMT","Site_NGUID":"SSAP23832452VANHORNDR@buckscounty.org","Country":"US","State":"PA","County":"Bucks County","AddCode":"","AddDataURI":"","Inc_Muni":"Warminster Township","Uninc_Comm":"","Nbrhd_Comm":"","AddNum_Pre":"","Add_Number":"52","AddNum_Suf":"","St_PreMod":"","St_PreDir":"","St_PreTyp":"","St_PreSep":"","St_Name":"VAN HORN","St_PosTyp":"DRIVE","St_PosDir":"","St_PosMod":"","Lst_PreDir":"","Lst_Name":"VAN HORN","Lst_Type":"DR","LstPosDir":"","ESN":"51","MSAGComm":"WARMINSTER TOWNSHIP","Post_Comm":"WARMINSTER","Post_Code":"18974","Post_Code4":"","Building":"","Floor":" ","Unit":" ","Room":"","Seat":" ","Addtl_Loc":" ","LandmkName":" ","Mile_Post":" ","Place_Type":" ","Placement":" ","Long":-75.08506991,"Lat":40.18656405,"Elev":"0","ParcelID":"49-009-028-009","Full_Addr":"52 VAN HORN DR","Comment":" ","Purpose":null,"DiscrpAgID":"buckscounty.org","created_user":null,"created_date":null,"last_edited_user":"DGALLOWAY","gc_exception":"","ADDRGUID":null,"RDNAME":"VAN HORN DR"}},{"type":"Feature","id":237976,"geometry":{"type":"Point","coordinates":[-75.0850502163401,40.1865250333931]},"properties":{"OBJECTID":237976,"Source":"","DateUpdate":"Tue, 12 Nov 2024 10:04:37 GMT","Effective":"Wed, 01 Jan 2020 00:00:01 GMT","Expire":"Sat, 01 Jan 2050 00:00:01 GMT","Site_NGUID":"SSAP23832554VANHORNDR@buckscounty.org","Country":"US","State":"PA","County":"Bucks County","AddCode":"","AddDataURI":"","Inc_Muni":"Warminster Township","Uninc_Comm":"","Nbrhd_Comm":"","AddNum_Pre":"","Add_Number":"54","AddNum_Suf":"","St_PreMod":"","St_PreDir":"","St_PreTyp":"","St_PreSep":"","St_Name":"VAN HORN","St_PosTyp":"DRIVE","St_PosDir":"","St_PosMod":"","Lst_PreDir":"","Lst_Name":"VAN HORN","Lst_Type":"DR","LstPosDir":"","ESN":"51","MSAGComm":"WARMINSTER TOWNSHIP","Post_Comm":"WARMINSTER","Post_Code":"18974","Post_Code4":"","Building":"","Floor":" ","Unit":" ","Room":"","Seat":" ","Addtl_Loc":" ","LandmkName":" ","Mile_Post":" ","Place_Type":" ","Placement":" ","Long":-75.08504846,"Lat":40.18651692,"Elev":"0","ParcelID":"49-009-028-009","Full_Addr":"54 VAN HORN DR","Comment":" ","Purpose":null,"DiscrpAgID":"buckscounty.org","created_user":null,"created_date":null,"last_edited_user":"DGALLOWAY","gc_exception":"","ADDRGUID":null,"RDNAME":"VAN HORN DR"}},{"type":"Feature","id":237977,"geometry":{"type":"Point","coordinates":[-75.0849617049045,40.1863221747645]},"properties":{"OBJECTID":237977,"Source":"","DateUpdate":"Tue, 12 Nov 2024 10:04:37 GMT","Effective":"Wed, 01 Jan 2020 00:00:01 GMT","Expire":"Sat, 01 Jan 2050 00:00:01 GMT","Site_NGUID":"SSAP23832656VANHORNDR@buckscounty.org","Country":"US","State":"PA","County":"Bucks County","AddCode":"","AddDataURI":"","Inc_Muni":"Warminster Township","Uninc_Comm":"","Nbrhd_Comm":"","AddNum_Pre":"","Add_Number":"56","AddNum_Suf":"","St_PreMod":"","St_PreDir":"","St_PreTyp":"","St_PreSep":"","St_Name":"VAN HORN","St_PosTyp":"DRIVE","St_PosDir":"","St_PosMod":"","Lst_PreDir":"","Lst_Name":"VAN HORN","Lst_Type":"DR","LstPosDir":"","ESN":"51","MSAGComm":"WARMINSTER TOWNSHIP","Post_Comm":"WARMINSTER","Post_Code":"18974","Post_Code4":"","Building":"","Floor":" ","Unit":" ","Room":"","Seat":" ","Addtl_Loc":" ","LandmkName":" ","Mile_Post":" ","Place_Type":" ","Placement":" ","Long":-75.08495994,"Lat":40.18631406,"Elev":"0","ParcelID":"49-009-028-009","Full_Addr":"56 VAN HORN DR","Comment":" ","Purpose":null,"DiscrpAgID":"buckscounty.org","created_user":null,"created_date":null,"last_edited_user":"DGALLOWAY","gc_exception":"","ADDRGUID":null,"RDNAME":"VAN HORN DR"}},{"type":"Feature","id":237978,"geometry":{"type":"Point","coordinates":[-75.0849348803144,40.1862688985303]},"properties":{"OBJECTID":237978,"Source":"","DateUpdate":"Tue, 12 Nov 2024 10:04:37 GMT","Effective":"Wed, 01 Jan 2020 00:00:01 GMT","Expire":"Sat, 01 Jan 2050 00:00:01 GMT","Site_NGUID":"SSAP23832758VANHORNDR@buckscounty.org","Country":"US","State":"PA","County":"Bucks County","AddCode":"","AddDataURI":"","Inc_Muni":"Warminster Township","Uninc_Comm":"","Nbrhd_Comm":"","AddNum_Pre":"","Add_Number":"58","AddNum_Suf":"","St_PreMod":"","St_PreDir":"","St_PreTyp":"","St_PreSep":"","St_Name":"VAN HORN","St_PosTyp":"DRIVE","St_PosDir":"","St_PosMod":"","Lst_PreDir":"","Lst_Name":"VAN HORN","Lst_Type":"DR","LstPosDir":"","ESN":"51","MSAGComm":"WARMINSTER TOWNSHIP","Post_Comm":"WARMINSTER","Post_Code":"18974","Post_Code4":"","Building":"","Floor":" ","Unit":" ","Room":"","Seat":" ","Addtl_Loc":" ","LandmkName":" ","Mile_Post":" ","Place_Type":" ","Placement":" ","Long":-75.08493312,"Lat":40.18626078,"Elev":"0","ParcelID":"49-009-028-009","Full_Addr":"58 VAN HORN DR","Comment":" ","Purpose":null,"DiscrpAgID":"buckscounty.org","created_user":null,"created_date":null,"last_edited_user":"DGALLOWAY","gc_exception":"","ADDRGUID":null,"RDNAME":"VAN HORN DR"}},{"type":"Feature","id":237979,"geometry":{"type":"Point","coordinates":[-75.0849080592522,40.1862156232714]},"properties":{"OBJECTID":237979,"Source":"","DateUpdate":"Tue, 12 Nov 2024 10:04:37 GMT","Effective":"Wed, 01 Jan 2020 00:00:01 GMT","Expire":"Sat, 01 Jan 2050 00:00:01 GMT","Site_NGUID":"SSAP23832860VANHORNDR@buckscounty.org","Country":"US","State":"PA","County":"Bucks County","AddCode":"","AddDataURI":"","Inc_Muni":"Warminster Township","Uninc_Comm":"","Nbrhd_Comm":"","AddNum_Pre":"","Add_Number":"60","AddNum_Suf":"","St_PreMod":"","St_PreDir":"","St_PreTyp":"","St_PreSep":"","St_Name":"VAN HORN","St_PosTyp":"DRIVE","St_PosDir":"","St_PosMod":"","Lst_PreDir":"","Lst_Name":"VAN HORN","Lst_Type":"DR","LstPosDir":"","ESN":"51","MSAGComm":"WARMINSTER TOWNSHIP","Post_Comm":"WARMINSTER","Post_Code":"18974","Post_Code4":"","Building":"","Floor":" ","Unit":" ","Room":"","Seat":" ","Addtl_Loc":" ","LandmkName":" ","Mile_Post":" ","Place_Type":" ","Placement":" ","Long":-75.0849063,"Lat":40.18620751,"Elev":"0","ParcelID":"49-009-028-009","Full_Addr":"60 VAN HORN DR","Comment":" ","Purpose":null,"DiscrpAgID":"buckscounty.org","created_user":null,"created_date":null,"last_edited_user":"DGALLOWAY","gc_exception":"","ADDRGUID":null,"RDNAME":"VAN HORN DR"}},{"type":"Feature","id":237980,"geometry":{"type":"Point","coordinates":[-75.0848839199805,40.1861664458013]},"properties":{"OBJECTID":237980,"Source":"","DateUpdate":"Tue, 12 Nov 2024 10:04:37 GMT","Effective":"Wed, 01 Jan 2020 00:00:01 GMT","Expire":"Sat, 01 Jan 2050 00:00:01 GMT","Site_NGUID":"SSAP23832962VANHORNDR@buckscounty.org","Country":"US","State":"PA","County":"Bucks County","AddCode":"","AddDataURI":"","Inc_Muni":"Warminster Township","Uninc_Comm":"","Nbrhd_Comm":"","AddNum_Pre":"","Add_Number":"62","AddNum_Suf":"","St_PreMod":"","St_PreDir":"","St_PreTyp":"","St_PreSep":"","St_Name":"VAN HORN","St_PosTyp":"DRIVE","St_PosDir":"","St_PosMod":"","Lst_PreDir":"","Lst_Name":"VAN HORN","Lst_Type":"DR","LstPosDir":"","ESN":"51","MSAGComm":"WARMINSTER TOWNSHIP","Post_Comm":"WARMINSTER","Post_Code":"18974","Post_Code4":"","Building":"","Floor":" ","Unit":" ","Room":"","Seat":" ","Addtl_Loc":" ","LandmkName":" ","Mile_Post":" ","Place_Type":" ","Placement":" ","Long":-75.08488216,"Lat":40.18615833,"Elev":"0","ParcelID":"49-009-028-009","Full_Addr":"62 VAN HORN DR","Comment":" ","Purpose":null,"DiscrpAgID":"buckscounty.org","created_user":null,"created_date":null,"last_edited_user":"DGALLOWAY","gc_exception":"","ADDRGUID":null,"RDNAME":"VAN HORN DR"}},{"type":"Feature","id":237981,"geometry":{"type":"Point","coordinates":[-75.0847927243519,40.1859656350753]},"properties":{"OBJECTID":237981,"Source":"","DateUpdate":"Tue, 12 Nov 2024 10:04:37 GMT","Effective":"Wed, 01 Jan 2020 00:00:01 GMT","Expire":"Sat, 01 Jan 2050 00:00:01 GMT","Site_NGUID":"SSAP23833064VANHORNDR@buckscounty.org","Country":"US","State":"PA","County":"Bucks County","AddCode":"","AddDataURI":"","Inc_Muni":"Warminster Township","Uninc_Comm":"","Nbrhd_Comm":"","AddNum_Pre":"","Add_Number":"64","AddNum_Suf":"","St_PreMod":"","St_PreDir":"","St_PreTyp":"","St_PreSep":"","St_Name":"VAN HORN","St_PosTyp":"DRIVE","St_PosDir":"","St_PosMod":"","Lst_PreDir":"","Lst_Name":"VAN HORN","Lst_Type":"DR","LstPosDir":"","ESN":"51","MSAGComm":"WARMINSTER TOWNSHIP","Post_Comm":"WARMINSTER","Post_Code":"18974","Post_Code4":"","Building":"","Floor":" ","Unit":" ","Room":"","Seat":" ","Addtl_Loc":" ","LandmkName":" ","Mile_Post":" ","Place_Type":" ","Placement":" ","Long":-75.08479096,"Lat":40.18595752,"Elev":"0","ParcelID":"49-009-028-009","Full_Addr":"64 VAN HORN DR","Comment":" ","Purpose":null,"DiscrpAgID":"buckscounty.org","created_user":null,"created_date":null,"last_edited_user":"DGALLOWAY","gc_exception":"","ADDRGUID":null,"RDNAME":"VAN HORN DR"}},{"type":"Feature","id":237982,"geometry":{"type":"Point","coordinates":[-75.0847685844081,40.1859062119674]},"properties":{"OBJECTID":237982,"Source":"","DateUpdate":"Tue, 12 Nov 2024 10:04:37 GMT","Effective":"Wed, 01 Jan 2020 00:00:01 GMT","Expire":"Sat, 01 Jan 2050 00:00:01 GMT","Site_NGUID":"SSAP23833166VANHORNDR@buckscounty.org","Country":"US","State":"PA","County":"Bucks County","AddCode":"","AddDataURI":"","Inc_Muni":"Warminster Township","Uninc_Comm":"","Nbrhd_Comm":"","AddNum_Pre":"","Add_Number":"66","AddNum_Suf":"","St_PreMod":"","St_PreDir":"","St_PreTyp":"","St_PreSep":"","St_Name":"VAN HORN","St_PosTyp":"DRIVE","St_PosDir":"","St_PosMod":"","Lst_PreDir":"","Lst_Name":"VAN HORN","Lst_Type":"DR","LstPosDir":"","ESN":"51","MSAGComm":"WARMINSTER TOWNSHIP","Post_Comm":"WARMINSTER","Post_Code":"18974","Post_Code4":"","Building":"","Floor":" ","Unit":" ","Room":"","Seat":" ","Addtl_Loc":" ","LandmkName":" ","Mile_Post":" ","Place_Type":" ","Placement":" ","Long":-75.08476682,"Lat":40.1858981,"Elev":"0","ParcelID":"49-009-028-009","Full_Addr":"66 VAN HORN DR","Comment":" ","Purpose":null,"DiscrpAgID":"buckscounty.org","created_user":null,"created_date":null,"last_edited_user":"DGALLOWAY","gc_exception":"","ADDRGUID":null,"RDNAME":"VAN HORN DR"}},{"type":"Feature","id":237983,"geometry":{"type":"Point","coordinates":[-75.0847417620513,40.185844739076]},"properties":{"OBJECTID":237983,"Source":"","DateUpdate":"Tue, 12 Nov 2024 10:04:37 GMT","Effective":"Wed, 01 Jan 2020 00:00:01 GMT","Expire":"Sat, 01 Jan 2050 00:00:01 GMT","Site_NGUID":"SSAP23833268VANHORNDR@buckscounty.org","Country":"US","State":"PA","County":"Bucks County","AddCode":"","AddDataURI":"","Inc_Muni":"Warminster Township","Uninc_Comm":"","Nbrhd_Comm":"","AddNum_Pre":"","Add_Number":"68","AddNum_Suf":"","St_PreMod":"","St_PreDir":"","St_PreTyp":"","St_PreSep":"","St_Name":"VAN HORN","St_PosTyp":"DRIVE","St_PosDir":"","St_PosMod":"","Lst_PreDir":"","Lst_Name":"VAN HORN","Lst_Type":"DR","LstPosDir":"","ESN":"51","MSAGComm":"WARMINSTER TOWNSHIP","Post_Comm":"WARMINSTER","Post_Code":"18974","Post_Code4":"","Building":"","Floor":" ","Unit":" ","Room":"","Seat":" ","Addtl_Loc":" ","LandmkName":" ","Mile_Post":" ","Place_Type":" ","Placement":" ","Long":-75.08474,"Lat":40.18583662,"Elev":"0","ParcelID":"49-009-028-009","Full_Addr":"68 VAN HORN DR","Comment":" ","Purpose":null,"DiscrpAgID":"buckscounty.org","created_user":null,"created_date":null,"last_edited_user":"DGALLOWAY","gc_exception":"","ADDRGUID":null,"RDNAME":"VAN HORN DR"}},{"type":"Feature","id":237984,"geometry":{"type":"Point","coordinates":[-75.0847068934901,40.1857771186686]},"properties":{"OBJECTID":237984,"Source":"","DateUpdate":"Tue, 12 Nov 2024 10:04:37 GMT","Effective":"Wed, 01 Jan 2020 00:00:01 GMT","Expire":"Sat, 01 Jan 2050 00:00:01 GMT","Site_NGUID":"SSAP23833370VANHORNDR@buckscounty.org","Country":"US","State":"PA","County":"Bucks County","AddCode":"","AddDataURI":"","Inc_Muni":"Warminster Township","Uninc_Comm":"","Nbrhd_Comm":"","AddNum_Pre":"","Add_Number":"70","AddNum_Suf":"","St_PreMod":"","St_PreDir":"","St_PreTyp":"","St_PreSep":"","St_Name":"VAN HORN","St_PosTyp":"DRIVE","St_PosDir":"","St_PosMod":"","Lst_PreDir":"","Lst_Name":"VAN HORN","Lst_Type":"DR","LstPosDir":"","ESN":"51","MSAGComm":"WARMINSTER TOWNSHIP","Post_Comm":"WARMINSTER","Post_Code":"18974","Post_Code4":"","Building":"","Floor":" ","Unit":" ","Room":"","Seat":" ","Addtl_Loc":" ","LandmkName":" ","Mile_Post":" ","Place_Type":" ","Placement":" ","Long":-75.08470513,"Lat":40.185769,"Elev":"0","ParcelID":"49-009-028-009","Full_Addr":"70 VAN HORN DR","Comment":" ","Purpose":null,"DiscrpAgID":"buckscounty.org","created_user":null,"created_date":null,"last_edited_user":"DGALLOWAY","gc_exception":"","ADDRGUID":null,"RDNAME":"VAN HORN DR"}},{"type":"Feature","id":237985,"geometry":{"type":"Point","coordinates":[-75.0848195457328,40.18675452966]},"properties":{"OBJECTID":237985,"Source":"","DateUpdate":"Tue, 12 Nov 2024 10:04:37 GMT","Effective":"Wed, 01 Jan 2020 00:00:01 GMT","Expire":"Sat, 01 Jan 2050 00:00:01 GMT","Site_NGUID":"SSAP23833429WALKST@buckscounty.org","Country":"US","State":"PA","County":"Bucks County","AddCode":"","AddDataURI":"","Inc_Muni":"Warminster Township","Uninc_Comm":"","Nbrhd_Comm":"","AddNum_Pre":"","Add_Number":"29","AddNum_Suf":"","St_PreMod":"","St_PreDir":"","St_PreTyp":"","St_PreSep":"","St_Name":"WALK","St_PosTyp":"STREET","St_PosDir":"","St_PosMod":"","Lst_PreDir":"","Lst_Name":"WALK","Lst_Type":"ST","LstPosDir":"","ESN":"51","MSAGComm":"WARMINSTER TOWNSHIP","Post_Comm":"WARMINSTER","Post_Code":"18974","Post_Code4":"","Building":"","Floor":" ","Unit":" ","Room":"","Seat":" ","Addtl_Loc":" ","LandmkName":" ","Mile_Post":" ","Place_Type":" ","Placement":" ","Long":-75.08481779,"Lat":40.18674642,"Elev":"0","ParcelID":"49-009-028-009","Full_Addr":"29 WALK ST","Comment":" ","Purpose":null,"DiscrpAgID":"buckscounty.org","created_user":null,"created_date":null,"last_edited_user":"DGALLOWAY","gc_exception":"","ADDRGUID":null,"RDNAME":"WALK ST"}},{"type":"Feature","id":237986,"geometry":{"type":"Point","coordinates":[-75.0847954067547,40.1867012525051]},"properties":{"OBJECTID":237986,"Source":"","DateUpdate":"Tue, 12 Nov 2024 10:04:37 GMT","Effective":"Wed, 01 Jan 2020 00:00:01 GMT","Expire":"Sat, 01 Jan 2050 00:00:01 GMT","Site_NGUID":"SSAP23833531WALKST@buckscounty.org","Country":"US","State":"PA","County":"Bucks County","AddCode":"","AddDataURI":"","Inc_Muni":"Warminster Township","Uninc_Comm":"","Nbrhd_Comm":"","AddNum_Pre":"","Add_Number":"31","AddNum_Suf":"","St_PreMod":"","St_PreDir":"","St_PreTyp":"","St_PreSep":"","St_Name":"WALK","St_PosTyp":"STREET","St_PosDir":"","St_PosMod":"","Lst_PreDir":"","Lst_Name":"WALK","Lst_Type":"ST","LstPosDir":"","ESN":"51","MSAGComm":"WARMINSTER TOWNSHIP","Post_Comm":"WARMINSTER","Post_Code":"18974","Post_Code4":"","Building":"","Floor":" ","Unit":" ","Room":"","Seat":" ","Addtl_Loc":" ","LandmkName":" ","Mile_Post":" ","Place_Type":" ","Placement":" ","Long":-75.08479365,"Lat":40.18669314,"Elev":"0","ParcelID":"49-009-028-009","Full_Addr":"31 WALK ST","Comment":" ","Purpose":null,"DiscrpAgID":"buckscounty.org","created_user":null,"created_date":null,"last_edited_user":"DGALLOWAY","gc_exception":"","ADDRGUID":null,"RDNAME":"WALK ST"}},{"type":"Feature","id":237987,"geometry":{"type":"Point","coordinates":[-75.0847685848681,40.1866500261364]},"properties":{"OBJECTID":237987,"Source":"","DateUpdate":"Tue, 12 Nov 2024 10:04:37 GMT","Effective":"Wed, 01 Jan 2020 00:00:01 GMT","Expire":"Sat, 01 Jan 2050 00:00:01 GMT","Site_NGUID":"SSAP23833633WALKST@buckscounty.org","Country":"US","State":"PA","County":"Bucks County","AddCode":"","AddDataURI":"","Inc_Muni":"Warminster Township","Uninc_Comm":"","Nbrhd_Comm":"","AddNum_Pre":"","Add_Number":"33","AddNum_Suf":"","St_PreMod":"","St_PreDir":"","St_PreTyp":"","St_PreSep":"","St_Name":"WALK","St_PosTyp":"STREET","St_PosDir":"","St_PosMod":"","Lst_PreDir":"","Lst_Name":"WALK","Lst_Type":"ST","LstPosDir":"","ESN":"51","MSAGComm":"WARMINSTER TOWNSHIP","Post_Comm":"WARMINSTER","Post_Code":"18974","Post_Code4":"","Building":"","Floor":" ","Unit":" ","Room":"","Seat":" ","Addtl_Loc":" ","LandmkName":" ","Mile_Post":" ","Place_Type":" ","Placement":" ","Long":-75.08476682,"Lat":40.18664191,"Elev":"0","ParcelID":"49-009-028-009","Full_Addr":"33 WALK ST","Comment":" ","Purpose":null,"DiscrpAgID":"buckscounty.org","created_user":null,"created_date":null,"last_edited_user":"DGALLOWAY","gc_exception":"","ADDRGUID":null,"RDNAME":"WALK ST"}},{"type":"Feature","id":237988,"geometry":{"type":"Point","coordinates":[-75.08474712648,40.1866008485419]},"properties":{"OBJECTID":237988,"Source":"","DateUpdate":"Tue, 12 Nov 2024 10:04:37 GMT","Effective":"Wed, 01 Jan 2020 00:00:01 GMT","Expire":"Sat, 01 Jan 2050 00:00:01 GMT","Site_NGUID":"SSAP23833735WALKST@buckscounty.org","Country":"US","State":"PA","County":"Bucks County","AddCode":"","AddDataURI":"","Inc_Muni":"Warminster Township","Uninc_Comm":"","Nbrhd_Comm":"","AddNum_Pre":"","Add_Number":"35","AddNum_Suf":"","St_PreMod":"","St_PreDir":"","St_PreTyp":"","St_PreSep":"","St_Name":"WALK","St_PosTyp":"STREET","St_PosDir":"","St_PosMod":"","Lst_PreDir":"","Lst_Name":"WALK","Lst_Type":"ST","LstPosDir":"","ESN":"51","MSAGComm":"WARMINSTER TOWNSHIP","Post_Comm":"WARMINSTER","Post_Code":"18974","Post_Code4":"","Building":"","Floor":" ","Unit":" ","Room":"","Seat":" ","Addtl_Loc":" ","LandmkName":" ","Mile_Post":" ","Place_Type":" ","Placement":" ","Long":-75.08474537,"Lat":40.18659273,"Elev":"0","ParcelID":"49-009-028-009","Full_Addr":"35 WALK ST","Comment":" ","Purpose":null,"DiscrpAgID":"buckscounty.org","created_user":null,"created_date":null,"last_edited_user":"DGALLOWAY","gc_exception":"","ADDRGUID":null,"RDNAME":"WALK ST"}},{"type":"Feature","id":237989,"geometry":{"type":"Point","coordinates":[-75.0846639788987,40.186404137235]},"properties":{"OBJECTID":237989,"Source":"","DateUpdate":"Tue, 12 Nov 2024 10:04:37 GMT","Effective":"Wed, 01 Jan 2020 00:00:01 GMT","Expire":"Sat, 01 Jan 2050 00:00:01 GMT","Site_NGUID":"SSAP23833837WALKST@buckscounty.org","Country":"US","State":"PA","County":"Bucks County","AddCode":"","AddDataURI":"","Inc_Muni":"Warminster Township","Uninc_Comm":"","Nbrhd_Comm":"","AddNum_Pre":"","Add_Number":"37","AddNum_Suf":"","St_PreMod":"","St_PreDir":"","St_PreTyp":"","St_PreSep":"","St_Name":"WALK","St_PosTyp":"STREET","St_PosDir":"","St_PosMod":"","Lst_PreDir":"","Lst_Name":"WALK","Lst_Type":"ST","LstPosDir":"","ESN":"51","MSAGComm":"WARMINSTER TOWNSHIP","Post_Comm":"WARMINSTER","Post_Code":"18974","Post_Code4":"","Building":"","Floor":" ","Unit":" ","Room":"","Seat":" ","Addtl_Loc":" ","LandmkName":" ","Mile_Post":" ","Place_Type":" ","Placement":" ","Long":-75.08466222,"Lat":40.18639602,"Elev":"0","ParcelID":"49-009-028-009","Full_Addr":"37 WALK ST","Comment":" ","Purpose":null,"DiscrpAgID":"buckscounty.org","created_user":null,"created_date":null,"last_edited_user":"DGALLOWAY","gc_exception":"","ADDRGUID":null,"RDNAME":"WALK ST"}},{"type":"Feature","id":237990,"geometry":{"type":"Point","coordinates":[-75.0846425209887,40.1863508626517]},"properties":{"OBJECTID":237990,"Source":"","DateUpdate":"Tue, 12 Nov 2024 10:04:37 GMT","Effective":"Wed, 01 Jan 2020 00:00:01 GMT","Expire":"Sat, 01 Jan 2050 00:00:01 GMT","Site_NGUID":"SSAP23833939WALKST@buckscounty.org","Country":"US","State":"PA","County":"Bucks County","AddCode":"","AddDataURI":"","Inc_Muni":"Warminster Township","Uninc_Comm":"","Nbrhd_Comm":"","AddNum_Pre":"","Add_Number":"39","AddNum_Suf":"","St_PreMod":"","St_PreDir":"","St_PreTyp":"","St_PreSep":"","St_Name":"WALK","St_PosTyp":"STREET","St_PosDir":"","St_PosMod":"","Lst_PreDir":"","Lst_Name":"WALK","Lst_Type":"ST","LstPosDir":"","ESN":"51","MSAGComm":"WARMINSTER TOWNSHIP","Post_Comm":"WARMINSTER","Post_Code":"18974","Post_Code4":"","Building":"","Floor":" ","Unit":" ","Room":"","Seat":" ","Addtl_Loc":" ","LandmkName":" ","Mile_Post":" ","Place_Type":" ","Placement":" ","Long":-75.08464076,"Lat":40.18634275,"Elev":"0","ParcelID":"49-009-028-009","Full_Addr":"39 WALK ST","Comment":" ","Purpose":null,"DiscrpAgID":"buckscounty.org","created_user":null,"created_date":null,"last_edited_user":"DGALLOWAY","gc_exception":"","ADDRGUID":null,"RDNAME":"WALK ST"}},{"type":"Feature","id":237991,"geometry":{"type":"Point","coordinates":[-75.0846130164454,40.186295538417]},"properties":{"OBJECTID":237991,"Source":"","DateUpdate":"Tue, 12 Nov 2024 10:04:37 GMT","Effective":"Wed, 01 Jan 2020 00:00:01 GMT","Expire":"Sat, 01 Jan 2050 00:00:01 GMT","Site_NGUID":"SSAP23834041WALKST@buckscounty.org","Country":"US","State":"PA","County":"Bucks County","AddCode":"","AddDataURI":"","Inc_Muni":"Warminster Township","Uninc_Comm":"","Nbrhd_Comm":"","AddNum_Pre":"","Add_Number":"41","AddNum_Suf":"","St_PreMod":"","St_PreDir":"","St_PreTyp":"","St_PreSep":"","St_Name":"WALK","St_PosTyp":"STREET","St_PosDir":"","St_PosMod":"","Lst_PreDir":"","Lst_Name":"WALK","Lst_Type":"ST","LstPosDir":"","ESN":"51","MSAGComm":"WARMINSTER TOWNSHIP","Post_Comm":"WARMINSTER","Post_Code":"18974","Post_Code4":"","Building":"","Floor":" ","Unit":" ","Room":"","Seat":" ","Addtl_Loc":" ","LandmkName":" ","Mile_Post":" ","Place_Type":" ","Placement":" ","Long":-75.08461126,"Lat":40.18628742,"Elev":"0","ParcelID":"49-009-028-009","Full_Addr":"41 WALK ST","Comment":" ","Purpose":null,"DiscrpAgID":"buckscounty.org","created_user":null,"created_date":null,"last_edited_user":"DGALLOWAY","gc_exception":"","ADDRGUID":null,"RDNAME":"WALK ST"}},{"type":"Feature","id":237992,"geometry":{"type":"Point","coordinates":[-75.0845861937258,40.1862504587929]},"properties":{"OBJECTID":237992,"Source":"","DateUpdate":"Tue, 12 Nov 2024 10:04:37 GMT","Effective":"Wed, 01 Jan 2020 00:00:01 GMT","Expire":"Sat, 01 Jan 2050 00:00:01 GMT","Site_NGUID":"SSAP23834143WALKST@buckscounty.org","Country":"US","State":"PA","County":"Bucks County","AddCode":"","AddDataURI":"","Inc_Muni":"Warminster Township","Uninc_Comm":"","Nbrhd_Comm":"","AddNum_Pre":"","Add_Number":"43","AddNum_Suf":"","St_PreMod":"","St_PreDir":"","St_PreTyp":"","St_PreSep":"","St_Name":"WALK","St_PosTyp":"STREET","St_PosDir":"","St_PosMod":"","Lst_PreDir":"","Lst_Name":"WALK","Lst_Type":"ST","LstPosDir":"","ESN":"51","MSAGComm":"WARMINSTER TOWNSHIP","Post_Comm":"WARMINSTER","Post_Code":"18974","Post_Code4":"","Building":"","Floor":" ","Unit":" ","Room":"","Seat":" ","Addtl_Loc":" ","LandmkName":" ","Mile_Post":" ","Place_Type":" ","Placement":" ","Long":-75.08458443,"Lat":40.18624234,"Elev":"0","ParcelID":"49-009-028-009","Full_Addr":"43 WALK ST","Comment":" ","Purpose":null,"DiscrpAgID":"buckscounty.org","created_user":null,"created_date":null,"last_edited_user":"DGALLOWAY","gc_exception":"","ADDRGUID":null,"RDNAME":"WALK ST"}},{"type":"Feature","id":237993,"geometry":{"type":"Point","coordinates":[-75.0844976817255,40.1860537465645]},"properties":{"OBJECTID":237993,"Source":"","DateUpdate":"Tue, 12 Nov 2024 10:04:37 GMT","Effective":"Wed, 01 Jan 2020 00:00:01 GMT","Expire":"Sat, 01 Jan 2050 00:00:01 GMT","Site_NGUID":"SSAP23834245WALKST@buckscounty.org","Country":"US","State":"PA","County":"Bucks County","AddCode":"","AddDataURI":"","Inc_Muni":"Warminster Township","Uninc_Comm":"","Nbrhd_Comm":"","AddNum_Pre":"","Add_Number":"45","AddNum_Suf":"","St_PreMod":"","St_PreDir":"","St_PreTyp":"","St_PreSep":"","St_Name":"WALK","St_PosTyp":"STREET","St_PosDir":"","St_PosMod":"","Lst_PreDir":"","Lst_Name":"WALK","Lst_Type":"ST","LstPosDir":"","ESN":"51","MSAGComm":"WARMINSTER TOWNSHIP","Post_Comm":"WARMINSTER","Post_Code":"18974","Post_Code4":"","Building":"","Floor":" ","Unit":" ","Room":"","Seat":" ","Addtl_Loc":" ","LandmkName":" ","Mile_Post":" ","Place_Type":" ","Placement":" ","Long":-75.08449592,"Lat":40.18604563,"Elev":"0","ParcelID":"49-009-028-009","Full_Addr":"45 WALK ST","Comment":" ","Purpose":null,"DiscrpAgID":"buckscounty.org","created_user":null,"created_date":null,"last_edited_user":"DGALLOWAY","gc_exception":"","ADDRGUID":null,"RDNAME":"WALK ST"}},{"type":"Feature","id":237994,"geometry":{"type":"Point","coordinates":[-75.084465494646,40.1859943217582]},"properties":{"OBJECTID":237994,"Source":"","DateUpdate":"Tue, 12 Nov 2024 10:04:37 GMT","Effective":"Wed, 01 Jan 2020 00:00:01 GMT","Expire":"Sat, 01 Jan 2050 00:00:01 GMT","Site_NGUID":"SSAP23834347WALKST@buckscounty.org","Country":"US","State":"PA","County":"Bucks County","AddCode":"","AddDataURI":"","Inc_Muni":"Warminster Township","Uninc_Comm":"","Nbrhd_Comm":"","AddNum_Pre":"","Add_Number":"47","AddNum_Suf":"","St_PreMod":"","St_PreDir":"","St_PreTyp":"","St_PreSep":"","St_Name":"WALK","St_PosTyp":"STREET","St_PosDir":"","St_PosMod":"","Lst_PreDir":"","Lst_Name":"WALK","Lst_Type":"ST","LstPosDir":"","ESN":"51","MSAGComm":"WARMINSTER TOWNSHIP","Post_Comm":"WARMINSTER","Post_Code":"18974","Post_Code4":"","Building":"","Floor":" ","Unit":" ","Room":"","Seat":" ","Addtl_Loc":" ","LandmkName":" ","Mile_Post":" ","Place_Type":" ","Placement":" ","Long":-75.08446373,"Lat":40.18598621,"Elev":"0","ParcelID":"49-009-028-009","Full_Addr":"47 WALK ST","Comment":" ","Purpose":null,"DiscrpAgID":"buckscounty.org","created_user":null,"created_date":null,"last_edited_user":"DGALLOWAY","gc_exception":"","ADDRGUID":null,"RDNAME":"WALK ST"}},{"type":"Feature","id":237995,"geometry":{"type":"Point","coordinates":[-75.0844333083324,40.1859267021057]},"properties":{"OBJECTID":237995,"Source":"","DateUpdate":"Tue, 12 Nov 2024 10:04:37 GMT","Effective":"Wed, 01 Jan 2020 00:00:01 GMT","Expire":"Sat, 01 Jan 2050 00:00:01 GMT","Site_NGUID":"SSAP23834449WALKST@buckscounty.org","Country":"US","State":"PA","County":"Bucks County","AddCode":"","AddDataURI":"","Inc_Muni":"Warminster Township","Uninc_Comm":"","Nbrhd_Comm":"","AddNum_Pre":"","Add_Number":"49","AddNum_Suf":"","St_PreMod":"","St_PreDir":"","St_PreTyp":"","St_PreSep":"","St_Name":"WALK","St_PosTyp":"STREET","St_PosDir":"","St_PosMod":"","Lst_PreDir":"","Lst_Name":"WALK","Lst_Type":"ST","LstPosDir":"","ESN":"51","MSAGComm":"WARMINSTER TOWNSHIP","Post_Comm":"WARMINSTER","Post_Code":"18974","Post_Code4":"","Building":"","Floor":" ","Unit":" ","Room":"","Seat":" ","Addtl_Loc":" ","LandmkName":" ","Mile_Post":" ","Place_Type":" ","Placement":" ","Long":-75.08443155,"Lat":40.18591859,"Elev":"0","ParcelID":"49-009-028-009","Full_Addr":"49 WALK ST","Comment":" ","Purpose":null,"DiscrpAgID":"buckscounty.org","created_user":null,"created_date":null,"last_edited_user":"DGALLOWAY","gc_exception":"","ADDRGUID":null,"RDNAME":"WALK ST"}},{"type":"Feature","id":237996,"geometry":{"type":"Point","coordinates":[-75.0843984388278,40.1858590824785]},"properties":{"OBJECTID":237996,"Source":"","DateUpdate":"Tue, 12 Nov 2024 10:04:37 GMT","Effective":"Wed, 01 Jan 2020 00:00:01 GMT","Expire":"Sat, 01 Jan 2050 00:00:01 GMT","Site_NGUID":"SSAP23834551WALKST@buckscounty.org","Country":"US","State":"PA","County":"Bucks County","AddCode":"","AddDataURI":"","Inc_Muni":"Warminster Township","Uninc_Comm":"","Nbrhd_Comm":"","AddNum_Pre":"","Add_Number":"51","AddNum_Suf":"","St_PreMod":"","St_PreDir":"","St_PreTyp":"","St_PreSep":"","St_Name":"WALK","St_PosTyp":"STREET","St_PosDir":"","St_PosMod":"","Lst_PreDir":"","Lst_Name":"WALK","Lst_Type":"ST","LstPosDir":"","ESN":"51","MSAGComm":"WARMINSTER TOWNSHIP","Post_Comm":"WARMINSTER","Post_Code":"18974","Post_Code4":"","Building":"","Floor":" ","Unit":" ","Room":"","Seat":" ","Addtl_Loc":" ","LandmkName":" ","Mile_Post":" ","Place_Type":" ","Placement":" ","Long":-75.08439668,"Lat":40.18585097,"Elev":"0","ParcelID":"49-009-028-009","Full_Addr":"51 WALK ST","Comment":" ","Purpose":null,"DiscrpAgID":"buckscounty.org","created_user":null,"created_date":null,"last_edited_user":"DGALLOWAY","gc_exception":"","ADDRGUID":null,"RDNAME":"WALK ST"}},{"type":"Feature","id":237997,"geometry":{"type":"Point","coordinates":[-75.0854471825738,40.1861951327379]},"properties":{"OBJECTID":237997,"Source":"","DateUpdate":"Tue, 12 Nov 2024 10:04:37 GMT","Effective":"Wed, 01 Jan 2020 00:00:01 GMT","Expire":"Sat, 01 Jan 2050 00:00:01 GMT","Site_NGUID":"SSAP23834655VANHORNDR@buckscounty.org","Country":"US","State":"PA","County":"Bucks County","AddCode":"","AddDataURI":"","Inc_Muni":"Warminster Township","Uninc_Comm":"","Nbrhd_Comm":"","AddNum_Pre":"","Add_Number":"55","AddNum_Suf":"","St_PreMod":"","St_PreDir":"","St_PreTyp":"","St_PreSep":"","St_Name":"VAN HORN","St_PosTyp":"DRIVE","St_PosDir":"","St_PosMod":"","Lst_PreDir":"","Lst_Name":"VAN HORN","Lst_Type":"DR","LstPosDir":"","ESN":"51","MSAGComm":"WARMINSTER TOWNSHIP","Post_Comm":"WARMINSTER","Post_Code":"18974","Post_Code4":"","Building":"","Floor":" ","Unit":" ","Room":"","Seat":" ","Addtl_Loc":" ","LandmkName":" ","Mile_Post":" ","Place_Type":" ","Placement":" ","Long":-75.08544542,"Lat":40.18618702,"Elev":"0","ParcelID":"49-009-028-009","Full_Addr":"55 VAN HORN DR","Comment":" ","Purpose":null,"DiscrpAgID":"buckscounty.org","created_user":null,"created_date":null,"last_edited_user":"DGALLOWAY","gc_exception":"","ADDRGUID":null,"RDNAME":"VAN HORN DR"}},{"type":"Feature","id":237998,"geometry":{"type":"Point","coordinates":[-75.0854015849921,40.1861398065204]},"properties":{"OBJECTID":237998,"Source":"","DateUpdate":"Tue, 12 Nov 2024 10:04:37 GMT","Effective":"Wed, 01 Jan 2020 00:00:01 GMT","Expire":"Sat, 01 Jan 2050 00:00:01 GMT","Site_NGUID":"SSAP23834757VANHORNDR@buckscounty.org","Country":"US","State":"PA","County":"Bucks County","AddCode":"","AddDataURI":"","Inc_Muni":"Warminster Township","Uninc_Comm":"","Nbrhd_Comm":"","AddNum_Pre":"","Add_Number":"57","AddNum_Suf":"","St_PreMod":"","St_PreDir":"","St_PreTyp":"","St_PreSep":"","St_Name":"VAN HORN","St_PosTyp":"DRIVE","St_PosDir":"","St_PosMod":"","Lst_PreDir":"","Lst_Name":"VAN HORN","Lst_Type":"DR","LstPosDir":"","ESN":"51","MSAGComm":"WARMINSTER TOWNSHIP","Post_Comm":"WARMINSTER","Post_Code":"18974","Post_Code4":"","Building":"","Floor":" ","Unit":" ","Room":"","Seat":" ","Addtl_Loc":" ","LandmkName":" ","Mile_Post":" ","Place_Type":" ","Placement":" ","Long":-75.08539982,"Lat":40.18613169,"Elev":"0","ParcelID":"49-009-028-009","Full_Addr":"57 VAN HORN DR","Comment":" ","Purpose":null,"DiscrpAgID":"buckscounty.org","created_user":null,"created_date":null,"last_edited_user":"DGALLOWAY","gc_exception":"","ADDRGUID":null,"RDNAME":"VAN HORN DR"}},{"type":"Feature","id":237999,"geometry":{"type":"Point","coordinates":[-75.0853559873374,40.1860783343685]},"properties":{"OBJECTID":237999,"Source":"","DateUpdate":"Tue, 12 Nov 2024 10:04:37 GMT","Effective":"Wed, 01 Jan 2020 00:00:01 GMT","Expire":"Sat, 01 Jan 2050 00:00:01 GMT","Site_NGUID":"SSAP23834859VANHORNDR@buckscounty.org","Country":"US","State":"PA","County":"Bucks County","AddCode":"","AddDataURI":"","Inc_Muni":"Warminster Township","Uninc_Comm":"","Nbrhd_Comm":"","AddNum_Pre":"","Add_Number":"59","AddNum_Suf":"","St_PreMod":"","St_PreDir":"","St_PreTyp":"","St_PreSep":"","St_Name":"VAN HORN","St_PosTyp":"DRIVE","St_PosDir":"","St_PosMod":"","Lst_PreDir":"","Lst_Name":"VAN HORN","Lst_Type":"DR","LstPosDir":"","ESN":"51","MSAGComm":"WARMINSTER TOWNSHIP","Post_Comm":"WARMINSTER","Post_Code":"18974","Post_Code4":"","Building":"","Floor":" ","Unit":" ","Room":"","Seat":" ","Addtl_Loc":" ","LandmkName":" ","Mile_Post":" ","Place_Type":" ","Placement":" ","Long":-75.08535423,"Lat":40.18607022,"Elev":"0","ParcelID":"49-009-028-009","Full_Addr":"59 VAN HORN DR","Comment":" ","Purpose":null,"DiscrpAgID":"buckscounty.org","created_user":null,"created_date":null,"last_edited_user":"DGALLOWAY","gc_exception":"","ADDRGUID":null,"RDNAME":"VAN HORN DR"}},{"type":"Feature","id":238000,"geometry":{"type":"Point","coordinates":[-75.085310390512,40.1860148132775]},"properties":{"OBJECTID":238000,"Source":"","DateUpdate":"Tue, 12 Nov 2024 10:04:37 GMT","Effective":"Wed, 01 Jan 2020 00:00:01 GMT","Expire":"Sat, 01 Jan 2050 00:00:01 GMT","Site_NGUID":"SSAP23834961VANHORNDR@buckscounty.org","Country":"US","State":"PA","County":"Bucks County","AddCode":"","AddDataURI":"","Inc_Muni":"Warminster Township","Uninc_Comm":"","Nbrhd_Comm":"","AddNum_Pre":"","Add_Number":"61","AddNum_Suf":"","St_PreMod":"","St_PreDir":"","St_PreTyp":"","St_PreSep":"","St_Name":"VAN HORN","St_PosTyp":"DRIVE","St_PosDir":"","St_PosMod":"","Lst_PreDir":"","Lst_Name":"VAN HORN","Lst_Type":"DR","LstPosDir":"","ESN":"51","MSAGComm":"WARMINSTER TOWNSHIP","Post_Comm":"WARMINSTER","Post_Code":"18974","Post_Code4":"","Building":"","Floor":" ","Unit":" ","Room":"","Seat":" ","Addtl_Loc":" ","LandmkName":" ","Mile_Post":" ","Place_Type":" ","Placement":" ","Long":-75.08530863,"Lat":40.1860067,"Elev":"0","ParcelID":"49-009-028-009","Full_Addr":"61 VAN HORN DR","Comment":" ","Purpose":null,"DiscrpAgID":"buckscounty.org","created_user":null,"created_date":null,"last_edited_user":"DGALLOWAY","gc_exception":"","ADDRGUID":null,"RDNAME":"VAN HORN DR"}},{"type":"Feature","id":238001,"geometry":{"type":"Point","coordinates":[-75.0851682346678,40.185775070093]},"properties":{"OBJECTID":238001,"Source":"","DateUpdate":"Tue, 12 Nov 2024 10:04:37 GMT","Effective":"Wed, 01 Jan 2020 00:00:01 GMT","Expire":"Sat, 01 Jan 2050 00:00:01 GMT","Site_NGUID":"SSAP23835052HARTST@buckscounty.org","Country":"US","State":"PA","County":"Bucks County","AddCode":"","AddDataURI":"","Inc_Muni":"Warminster Township","Uninc_Comm":"","Nbrhd_Comm":"","AddNum_Pre":"","Add_Number":"52","AddNum_Suf":"","St_PreMod":"","St_PreDir":"","St_PreTyp":"","St_PreSep":"","St_Name":"HART","St_PosTyp":"STREET","St_PosDir":"","St_PosMod":"","Lst_PreDir":"","Lst_Name":"HART","Lst_Type":"ST","LstPosDir":"","ESN":"51","MSAGComm":"WARMINSTER TOWNSHIP","Post_Comm":"WARMINSTER","Post_Code":"18974","Post_Code4":"","Building":"","Floor":" ","Unit":" ","Room":"","Seat":" ","Addtl_Loc":" ","LandmkName":" ","Mile_Post":" ","Place_Type":" ","Placement":" ","Long":-75.08516647,"Lat":40.18576696,"Elev":"0","ParcelID":"49-009-028-009","Full_Addr":"52 HART ST","Comment":" ","Purpose":null,"DiscrpAgID":"buckscounty.org","created_user":null,"created_date":null,"last_edited_user":"DGALLOWAY","gc_exception":"","ADDRGUID":null,"RDNAME":"HART ST"}},{"type":"Feature","id":238002,"geometry":{"type":"Point","coordinates":[-75.0852191953871,40.1857525293742]},"properties":{"OBJECTID":238002,"Source":"","DateUpdate":"Tue, 12 Nov 2024 10:04:37 GMT","Effective":"Wed, 01 Jan 2020 00:00:01 GMT","Expire":"Sat, 01 Jan 2050 00:00:01 GMT","Site_NGUID":"SSAP23835150HARTST@buckscounty.org","Country":"US","State":"PA","County":"Bucks County","AddCode":"","AddDataURI":"","Inc_Muni":"Warminster Township","Uninc_Comm":"","Nbrhd_Comm":"","AddNum_Pre":"","Add_Number":"50","AddNum_Suf":"","St_PreMod":"","St_PreDir":"","St_PreTyp":"","St_PreSep":"","St_Name":"HART","St_PosTyp":"STREET","St_PosDir":"","St_PosMod":"","Lst_PreDir":"","Lst_Name":"HART","Lst_Type":"ST","LstPosDir":"","ESN":"51","MSAGComm":"WARMINSTER TOWNSHIP","Post_Comm":"WARMINSTER","Post_Code":"18974","Post_Code4":"","Building":"","Floor":" ","Unit":" ","Room":"","Seat":" ","Addtl_Loc":" ","LandmkName":" ","Mile_Post":" ","Place_Type":" ","Placement":" ","Long":-75.08521744,"Lat":40.18574442,"Elev":"0","ParcelID":"49-009-028-009","Full_Addr":"50 HART ST","Comment":" ","Purpose":null,"DiscrpAgID":"buckscounty.org","created_user":null,"created_date":null,"last_edited_user":"DGALLOWAY","gc_exception":"","ADDRGUID":null,"RDNAME":"HART ST"}},{"type":"Feature","id":238003,"geometry":{"type":"Point","coordinates":[-75.0852835686251,40.1857238432594]},"properties":{"OBJECTID":238003,"Source":"","DateUpdate":"Tue, 12 Nov 2024 10:04:37 GMT","Effective":"Wed, 01 Jan 2020 00:00:01 GMT","Expire":"Sat, 01 Jan 2050 00:00:01 GMT","Site_NGUID":"SSAP23835248HARTST@buckscounty.org","Country":"US","State":"PA","County":"Bucks County","AddCode":"","AddDataURI":"","Inc_Muni":"Warminster Township","Uninc_Comm":"","Nbrhd_Comm":"","AddNum_Pre":"","Add_Number":"48","AddNum_Suf":"","St_PreMod":"","St_PreDir":"","St_PreTyp":"","St_PreSep":"","St_Name":"HART","St_PosTyp":"STREET","St_PosDir":"","St_PosMod":"","Lst_PreDir":"","Lst_Name":"HART","Lst_Type":"ST","LstPosDir":"","ESN":"51","MSAGComm":"WARMINSTER TOWNSHIP","Post_Comm":"WARMINSTER","Post_Code":"18974","Post_Code4":"","Building":"","Floor":" ","Unit":" ","Room":"","Seat":" ","Addtl_Loc":" ","LandmkName":" ","Mile_Post":" ","Place_Type":" ","Placement":" ","Long":-75.08528181,"Lat":40.18571573,"Elev":"0","ParcelID":"49-009-028-009","Full_Addr":"48 HART ST","Comment":" ","Purpose":null,"DiscrpAgID":"buckscounty.org","created_user":null,"created_date":null,"last_edited_user":"DGALLOWAY","gc_exception":"","ADDRGUID":null,"RDNAME":"HART ST"}},{"type":"Feature","id":238004,"geometry":{"type":"Point","coordinates":[-75.0853452587064,40.1857013030817]},"properties":{"OBJECTID":238004,"Source":"","DateUpdate":"Tue, 12 Nov 2024 10:04:37 GMT","Effective":"Wed, 01 Jan 2020 00:00:01 GMT","Expire":"Sat, 01 Jan 2050 00:00:01 GMT","Site_NGUID":"SSAP23835346HARTST@buckscounty.org","Country":"US","State":"PA","County":"Bucks County","AddCode":"","AddDataURI":"","Inc_Muni":"Warminster Township","Uninc_Comm":"","Nbrhd_Comm":"","AddNum_Pre":"","Add_Number":"46","AddNum_Suf":"","St_PreMod":"","St_PreDir":"","St_PreTyp":"","St_PreSep":"","St_Name":"HART","St_PosTyp":"STREET","St_PosDir":"","St_PosMod":"","Lst_PreDir":"","Lst_Name":"HART","Lst_Type":"ST","LstPosDir":"","ESN":"51","MSAGComm":"WARMINSTER TOWNSHIP","Post_Comm":"WARMINSTER","Post_Code":"18974","Post_Code4":"","Building":"","Floor":" ","Unit":" ","Room":"","Seat":" ","Addtl_Loc":" ","LandmkName":" ","Mile_Post":" ","Place_Type":" ","Placement":" ","Long":-75.0853435,"Lat":40.18569319,"Elev":"0","ParcelID":"49-009-028-009","Full_Addr":"46 HART ST","Comment":" ","Purpose":null,"DiscrpAgID":"buckscounty.org","created_user":null,"created_date":null,"last_edited_user":"DGALLOWAY","gc_exception":"","ADDRGUID":null,"RDNAME":"HART ST"}},{"type":"Feature","id":238005,"geometry":{"type":"Point","coordinates":[-75.0860962772647,40.185359101834]},"properties":{"OBJECTID":238005,"Source":"","DateUpdate":"Tue, 12 Nov 2024 10:04:37 GMT","Effective":"Wed, 01 Jan 2020 00:00:01 GMT","Expire":"Sat, 01 Jan 2050 00:00:01 GMT","Site_NGUID":"SSAP23835436HARTST@buckscounty.org","Country":"US","State":"PA","County":"Bucks County","AddCode":"","AddDataURI":"","Inc_Muni":"Warminster Township","Uninc_Comm":"","Nbrhd_Comm":"","AddNum_Pre":"","Add_Number":"36","AddNum_Suf":"","St_PreMod":"","St_PreDir":"","St_PreTyp":"","St_PreSep":"","St_Name":"HART","St_PosTyp":"STREET","St_PosDir":"","St_PosMod":"","Lst_PreDir":"","Lst_Name":"HART","Lst_Type":"ST","LstPosDir":"","ESN":"51","MSAGComm":"WARMINSTER TOWNSHIP","Post_Comm":"WARMINSTER","Post_Code":"18974","Post_Code4":"","Building":"","Floor":" ","Unit":" ","Room":"","Seat":" ","Addtl_Loc":" ","LandmkName":" ","Mile_Post":" ","Place_Type":" ","Placement":" ","Long":-75.08609452,"Lat":40.18535099,"Elev":"0","ParcelID":"49-009-028-009","Full_Addr":"36 HART ST","Comment":" ","Purpose":null,"DiscrpAgID":"buckscounty.org","created_user":null,"created_date":null,"last_edited_user":"DGALLOWAY","gc_exception":"","ADDRGUID":null,"RDNAME":"HART ST"}},{"type":"Feature","id":238006,"geometry":{"type":"Point","coordinates":[-75.0861432145004,40.1853406609904]},"properties":{"OBJECTID":238006,"Source":"","DateUpdate":"Tue, 12 Nov 2024 10:04:37 GMT","Effective":"Wed, 01 Jan 2020 00:00:01 GMT","Expire":"Sat, 01 Jan 2050 00:00:01 GMT","Site_NGUID":"SSAP23835534HARTST@buckscounty.org","Country":"US","State":"PA","County":"Bucks County","AddCode":"","AddDataURI":"","Inc_Muni":"Warminster Township","Uninc_Comm":"","Nbrhd_Comm":"","AddNum_Pre":"","Add_Number":"34","AddNum_Suf":"","St_PreMod":"","St_PreDir":"","St_PreTyp":"","St_PreSep":"","St_Name":"HART","St_PosTyp":"STREET","St_PosDir":"","St_PosMod":"","Lst_PreDir":"","Lst_Name":"HART","Lst_Type":"ST","LstPosDir":"","ESN":"51","MSAGComm":"WARMINSTER TOWNSHIP","Post_Comm":"WARMINSTER","Post_Code":"18974","Post_Code4":"","Building":"","Floor":" ","Unit":" ","Room":"","Seat":" ","Addtl_Loc":" ","LandmkName":" ","Mile_Post":" ","Place_Type":" ","Placement":" ","Long":-75.08614145,"Lat":40.18533255,"Elev":"0","ParcelID":"49-009-028-009","Full_Addr":"34 HART ST","Comment":" ","Purpose":null,"DiscrpAgID":"buckscounty.org","created_user":null,"created_date":null,"last_edited_user":"DGALLOWAY","gc_exception":"","ADDRGUID":null,"RDNAME":"HART ST"}},{"type":"Feature","id":238007,"geometry":{"type":"Point","coordinates":[-75.0862049053855,40.1853140225096]},"properties":{"OBJECTID":238007,"Source":"","DateUpdate":"Tue, 12 Nov 2024 10:04:37 GMT","Effective":"Wed, 01 Jan 2020 00:00:01 GMT","Expire":"Sat, 01 Jan 2050 00:00:01 GMT","Site_NGUID":"SSAP23835632HARTST@buckscounty.org","Country":"US","State":"PA","County":"Bucks County","AddCode":"","AddDataURI":"","Inc_Muni":"Warminster Township","Uninc_Comm":"","Nbrhd_Comm":"","AddNum_Pre":"","Add_Number":"32","AddNum_Suf":"","St_PreMod":"","St_PreDir":"","St_PreTyp":"","St_PreSep":"","St_Name":"HART","St_PosTyp":"STREET","St_PosDir":"","St_PosMod":"","Lst_PreDir":"","Lst_Name":"HART","Lst_Type":"ST","LstPosDir":"","ESN":"51","MSAGComm":"WARMINSTER TOWNSHIP","Post_Comm":"WARMINSTER","Post_Code":"18974","Post_Code4":"","Building":"","Floor":" ","Unit":" ","Room":"","Seat":" ","Addtl_Loc":" ","LandmkName":" ","Mile_Post":" ","Place_Type":" ","Placement":" ","Long":-75.08620314,"Lat":40.18530591,"Elev":"0","ParcelID":"49-009-028-009","Full_Addr":"32 HART ST","Comment":" ","Purpose":null,"DiscrpAgID":"buckscounty.org","created_user":null,"created_date":null,"last_edited_user":"DGALLOWAY","gc_exception":"","ADDRGUID":null,"RDNAME":"HART ST"}},{"type":"Feature","id":238008,"geometry":{"type":"Point","coordinates":[-75.0862665977193,40.1852863604627]},"properties":{"OBJECTID":238008,"Source":"","DateUpdate":"Tue, 12 Nov 2024 10:04:37 GMT","Effective":"Wed, 01 Jan 2020 00:00:01 GMT","Expire":"Sat, 01 Jan 2050 00:00:01 GMT","Site_NGUID":"SSAP23835730HARTST@buckscounty.org","Country":"US","State":"PA","County":"Bucks County","AddCode":"","AddDataURI":"","Inc_Muni":"Warminster Township","Uninc_Comm":"","Nbrhd_Comm":"","AddNum_Pre":"","Add_Number":"30","AddNum_Suf":"","St_PreMod":"","St_PreDir":"","St_PreTyp":"","St_PreSep":"","St_Name":"HART","St_PosTyp":"STREET","St_PosDir":"","St_PosMod":"","Lst_PreDir":"","Lst_Name":"HART","Lst_Type":"ST","LstPosDir":"","ESN":"51","MSAGComm":"WARMINSTER TOWNSHIP","Post_Comm":"WARMINSTER","Post_Code":"18974","Post_Code4":"","Building":"","Floor":" ","Unit":" ","Room":"","Seat":" ","Addtl_Loc":" ","LandmkName":" ","Mile_Post":" ","Place_Type":" ","Placement":" ","Long":-75.08626484,"Lat":40.18527825,"Elev":"0","ParcelID":"49-009-028-009","Full_Addr":"30 HART ST","Comment":" ","Purpose":null,"DiscrpAgID":"buckscounty.org","created_user":null,"created_date":null,"last_edited_user":"DGALLOWAY","gc_exception":"","ADDRGUID":null,"RDNAME":"HART ST"}},{"type":"Feature","id":238009,"geometry":{"type":"Point","coordinates":[-75.086643448393,40.1853867664325]},"properties":{"OBJECTID":238009,"Source":"","DateUpdate":"Tue, 12 Nov 2024 10:04:37 GMT","Effective":"Wed, 01 Jan 2020 00:00:01 GMT","Expire":"Sat, 01 Jan 2050 00:00:01 GMT","Site_NGUID":"SSAP23835827HARTST@buckscounty.org","Country":"US","State":"PA","County":"Bucks County","AddCode":"","AddDataURI":"","Inc_Muni":"Warminster Township","Uninc_Comm":"","Nbrhd_Comm":"","AddNum_Pre":"","Add_Number":"27","AddNum_Suf":"","St_PreMod":"","St_PreDir":"","St_PreTyp":"","St_PreSep":"","St_Name":"HART","St_PosTyp":"STREET","St_PosDir":"","St_PosMod":"","Lst_PreDir":"","Lst_Name":"HART","Lst_Type":"ST","LstPosDir":"","ESN":"51","MSAGComm":"WARMINSTER TOWNSHIP","Post_Comm":"WARMINSTER","Post_Code":"18974","Post_Code4":"","Building":"","Floor":" ","Unit":" ","Room":"","Seat":" ","Addtl_Loc":" ","LandmkName":" ","Mile_Post":" ","Place_Type":" ","Placement":" ","Long":-75.08664169,"Lat":40.18537865,"Elev":"0","ParcelID":"49-009-028-009","Full_Addr":"27 HART ST","Comment":" ","Purpose":null,"DiscrpAgID":"buckscounty.org","created_user":null,"created_date":null,"last_edited_user":"DGALLOWAY","gc_exception":"","ADDRGUID":null,"RDNAME":"HART ST"}},{"type":"Feature","id":238010,"geometry":{"type":"Point","coordinates":[-75.0866970913309,40.185358078155]},"properties":{"OBJECTID":238010,"Source":"","DateUpdate":"Tue, 12 Nov 2024 10:04:37 GMT","Effective":"Wed, 01 Jan 2020 00:00:01 GMT","Expire":"Sat, 01 Jan 2050 00:00:01 GMT","Site_NGUID":"SSAP23835925HARTST@buckscounty.org","Country":"US","State":"PA","County":"Bucks County","AddCode":"","AddDataURI":"","Inc_Muni":"Warminster Township","Uninc_Comm":"","Nbrhd_Comm":"","AddNum_Pre":"","Add_Number":"25","AddNum_Suf":"","St_PreMod":"","St_PreDir":"","St_PreTyp":"","St_PreSep":"","St_Name":"HART","St_PosTyp":"STREET","St_PosDir":"","St_PosMod":"","Lst_PreDir":"","Lst_Name":"HART","Lst_Type":"ST","LstPosDir":"","ESN":"51","MSAGComm":"WARMINSTER TOWNSHIP","Post_Comm":"WARMINSTER","Post_Code":"18974","Post_Code4":"","Building":"","Floor":" ","Unit":" ","Room":"","Seat":" ","Addtl_Loc":" ","LandmkName":" ","Mile_Post":" ","Place_Type":" ","Placement":" ","Long":-75.08669533,"Lat":40.18534996,"Elev":"0","ParcelID":"49-009-028-009","Full_Addr":"25 HART ST","Comment":" ","Purpose":null,"DiscrpAgID":"buckscounty.org","created_user":null,"created_date":null,"last_edited_user":"DGALLOWAY","gc_exception":"","ADDRGUID":null,"RDNAME":"HART ST"}},{"type":"Feature","id":238011,"geometry":{"type":"Point","coordinates":[-75.0867721950906,40.1853232440094]},"properties":{"OBJECTID":238011,"Source":"","DateUpdate":"Tue, 12 Nov 2024 10:04:37 GMT","Effective":"Wed, 01 Jan 2020 00:00:01 GMT","Expire":"Sat, 01 Jan 2050 00:00:01 GMT","Site_NGUID":"SSAP23836023HARTST@buckscounty.org","Country":"US","State":"PA","County":"Bucks County","AddCode":"","AddDataURI":"","Inc_Muni":"Warminster Township","Uninc_Comm":"","Nbrhd_Comm":"","AddNum_Pre":"","Add_Number":"23","AddNum_Suf":"","St_PreMod":"","St_PreDir":"","St_PreTyp":"","St_PreSep":"","St_Name":"HART","St_PosTyp":"STREET","St_PosDir":"","St_PosMod":"","Lst_PreDir":"","Lst_Name":"HART","Lst_Type":"ST","LstPosDir":"","ESN":"51","MSAGComm":"WARMINSTER TOWNSHIP","Post_Comm":"WARMINSTER","Post_Code":"18974","Post_Code4":"","Building":"","Floor":" ","Unit":" ","Room":"","Seat":" ","Addtl_Loc":" ","LandmkName":" ","Mile_Post":" ","Place_Type":" ","Placement":" ","Long":-75.08677043,"Lat":40.18531513,"Elev":"0","ParcelID":"49-009-028-009","Full_Addr":"23 HART ST","Comment":" ","Purpose":null,"DiscrpAgID":"buckscounty.org","created_user":null,"created_date":null,"last_edited_user":"DGALLOWAY","gc_exception":"","ADDRGUID":null,"RDNAME":"HART ST"}},{"type":"Feature","id":238012,"geometry":{"type":"Point","coordinates":[-75.0868472962701,40.1852925058288]},"properties":{"OBJECTID":238012,"Source":"","DateUpdate":"Tue, 12 Nov 2024 10:04:37 GMT","Effective":"Wed, 01 Jan 2020 00:00:01 GMT","Expire":"Sat, 01 Jan 2050 00:00:01 GMT","Site_NGUID":"SSAP23836121HARTST@buckscounty.org","Country":"US","State":"PA","County":"Bucks County","AddCode":"","AddDataURI":"","Inc_Muni":"Warminster Township","Uninc_Comm":"","Nbrhd_Comm":"","AddNum_Pre":"","Add_Number":"21","AddNum_Suf":"","St_PreMod":"","St_PreDir":"","St_PreTyp":"","St_PreSep":"","St_Name":"HART","St_PosTyp":"STREET","St_PosDir":"","St_PosMod":"","Lst_PreDir":"","Lst_Name":"HART","Lst_Type":"ST","LstPosDir":"","ESN":"51","MSAGComm":"WARMINSTER TOWNSHIP","Post_Comm":"WARMINSTER","Post_Code":"18974","Post_Code4":"","Building":"","Floor":" ","Unit":" ","Room":"","Seat":" ","Addtl_Loc":" ","LandmkName":" ","Mile_Post":" ","Place_Type":" ","Placement":" ","Long":-75.08684554,"Lat":40.18528439,"Elev":"0","ParcelID":"49-009-028-009","Full_Addr":"21 HART ST","Comment":" ","Purpose":null,"DiscrpAgID":"buckscounty.org","created_user":null,"created_date":null,"last_edited_user":"DGALLOWAY","gc_exception":"","ADDRGUID":null,"RDNAME":"HART ST"}},{"type":"Feature","id":238013,"geometry":{"type":"Point","coordinates":[-75.0870779671878,40.1851818558034]},"properties":{"OBJECTID":238013,"Source":"","DateUpdate":"Tue, 12 Nov 2024 10:04:37 GMT","Effective":"Wed, 01 Jan 2020 00:00:01 GMT","Expire":"Sat, 01 Jan 2050 00:00:01 GMT","Site_NGUID":"SSAP23836219HARTST@buckscounty.org","Country":"US","State":"PA","County":"Bucks County","AddCode":"","AddDataURI":"","Inc_Muni":"Warminster Township","Uninc_Comm":"","Nbrhd_Comm":"","AddNum_Pre":"","Add_Number":"19","AddNum_Suf":"","St_PreMod":"","St_PreDir":"","St_PreTyp":"","St_PreSep":"","St_Name":"HART","St_PosTyp":"STREET","St_PosDir":"","St_PosMod":"","Lst_PreDir":"","Lst_Name":"HART","Lst_Type":"ST","LstPosDir":"","ESN":"51","MSAGComm":"WARMINSTER TOWNSHIP","Post_Comm":"WARMINSTER","Post_Code":"18974","Post_Code4":"","Building":"","Floor":" ","Unit":" ","Room":"","Seat":" ","Addtl_Loc":" ","LandmkName":" ","Mile_Post":" ","Place_Type":" ","Placement":" ","Long":-75.08707621,"Lat":40.18517374,"Elev":"0","ParcelID":"49-009-028-009","Full_Addr":"19 HART ST","Comment":" ","Purpose":null,"DiscrpAgID":"buckscounty.org","created_user":null,"created_date":null,"last_edited_user":"DGALLOWAY","gc_exception":"","ADDRGUID":null,"RDNAME":"HART ST"}},{"type":"Feature","id":238014,"geometry":{"type":"Point","coordinates":[-75.0871262463919,40.1851613642391]},"properties":{"OBJECTID":238014,"Source":"","DateUpdate":"Tue, 12 Nov 2024 10:04:37 GMT","Effective":"Wed, 01 Jan 2020 00:00:01 GMT","Expire":"Sat, 01 Jan 2050 00:00:01 GMT","Site_NGUID":"SSAP23836317HARTST@buckscounty.org","Country":"US","State":"PA","County":"Bucks County","AddCode":"","AddDataURI":"","Inc_Muni":"Warminster Township","Uninc_Comm":"","Nbrhd_Comm":"","AddNum_Pre":"","Add_Number":"17","AddNum_Suf":"","St_PreMod":"","St_PreDir":"","St_PreTyp":"","St_PreSep":"","St_Name":"HART","St_PosTyp":"STREET","St_PosDir":"","St_PosMod":"","Lst_PreDir":"","Lst_Name":"HART","Lst_Type":"ST","LstPosDir":"","ESN":"51","MSAGComm":"WARMINSTER TOWNSHIP","Post_Comm":"WARMINSTER","Post_Code":"18974","Post_Code4":"","Building":"","Floor":" ","Unit":" ","Room":"","Seat":" ","Addtl_Loc":" ","LandmkName":" ","Mile_Post":" ","Place_Type":" ","Placement":" ","Long":-75.08712449,"Lat":40.18515325,"Elev":"0","ParcelID":"49-009-028-009","Full_Addr":"17 HART ST","Comment":" ","Purpose":null,"DiscrpAgID":"buckscounty.org","created_user":null,"created_date":null,"last_edited_user":"DGALLOWAY","gc_exception":"","ADDRGUID":null,"RDNAME":"HART ST"}},{"type":"Feature","id":238015,"geometry":{"type":"Point","coordinates":[-75.0871798903273,40.1851388243805]},"properties":{"OBJECTID":238015,"Source":"","DateUpdate":"Tue, 12 Nov 2024 10:04:37 GMT","Effective":"Wed, 01 Jan 2020 00:00:01 GMT","Expire":"Sat, 01 Jan 2050 00:00:01 GMT","Site_NGUID":"SSAP23836415HARTST@buckscounty.org","Country":"US","State":"PA","County":"Bucks County","AddCode":"","AddDataURI":"","Inc_Muni":"Warminster Township","Uninc_Comm":"","Nbrhd_Comm":"","AddNum_Pre":"","Add_Number":"15","AddNum_Suf":"","St_PreMod":"","St_PreDir":"","St_PreTyp":"","St_PreSep":"","St_Name":"HART","St_PosTyp":"STREET","St_PosDir":"","St_PosMod":"","Lst_PreDir":"","Lst_Name":"HART","Lst_Type":"ST","LstPosDir":"","ESN":"51","MSAGComm":"WARMINSTER TOWNSHIP","Post_Comm":"WARMINSTER","Post_Code":"18974","Post_Code4":"","Building":"","Floor":" ","Unit":" ","Room":"","Seat":" ","Addtl_Loc":" ","LandmkName":" ","Mile_Post":" ","Place_Type":" ","Placement":" ","Long":-75.08717813,"Lat":40.18513071,"Elev":"0","ParcelID":"49-009-028-009","Full_Addr":"15 HART ST","Comment":" ","Purpose":null,"DiscrpAgID":"buckscounty.org","created_user":null,"created_date":null,"last_edited_user":"DGALLOWAY","gc_exception":"","ADDRGUID":null,"RDNAME":"HART ST"}},{"type":"Feature","id":238016,"geometry":{"type":"Point","coordinates":[-75.0872442628751,40.1851080873469]},"properties":{"OBJECTID":238016,"Source":"","DateUpdate":"Tue, 12 Nov 2024 10:04:37 GMT","Effective":"Wed, 01 Jan 2020 00:00:01 GMT","Expire":"Sat, 01 Jan 2050 00:00:01 GMT","Site_NGUID":"SSAP23836513HARTST@buckscounty.org","Country":"US","State":"PA","County":"Bucks County","AddCode":"","AddDataURI":"","Inc_Muni":"Warminster Township","Uninc_Comm":"","Nbrhd_Comm":"","AddNum_Pre":"","Add_Number":"13","AddNum_Suf":"","St_PreMod":"","St_PreDir":"","St_PreTyp":"","St_PreSep":"","St_Name":"HART","St_PosTyp":"STREET","St_PosDir":"","St_PosMod":"","Lst_PreDir":"","Lst_Name":"HART","Lst_Type":"ST","LstPosDir":"","ESN":"51","MSAGComm":"WARMINSTER TOWNSHIP","Post_Comm":"WARMINSTER","Post_Code":"18974","Post_Code4":"","Building":"","Floor":" ","Unit":" ","Room":"","Seat":" ","Addtl_Loc":" ","LandmkName":" ","Mile_Post":" ","Place_Type":" ","Placement":" ","Long":-75.0872425,"Lat":40.18509997,"Elev":"0","ParcelID":"49-009-028-009","Full_Addr":"13 HART ST","Comment":" ","Purpose":null,"DiscrpAgID":"buckscounty.org","created_user":null,"created_date":null,"last_edited_user":"DGALLOWAY","gc_exception":"","ADDRGUID":null,"RDNAME":"HART ST"}},{"type":"Feature","id":238017,"geometry":{"type":"Point","coordinates":[-75.0873086360505,40.1850753013562]},"properties":{"OBJECTID":238017,"Source":"","DateUpdate":"Tue, 12 Nov 2024 10:04:37 GMT","Effective":"Wed, 01 Jan 2020 00:00:01 GMT","Expire":"Sat, 01 Jan 2050 00:00:01 GMT","Site_NGUID":"SSAP23836611HARTST@buckscounty.org","Country":"US","State":"PA","County":"Bucks County","AddCode":"","AddDataURI":"","Inc_Muni":"Warminster Township","Uninc_Comm":"","Nbrhd_Comm":"","AddNum_Pre":"","Add_Number":"11","AddNum_Suf":"","St_PreMod":"","St_PreDir":"","St_PreTyp":"","St_PreSep":"","St_Name":"HART","St_PosTyp":"STREET","St_PosDir":"","St_PosMod":"","Lst_PreDir":"","Lst_Name":"HART","Lst_Type":"ST","LstPosDir":"","ESN":"51","MSAGComm":"WARMINSTER TOWNSHIP","Post_Comm":"WARMINSTER","Post_Code":"18974","Post_Code4":"","Building":"","Floor":" ","Unit":" ","Room":"","Seat":" ","Addtl_Loc":" ","LandmkName":" ","Mile_Post":" ","Place_Type":" ","Placement":" ","Long":-75.08730688,"Lat":40.18506719,"Elev":"0","ParcelID":"49-009-028-009","Full_Addr":"11 HART ST","Comment":" ","Purpose":null,"DiscrpAgID":"buckscounty.org","created_user":null,"created_date":null,"last_edited_user":"DGALLOWAY","gc_exception":"","ADDRGUID":null,"RDNAME":"HART ST"}},{"type":"Feature","id":238018,"geometry":{"type":"Point","coordinates":[-75.0873622795984,40.1850466136953]},"properties":{"OBJECTID":238018,"Source":"","DateUpdate":"Tue, 12 Nov 2024 10:04:37 GMT","Effective":"Wed, 01 Jan 2020 00:00:01 GMT","Expire":"Sat, 01 Jan 2050 00:00:01 GMT","Site_NGUID":"SSAP2383679HARTST@buckscounty.org","Country":"US","State":"PA","County":"Bucks County","AddCode":"","AddDataURI":"","Inc_Muni":"Warminster Township","Uninc_Comm":"","Nbrhd_Comm":"","AddNum_Pre":"","Add_Number":"9","AddNum_Suf":"","St_PreMod":"","St_PreDir":"","St_PreTyp":"","St_PreSep":"","St_Name":"HART","St_PosTyp":"STREET","St_PosDir":"","St_PosMod":"","Lst_PreDir":"","Lst_Name":"HART","Lst_Type":"ST","LstPosDir":"","ESN":"51","MSAGComm":"WARMINSTER TOWNSHIP","Post_Comm":"WARMINSTER","Post_Code":"18974","Post_Code4":"","Building":"","Floor":" ","Unit":" ","Room":"","Seat":" ","Addtl_Loc":" ","LandmkName":" ","Mile_Post":" ","Place_Type":" ","Placement":" ","Long":-75.08736052,"Lat":40.1850385,"Elev":"0","ParcelID":"49-009-028-009","Full_Addr":"9 HART ST","Comment":" ","Purpose":null,"DiscrpAgID":"buckscounty.org","created_user":null,"created_date":null,"last_edited_user":"DGALLOWAY","gc_exception":"","ADDRGUID":null,"RDNAME":"HART ST"}},{"type":"Feature","id":238019,"geometry":{"type":"Point","coordinates":[-75.0876090442673,40.1849441576363]},"properties":{"OBJECTID":238019,"Source":"","DateUpdate":"Tue, 12 Nov 2024 10:04:37 GMT","Effective":"Wed, 01 Jan 2020 00:00:01 GMT","Expire":"Sat, 01 Jan 2050 00:00:01 GMT","Site_NGUID":"SSAP2383687HARTST@buckscounty.org","Country":"US","State":"PA","County":"Bucks County","AddCode":"","AddDataURI":"","Inc_Muni":"Warminster Township","Uninc_Comm":"","Nbrhd_Comm":"","AddNum_Pre":"","Add_Number":"0","AddNum_Suf":"","St_PreMod":"","St_PreDir":"","St_PreTyp":"","St_PreSep":"","St_Name":"HART","St_PosTyp":"STREET","St_PosDir":"","St_PosMod":"","Lst_PreDir":"","Lst_Name":"HART","Lst_Type":"ST","LstPosDir":"","ESN":"51","MSAGComm":"WARMINSTER TOWNSHIP","Post_Comm":"WARMINSTER","Post_Code":"18974","Post_Code4":"","Building":"","Floor":" ","Unit":" ","Room":"","Seat":" ","Addtl_Loc":" ","LandmkName":" ","Mile_Post":" ","Place_Type":" ","Placement":" ","Long":-75.08760728,"Lat":40.18493604,"Elev":"0","ParcelID":"49-009-028-009","Full_Addr":"7 HART ST","Comment":" ","Purpose":null,"DiscrpAgID":"buckscounty.org","created_user":null,"created_date":null,"last_edited_user":"DGALLOWAY","gc_exception":"999","ADDRGUID":null,"RDNAME":"HART ST"}},{"type":"Feature","id":238020,"geometry":{"type":"Point","coordinates":[-75.0877354426195,40.1848821719735]},"properties":{"OBJECTID":238020,"Source":"","DateUpdate":"Tue, 12 Nov 2024 10:04:37 GMT","Effective":"Wed, 01 Jan 2020 00:00:01 GMT","Expire":"Sat, 01 Jan 2050 00:00:01 GMT","Site_NGUID":"SSAP2383693HARTST@buckscounty.org","Country":"US","State":"PA","County":"Bucks County","AddCode":"","AddDataURI":"","Inc_Muni":"Warminster Township","Uninc_Comm":"","Nbrhd_Comm":"","AddNum_Pre":"","Add_Number":"3","AddNum_Suf":"","St_PreMod":"","St_PreDir":"","St_PreTyp":"","St_PreSep":"","St_Name":"HART","St_PosTyp":"STREET","St_PosDir":"","St_PosMod":"","Lst_PreDir":"","Lst_Name":"HART","Lst_Type":"ST","LstPosDir":"","ESN":"51","MSAGComm":"WARMINSTER TOWNSHIP","Post_Comm":"WARMINSTER","Post_Code":"18974","Post_Code4":"","Building":"","Floor":" ","Unit":" ","Room":"","Seat":" ","Addtl_Loc":" ","LandmkName":" ","Mile_Post":" ","Place_Type":" ","Placement":" ","Long":-75.08773368,"Lat":40.18487406,"Elev":"0","ParcelID":"49-009-028-009","Full_Addr":"3 HART ST","Comment":" ","Purpose":null,"DiscrpAgID":"buckscounty.org","created_user":null,"created_date":null,"last_edited_user":"DGALLOWAY","gc_exception":"","ADDRGUID":null,"RDNAME":"HART ST"}},{"type":"Feature","id":238021,"geometry":{"type":"Point","coordinates":[-75.0878450790173,40.1848376037205]},"properties":{"OBJECTID":238021,"Source":"","DateUpdate":"Tue, 12 Nov 2024 10:04:37 GMT","Effective":"Wed, 01 Jan 2020 00:00:01 GMT","Expire":"Sat, 01 Jan 2050 00:00:01 GMT","Site_NGUID":"SSAP2383701HARTST@buckscounty.org","Country":"US","State":"PA","County":"Bucks County","AddCode":"","AddDataURI":"","Inc_Muni":"Warminster Township","Uninc_Comm":"","Nbrhd_Comm":"","AddNum_Pre":"","Add_Number":"1","AddNum_Suf":"","St_PreMod":"","St_PreDir":"","St_PreTyp":"","St_PreSep":"","St_Name":"HART","St_PosTyp":"STREET","St_PosDir":"","St_PosMod":"","Lst_PreDir":"","Lst_Name":"HART","Lst_Type":"ST","LstPosDir":"","ESN":"51","MSAGComm":"WARMINSTER TOWNSHIP","Post_Comm":"WARMINSTER","Post_Code":"18974","Post_Code4":"","Building":"","Floor":" ","Unit":" ","Room":"","Seat":" ","Addtl_Loc":" ","LandmkName":" ","Mile_Post":" ","Place_Type":" ","Placement":" ","Long":-75.08784332,"Lat":40.18482949,"Elev":"0","ParcelID":"49-009-028-009","Full_Addr":"1 HART ST","Comment":" ","Purpose":null,"DiscrpAgID":"buckscounty.org","created_user":null,"created_date":null,"last_edited_user":"DGALLOWAY","gc_exception":"","ADDRGUID":null,"RDNAME":"HART ST"}},{"type":"Feature","id":238022,"geometry":{"type":"Point","coordinates":[-75.0875419875965,40.1852802117325]},"properties":{"OBJECTID":238022,"Source":"","DateUpdate":"Tue, 12 Nov 2024 10:04:37 GMT","Effective":"Wed, 01 Jan 2020 00:00:01 GMT","Expire":"Sat, 01 Jan 2050 00:00:01 GMT","Site_NGUID":"SSAP23837110GRIERST@buckscounty.org","Country":"US","State":"PA","County":"Bucks County","AddCode":"","AddDataURI":"","Inc_Muni":"Warminster Township","Uninc_Comm":"","Nbrhd_Comm":"","AddNum_Pre":"","Add_Number":"10","AddNum_Suf":"","St_PreMod":"","St_PreDir":"","St_PreTyp":"","St_PreSep":"","St_Name":"GRIER","St_PosTyp":"STREET","St_PosDir":"","St_PosMod":"","Lst_PreDir":"","Lst_Name":"GRIER","Lst_Type":"ST","LstPosDir":"","ESN":"51","MSAGComm":"WARMINSTER TOWNSHIP","Post_Comm":"WARMINSTER","Post_Code":"18974","Post_Code4":"","Building":"","Floor":" ","Unit":" ","Room":"","Seat":" ","Addtl_Loc":" ","LandmkName":" ","Mile_Post":" ","Place_Type":" ","Placement":" ","Long":-75.08754023,"Lat":40.1852721,"Elev":"0","ParcelID":"49-009-028-009","Full_Addr":"10 GRIER ST","Comment":" ","Purpose":null,"DiscrpAgID":"buckscounty.org","created_user":null,"created_date":null,"last_edited_user":"DGALLOWAY","gc_exception":"","ADDRGUID":null,"RDNAME":"GRIER ST"}},{"type":"Feature","id":238023,"geometry":{"type":"Point","coordinates":[-75.0874105598692,40.1853396363796]},"properties":{"OBJECTID":238023,"Source":"","DateUpdate":"Tue, 12 Nov 2024 10:04:37 GMT","Effective":"Wed, 01 Jan 2020 00:00:01 GMT","Expire":"Sat, 01 Jan 2050 00:00:01 GMT","Site_NGUID":"SSAP23837214GRIERST@buckscounty.org","Country":"US","State":"PA","County":"Bucks County","AddCode":"","AddDataURI":"","Inc_Muni":"Warminster Township","Uninc_Comm":"","Nbrhd_Comm":"","AddNum_Pre":"","Add_Number":"14","AddNum_Suf":"","St_PreMod":"","St_PreDir":"","St_PreTyp":"","St_PreSep":"","St_Name":"GRIER","St_PosTyp":"STREET","St_PosDir":"","St_PosMod":"","Lst_PreDir":"","Lst_Name":"GRIER","Lst_Type":"ST","LstPosDir":"","ESN":"51","MSAGComm":"WARMINSTER TOWNSHIP","Post_Comm":"WARMINSTER","Post_Code":"18974","Post_Code4":"","Building":"","Floor":" ","Unit":" ","Room":"","Seat":" ","Addtl_Loc":" ","LandmkName":" ","Mile_Post":" ","Place_Type":" ","Placement":" ","Long":-75.0874088,"Lat":40.18533152,"Elev":"0","ParcelID":"49-009-028-009","Full_Addr":"14 GRIER ST","Comment":" ","Purpose":null,"DiscrpAgID":"buckscounty.org","created_user":null,"created_date":null,"last_edited_user":"DGALLOWAY","gc_exception":"","ADDRGUID":null,"RDNAME":"GRIER ST"}},{"type":"Feature","id":238024,"geometry":{"type":"Point","coordinates":[-75.0873461872122,40.1853703726054]},"properties":{"OBJECTID":238024,"Source":"","DateUpdate":"Tue, 12 Nov 2024 10:04:37 GMT","Effective":"Wed, 01 Jan 2020 00:00:01 GMT","Expire":"Sat, 01 Jan 2050 00:00:01 GMT","Site_NGUID":"SSAP23837316GRIERST@buckscounty.org","Country":"US","State":"PA","County":"Bucks County","AddCode":"","AddDataURI":"","Inc_Muni":"Warminster Township","Uninc_Comm":"","Nbrhd_Comm":"","AddNum_Pre":"","Add_Number":"16","AddNum_Suf":"","St_PreMod":"","St_PreDir":"","St_PreTyp":"","St_PreSep":"","St_Name":"GRIER","St_PosTyp":"STREET","St_PosDir":"","St_PosMod":"","Lst_PreDir":"","Lst_Name":"GRIER","Lst_Type":"ST","LstPosDir":"","ESN":"51","MSAGComm":"WARMINSTER TOWNSHIP","Post_Comm":"WARMINSTER","Post_Code":"18974","Post_Code4":"","Building":"","Floor":" ","Unit":" ","Room":"","Seat":" ","Addtl_Loc":" ","LandmkName":" ","Mile_Post":" ","Place_Type":" ","Placement":" ","Long":-75.08734443,"Lat":40.18536226,"Elev":"0","ParcelID":"49-009-028-009","Full_Addr":"16 GRIER ST","Comment":" ","Purpose":null,"DiscrpAgID":"buckscounty.org","created_user":null,"created_date":null,"last_edited_user":"DGALLOWAY","gc_exception":"","ADDRGUID":null,"RDNAME":"GRIER ST"}},{"type":"Feature","id":238025,"geometry":{"type":"Point","coordinates":[-75.0872898620246,40.1853970114663]},"properties":{"OBJECTID":238025,"Source":"","DateUpdate":"Tue, 12 Nov 2024 10:04:37 GMT","Effective":"Wed, 01 Jan 2020 00:00:01 GMT","Expire":"Sat, 01 Jan 2050 00:00:01 GMT","Site_NGUID":"SSAP23837418GRIERST@buckscounty.org","Country":"US","State":"PA","County":"Bucks County","AddCode":"","AddDataURI":"","Inc_Muni":"Warminster Township","Uninc_Comm":"","Nbrhd_Comm":"","AddNum_Pre":"","Add_Number":"18","AddNum_Suf":"","St_PreMod":"","St_PreDir":"","St_PreTyp":"","St_PreSep":"","St_Name":"GRIER","St_PosTyp":"STREET","St_PosDir":"","St_PosMod":"","Lst_PreDir":"","Lst_Name":"GRIER","Lst_Type":"ST","LstPosDir":"","ESN":"51","MSAGComm":"WARMINSTER TOWNSHIP","Post_Comm":"WARMINSTER","Post_Code":"18974","Post_Code4":"","Building":"","Floor":" ","Unit":" ","Room":"","Seat":" ","Addtl_Loc":" ","LandmkName":" ","Mile_Post":" ","Place_Type":" ","Placement":" ","Long":-75.0872881,"Lat":40.1853889,"Elev":"0","ParcelID":"49-009-028-009","Full_Addr":"18 GRIER ST","Comment":" ","Purpose":null,"DiscrpAgID":"buckscounty.org","created_user":null,"created_date":null,"last_edited_user":"DGALLOWAY","gc_exception":"","ADDRGUID":null,"RDNAME":"GRIER ST"}},{"type":"Feature","id":238026,"geometry":{"type":"Point","coordinates":[-75.0874776145274,40.1853088999842]},"properties":{"OBJECTID":238026,"Source":"","DateUpdate":"Tue, 12 Nov 2024 10:04:37 GMT","Effective":"Wed, 01 Jan 2020 00:00:01 GMT","Expire":"Sat, 01 Jan 2050 00:00:01 GMT","Site_NGUID":"SSAP23837512GRIERST@buckscounty.org","Country":"US","State":"PA","County":"Bucks County","AddCode":"","AddDataURI":"","Inc_Muni":"Warminster Township","Uninc_Comm":"","Nbrhd_Comm":"","AddNum_Pre":"","Add_Number":"12","AddNum_Suf":"","St_PreMod":"","St_PreDir":"","St_PreTyp":"","St_PreSep":"","St_Name":"GRIER","St_PosTyp":"STREET","St_PosDir":"","St_PosMod":"","Lst_PreDir":"","Lst_Name":"GRIER","Lst_Type":"ST","LstPosDir":"","ESN":"51","MSAGComm":"WARMINSTER TOWNSHIP","Post_Comm":"WARMINSTER","Post_Code":"18974","Post_Code4":"","Building":"","Floor":" ","Unit":" ","Room":"","Seat":" ","Addtl_Loc":" ","LandmkName":" ","Mile_Post":" ","Place_Type":" ","Placement":" ","Long":-75.08747585,"Lat":40.18530079,"Elev":"0","ParcelID":"49-009-028-009","Full_Addr":"12 GRIER ST","Comment":" ","Purpose":null,"DiscrpAgID":"buckscounty.org","created_user":null,"created_date":null,"last_edited_user":"DGALLOWAY","gc_exception":"","ADDRGUID":null,"RDNAME":"GRIER ST"}},{"type":"Feature","id":238027,"geometry":{"type":"Point","coordinates":[-75.0872335339952,40.1854216003971]},"properties":{"OBJECTID":238027,"Source":"","DateUpdate":"Tue, 12 Nov 2024 10:04:37 GMT","Effective":"Wed, 01 Jan 2020 00:00:01 GMT","Expire":"Sat, 01 Jan 2050 00:00:01 GMT","Site_NGUID":"SSAP23837620GRIERST@buckscounty.org","Country":"US","State":"PA","County":"Bucks County","AddCode":"","AddDataURI":"","Inc_Muni":"Warminster Township","Uninc_Comm":"","Nbrhd_Comm":"","AddNum_Pre":"","Add_Number":"20","AddNum_Suf":"","St_PreMod":"","St_PreDir":"","St_PreTyp":"","St_PreSep":"","St_Name":"GRIER","St_PosTyp":"STREET","St_PosDir":"","St_PosMod":"","Lst_PreDir":"","Lst_Name":"GRIER","Lst_Type":"ST","LstPosDir":"","ESN":"51","MSAGComm":"WARMINSTER TOWNSHIP","Post_Comm":"WARMINSTER","Post_Code":"18974","Post_Code4":"","Building":"","Floor":" ","Unit":" ","Room":"","Seat":" ","Addtl_Loc":" ","LandmkName":" ","Mile_Post":" ","Place_Type":" ","Placement":" ","Long":-75.08723177,"Lat":40.18541349,"Elev":"0","ParcelID":"49-009-028-009","Full_Addr":"20 GRIER ST","Comment":" ","Purpose":null,"DiscrpAgID":"buckscounty.org","created_user":null,"created_date":null,"last_edited_user":"DGALLOWAY","gc_exception":"","ADDRGUID":null,"RDNAME":"GRIER ST"}},{"type":"Feature","id":238028,"geometry":{"type":"Point","coordinates":[-75.0870055470674,40.1855179090094]},"properties":{"OBJECTID":238028,"Source":"","DateUpdate":"Tue, 12 Nov 2024 10:04:37 GMT","Effective":"Wed, 01 Jan 2020 00:00:01 GMT","Expire":"Sat, 01 Jan 2050 00:00:01 GMT","Site_NGUID":"SSAP23837722GRIERST@buckscounty.org","Country":"US","State":"PA","County":"Bucks County","AddCode":"","AddDataURI":"","Inc_Muni":"Warminster Township","Uninc_Comm":"","Nbrhd_Comm":"","AddNum_Pre":"","Add_Number":"22","AddNum_Suf":"","St_PreMod":"","St_PreDir":"","St_PreTyp":"","St_PreSep":"","St_Name":"GRIER","St_PosTyp":"STREET","St_PosDir":"","St_PosMod":"","Lst_PreDir":"","Lst_Name":"GRIER","Lst_Type":"ST","LstPosDir":"","ESN":"51","MSAGComm":"WARMINSTER TOWNSHIP","Post_Comm":"WARMINSTER","Post_Code":"18974","Post_Code4":"","Building":"","Floor":" ","Unit":" ","Room":"","Seat":" ","Addtl_Loc":" ","LandmkName":" ","Mile_Post":" ","Place_Type":" ","Placement":" ","Long":-75.08700379,"Lat":40.18550979,"Elev":"0","ParcelID":"49-009-028-009","Full_Addr":"22 GRIER ST","Comment":" ","Purpose":null,"DiscrpAgID":"buckscounty.org","created_user":null,"created_date":null,"last_edited_user":"DGALLOWAY","gc_exception":"","ADDRGUID":null,"RDNAME":"GRIER ST"}},{"type":"Feature","id":238029,"geometry":{"type":"Point","coordinates":[-75.0869465374631,40.185550694587]},"properties":{"OBJECTID":238029,"Source":"","DateUpdate":"Tue, 12 Nov 2024 10:04:37 GMT","Effective":"Wed, 01 Jan 2020 00:00:01 GMT","Expire":"Sat, 01 Jan 2050 00:00:01 GMT","Site_NGUID":"SSAP23837824GRIERST@buckscounty.org","Country":"US","State":"PA","County":"Bucks County","AddCode":"","AddDataURI":"","Inc_Muni":"Warminster Township","Uninc_Comm":"","Nbrhd_Comm":"","AddNum_Pre":"","Add_Number":"24","AddNum_Suf":"","St_PreMod":"","St_PreDir":"","St_PreTyp":"","St_PreSep":"","St_Name":"GRIER","St_PosTyp":"STREET","St_PosDir":"","St_PosMod":"","Lst_PreDir":"","Lst_Name":"GRIER","Lst_Type":"ST","LstPosDir":"","ESN":"51","MSAGComm":"WARMINSTER TOWNSHIP","Post_Comm":"WARMINSTER","Post_Code":"18974","Post_Code4":"","Building":"","Floor":" ","Unit":" ","Room":"","Seat":" ","Addtl_Loc":" ","LandmkName":" ","Mile_Post":" ","Place_Type":" ","Placement":" ","Long":-75.08694478,"Lat":40.18554258,"Elev":"0","ParcelID":"49-009-028-009","Full_Addr":"24 GRIER ST","Comment":" ","Purpose":null,"DiscrpAgID":"buckscounty.org","created_user":null,"created_date":null,"last_edited_user":"DGALLOWAY","gc_exception":"","ADDRGUID":null,"RDNAME":"GRIER ST"}},{"type":"Feature","id":238030,"geometry":{"type":"Point","coordinates":[-75.0868794819206,40.1855793799241]},"properties":{"OBJECTID":238030,"Source":"","DateUpdate":"Tue, 12 Nov 2024 10:04:37 GMT","Effective":"Wed, 01 Jan 2020 00:00:01 GMT","Expire":"Sat, 01 Jan 2050 00:00:01 GMT","Site_NGUID":"SSAP23837926GRIERST@buckscounty.org","Country":"US","State":"PA","County":"Bucks County","AddCode":"","AddDataURI":"","Inc_Muni":"Warminster Township","Uninc_Comm":"","Nbrhd_Comm":"","AddNum_Pre":"","Add_Number":"26","AddNum_Suf":"","St_PreMod":"","St_PreDir":"","St_PreTyp":"","St_PreSep":"","St_Name":"GRIER","St_PosTyp":"STREET","St_PosDir":"","St_PosMod":"","Lst_PreDir":"","Lst_Name":"GRIER","Lst_Type":"ST","LstPosDir":"","ESN":"51","MSAGComm":"WARMINSTER TOWNSHIP","Post_Comm":"WARMINSTER","Post_Code":"18974","Post_Code4":"","Building":"","Floor":" ","Unit":" ","Room":"","Seat":" ","Addtl_Loc":" ","LandmkName":" ","Mile_Post":" ","Place_Type":" ","Placement":" ","Long":-75.08687772,"Lat":40.18557127,"Elev":"0","ParcelID":"49-009-028-009","Full_Addr":"26 GRIER ST","Comment":" ","Purpose":null,"DiscrpAgID":"buckscounty.org","created_user":null,"created_date":null,"last_edited_user":"DGALLOWAY","gc_exception":"","ADDRGUID":null,"RDNAME":"GRIER ST"}},{"type":"Feature","id":238031,"geometry":{"type":"Point","coordinates":[-75.0868204742688,40.1856060195747]},"properties":{"OBJECTID":238031,"Source":"","DateUpdate":"Tue, 12 Nov 2024 10:04:37 GMT","Effective":"Wed, 01 Jan 2020 00:00:01 GMT","Expire":"Sat, 01 Jan 2050 00:00:01 GMT","Site_NGUID":"SSAP23838028GRIERST@buckscounty.org","Country":"US","State":"PA","County":"Bucks County","AddCode":"","AddDataURI":"","Inc_Muni":"Warminster Township","Uninc_Comm":"","Nbrhd_Comm":"","AddNum_Pre":"","Add_Number":"28","AddNum_Suf":"","St_PreMod":"","St_PreDir":"","St_PreTyp":"","St_PreSep":"","St_Name":"GRIER","St_PosTyp":"STREET","St_PosDir":"","St_PosMod":"","Lst_PreDir":"","Lst_Name":"GRIER","Lst_Type":"ST","LstPosDir":"","ESN":"51","MSAGComm":"WARMINSTER TOWNSHIP","Post_Comm":"WARMINSTER","Post_Code":"18974","Post_Code4":"","Building":"","Floor":" ","Unit":" ","Room":"","Seat":" ","Addtl_Loc":" ","LandmkName":" ","Mile_Post":" ","Place_Type":" ","Placement":" ","Long":-75.08681871,"Lat":40.18559791,"Elev":"0","ParcelID":"49-009-028-009","Full_Addr":"28 GRIER ST","Comment":" ","Purpose":null,"DiscrpAgID":"buckscounty.org","created_user":null,"created_date":null,"last_edited_user":"DGALLOWAY","gc_exception":"","ADDRGUID":null,"RDNAME":"GRIER ST"}},{"type":"Feature","id":238032,"geometry":{"type":"Point","coordinates":[-75.0865978509556,40.185700279121]},"properties":{"OBJECTID":238032,"Source":"","DateUpdate":"Tue, 12 Nov 2024 10:04:37 GMT","Effective":"Wed, 01 Jan 2020 00:00:01 GMT","Expire":"Sat, 01 Jan 2050 00:00:01 GMT","Site_NGUID":"SSAP23838130GRIERST@buckscounty.org","Country":"US","State":"PA","County":"Bucks County","AddCode":"","AddDataURI":"","Inc_Muni":"Warminster Township","Uninc_Comm":"","Nbrhd_Comm":"","AddNum_Pre":"","Add_Number":"30","AddNum_Suf":"","St_PreMod":"","St_PreDir":"","St_PreTyp":"","St_PreSep":"","St_Name":"GRIER","St_PosTyp":"STREET","St_PosDir":"","St_PosMod":"","Lst_PreDir":"","Lst_Name":"GRIER","Lst_Type":"ST","LstPosDir":"","ESN":"51","MSAGComm":"WARMINSTER TOWNSHIP","Post_Comm":"WARMINSTER","Post_Code":"18974","Post_Code4":"","Building":"","Floor":" ","Unit":" ","Room":"","Seat":" ","Addtl_Loc":" ","LandmkName":" ","Mile_Post":" ","Place_Type":" ","Placement":" ","Long":-75.08659609,"Lat":40.18569216,"Elev":"0","ParcelID":"49-009-028-009","Full_Addr":"30 GRIER ST","Comment":" ","Purpose":null,"DiscrpAgID":"buckscounty.org","created_user":null,"created_date":null,"last_edited_user":"DGALLOWAY","gc_exception":"","ADDRGUID":null,"RDNAME":"GRIER ST"}},{"type":"Feature","id":238033,"geometry":{"type":"Point","coordinates":[-75.0865388417398,40.185731014668]},"properties":{"OBJECTID":238033,"Source":"","DateUpdate":"Tue, 12 Nov 2024 10:04:37 GMT","Effective":"Wed, 01 Jan 2020 00:00:01 GMT","Expire":"Sat, 01 Jan 2050 00:00:01 GMT","Site_NGUID":"SSAP23838232GRIERST@buckscounty.org","Country":"US","State":"PA","County":"Bucks County","AddCode":"","AddDataURI":"","Inc_Muni":"Warminster Township","Uninc_Comm":"","Nbrhd_Comm":"","AddNum_Pre":"","Add_Number":"32","AddNum_Suf":"","St_PreMod":"","St_PreDir":"","St_PreTyp":"","St_PreSep":"","St_Name":"GRIER","St_PosTyp":"STREET","St_PosDir":"","St_PosMod":"","Lst_PreDir":"","Lst_Name":"GRIER","Lst_Type":"ST","LstPosDir":"","ESN":"51","MSAGComm":"WARMINSTER TOWNSHIP","Post_Comm":"WARMINSTER","Post_Code":"18974","Post_Code4":"","Building":"","Floor":" ","Unit":" ","Room":"","Seat":" ","Addtl_Loc":" ","LandmkName":" ","Mile_Post":" ","Place_Type":" ","Placement":" ","Long":-75.08653708,"Lat":40.1857229,"Elev":"0","ParcelID":"49-009-028-009","Full_Addr":"32 GRIER ST","Comment":" ","Purpose":null,"DiscrpAgID":"buckscounty.org","created_user":null,"created_date":null,"last_edited_user":"DGALLOWAY","gc_exception":"","ADDRGUID":null,"RDNAME":"GRIER ST"}},{"type":"Feature","id":238034,"geometry":{"type":"Point","coordinates":[-75.0864798322564,40.1857556033682]},"properties":{"OBJECTID":238034,"Source":"","DateUpdate":"Tue, 12 Nov 2024 10:04:37 GMT","Effective":"Wed, 01 Jan 2020 00:00:01 GMT","Expire":"Sat, 01 Jan 2050 00:00:01 GMT","Site_NGUID":"SSAP23838334GRIERST@buckscounty.org","Country":"US","State":"PA","County":"Bucks County","AddCode":"","AddDataURI":"","Inc_Muni":"Warminster Township","Uninc_Comm":"","Nbrhd_Comm":"","AddNum_Pre":"","Add_Number":"34","AddNum_Suf":"","St_PreMod":"","St_PreDir":"","St_PreTyp":"","St_PreSep":"","St_Name":"GRIER","St_PosTyp":"STREET","St_PosDir":"","St_PosMod":"","Lst_PreDir":"","Lst_Name":"GRIER","Lst_Type":"ST","LstPosDir":"","ESN":"51","MSAGComm":"WARMINSTER TOWNSHIP","Post_Comm":"WARMINSTER","Post_Code":"18974","Post_Code4":"","Building":"","Floor":" ","Unit":" ","Room":"","Seat":" ","Addtl_Loc":" ","LandmkName":" ","Mile_Post":" ","Place_Type":" ","Placement":" ","Long":-75.08647807,"Lat":40.18574749,"Elev":"0","ParcelID":"49-009-028-009","Full_Addr":"34 GRIER ST","Comment":" ","Purpose":null,"DiscrpAgID":"buckscounty.org","created_user":null,"created_date":null,"last_edited_user":"DGALLOWAY","gc_exception":"","ADDRGUID":null,"RDNAME":"GRIER ST"}},{"type":"Feature","id":238035,"geometry":{"type":"Point","coordinates":[-75.0864181412501,40.1857883897119]},"properties":{"OBJECTID":238035,"Source":"","DateUpdate":"Tue, 12 Nov 2024 10:04:37 GMT","Effective":"Wed, 01 Jan 2020 00:00:01 GMT","Expire":"Sat, 01 Jan 2050 00:00:01 GMT","Site_NGUID":"SSAP23838436GRIERST@buckscounty.org","Country":"US","State":"PA","County":"Bucks County","AddCode":"","AddDataURI":"","Inc_Muni":"Warminster Township","Uninc_Comm":"","Nbrhd_Comm":"","AddNum_Pre":"","Add_Number":"36","AddNum_Suf":"","St_PreMod":"","St_PreDir":"","St_PreTyp":"","St_PreSep":"","St_Name":"GRIER","St_PosTyp":"STREET","St_PosDir":"","St_PosMod":"","Lst_PreDir":"","Lst_Name":"GRIER","Lst_Type":"ST","LstPosDir":"","ESN":"51","MSAGComm":"WARMINSTER TOWNSHIP","Post_Comm":"WARMINSTER","Post_Code":"18974","Post_Code4":"","Building":"","Floor":" ","Unit":" ","Room":"","Seat":" ","Addtl_Loc":" ","LandmkName":" ","Mile_Post":" ","Place_Type":" ","Placement":" ","Long":-75.08641638,"Lat":40.18578028,"Elev":"0","ParcelID":"49-009-028-009","Full_Addr":"36 GRIER ST","Comment":" ","Purpose":null,"DiscrpAgID":"buckscounty.org","created_user":null,"created_date":null,"last_edited_user":"DGALLOWAY","gc_exception":"","ADDRGUID":null,"RDNAME":"GRIER ST"}},{"type":"Feature","id":238036,"geometry":{"type":"Point","coordinates":[-75.0863537691463,40.1858150275402]},"properties":{"OBJECTID":238036,"Source":"","DateUpdate":"Tue, 12 Nov 2024 10:04:37 GMT","Effective":"Wed, 01 Jan 2020 00:00:01 GMT","Expire":"Sat, 01 Jan 2050 00:00:01 GMT","Site_NGUID":"SSAP23838538GRIERST@buckscounty.org","Country":"US","State":"PA","County":"Bucks County","AddCode":"","AddDataURI":"","Inc_Muni":"Warminster Township","Uninc_Comm":"","Nbrhd_Comm":"","AddNum_Pre":"","Add_Number":"38","AddNum_Suf":"","St_PreMod":"","St_PreDir":"","St_PreTyp":"","St_PreSep":"","St_Name":"GRIER","St_PosTyp":"STREET","St_PosDir":"","St_PosMod":"","Lst_PreDir":"","Lst_Name":"GRIER","Lst_Type":"ST","LstPosDir":"","ESN":"51","MSAGComm":"WARMINSTER TOWNSHIP","Post_Comm":"WARMINSTER","Post_Code":"18974","Post_Code4":"","Building":"","Floor":" ","Unit":" ","Room":"","Seat":" ","Addtl_Loc":" ","LandmkName":" ","Mile_Post":" ","Place_Type":" ","Placement":" ","Long":-75.08635201,"Lat":40.18580691,"Elev":"0","ParcelID":"49-009-028-009","Full_Addr":"38 GRIER ST","Comment":" ","Purpose":null,"DiscrpAgID":"buckscounty.org","created_user":null,"created_date":null,"last_edited_user":"DGALLOWAY","gc_exception":"","ADDRGUID":null,"RDNAME":"GRIER ST"}},{"type":"Feature","id":238037,"geometry":{"type":"Point","coordinates":[-75.0862974429743,40.1858457628829]},"properties":{"OBJECTID":238037,"Source":"","DateUpdate":"Tue, 12 Nov 2024 10:04:37 GMT","Effective":"Wed, 01 Jan 2020 00:00:01 GMT","Expire":"Sat, 01 Jan 2050 00:00:01 GMT","Site_NGUID":"SSAP23838640GRIERST@buckscounty.org","Country":"US","State":"PA","County":"Bucks County","AddCode":"","AddDataURI":"","Inc_Muni":"Warminster Township","Uninc_Comm":"","Nbrhd_Comm":"","AddNum_Pre":"","Add_Number":"40","AddNum_Suf":"","St_PreMod":"","St_PreDir":"","St_PreTyp":"","St_PreSep":"","St_Name":"GRIER","St_PosTyp":"STREET","St_PosDir":"","St_PosMod":"","Lst_PreDir":"","Lst_Name":"GRIER","Lst_Type":"ST","LstPosDir":"","ESN":"51","MSAGComm":"WARMINSTER TOWNSHIP","Post_Comm":"WARMINSTER","Post_Code":"18974","Post_Code4":"","Building":"","Floor":" ","Unit":" ","Room":"","Seat":" ","Addtl_Loc":" ","LandmkName":" ","Mile_Post":" ","Place_Type":" ","Placement":" ","Long":-75.08629568,"Lat":40.18583765,"Elev":"0","ParcelID":"49-009-028-009","Full_Addr":"40 GRIER ST","Comment":" ","Purpose":null,"DiscrpAgID":"buckscounty.org","created_user":null,"created_date":null,"last_edited_user":"DGALLOWAY","gc_exception":"","ADDRGUID":null,"RDNAME":"GRIER ST"}},{"type":"Feature","id":238038,"geometry":{"type":"Point","coordinates":[-75.0874870029499,40.1847228536598]},"properties":{"OBJECTID":238038,"Source":"","DateUpdate":"Tue, 12 Nov 2024 10:04:37 GMT","Effective":"Wed, 01 Jan 2020 00:00:01 GMT","Expire":"Sat, 01 Jan 2050 00:00:01 GMT","Site_NGUID":"SSAP2383878HARTST@buckscounty.org","Country":"US","State":"PA","County":"Bucks County","AddCode":"","AddDataURI":"","Inc_Muni":"Warminster Township","Uninc_Comm":"","Nbrhd_Comm":"","AddNum_Pre":"","Add_Number":"8","AddNum_Suf":"","St_PreMod":"","St_PreDir":"","St_PreTyp":"","St_PreSep":"","St_Name":"HART","St_PosTyp":"STREET","St_PosDir":"","St_PosMod":"","Lst_PreDir":"","Lst_Name":"HART","Lst_Type":"ST","LstPosDir":"","ESN":"51","MSAGComm":"WARMINSTER TOWNSHIP","Post_Comm":"WARMINSTER","Post_Code":"18974","Post_Code4":"","Building":"","Floor":" ","Unit":" ","Room":"","Seat":" ","Addtl_Loc":" ","LandmkName":" ","Mile_Post":" ","Place_Type":" ","Placement":" ","Long":-75.08748524,"Lat":40.18471474,"Elev":"0","ParcelID":"49-009-028-009","Full_Addr":"8 HART ST","Comment":" ","Purpose":null,"DiscrpAgID":"buckscounty.org","created_user":null,"created_date":null,"last_edited_user":"DGALLOWAY","gc_exception":"","ADDRGUID":null,"RDNAME":"HART ST"}},{"type":"Feature","id":238039,"geometry":{"type":"Point","coordinates":[-75.0876787821253,40.1846439624414]},"properties":{"OBJECTID":238039,"Source":"","DateUpdate":"Tue, 12 Nov 2024 10:04:37 GMT","Effective":"Wed, 01 Jan 2020 00:00:01 GMT","Expire":"Sat, 01 Jan 2050 00:00:01 GMT","Site_NGUID":"SSAP2383882HARTST@buckscounty.org","Country":"US","State":"PA","County":"Bucks County","AddCode":"","AddDataURI":"","Inc_Muni":"Warminster Township","Uninc_Comm":"","Nbrhd_Comm":"","AddNum_Pre":"","Add_Number":"2","AddNum_Suf":"","St_PreMod":"","St_PreDir":"","St_PreTyp":"","St_PreSep":"","St_Name":"HART","St_PosTyp":"STREET","St_PosDir":"","St_PosMod":"","Lst_PreDir":"","Lst_Name":"HART","Lst_Type":"ST","LstPosDir":"","ESN":"51","MSAGComm":"WARMINSTER TOWNSHIP","Post_Comm":"WARMINSTER","Post_Code":"18974","Post_Code4":"","Building":"","Floor":" ","Unit":" ","Room":"","Seat":" ","Addtl_Loc":" ","LandmkName":" ","Mile_Post":" ","Place_Type":" ","Placement":" ","Long":-75.08767702,"Lat":40.18463585,"Elev":"0","ParcelID":"49-009-028-009","Full_Addr":"2 HART ST","Comment":" ","Purpose":null,"DiscrpAgID":"buckscounty.org","created_user":null,"created_date":null,"last_edited_user":"DGALLOWAY","gc_exception":"","ADDRGUID":null,"RDNAME":"HART ST"}},{"type":"Feature","id":238040,"geometry":{"type":"Point","coordinates":[-75.0864436230802,40.1860446513878]},"properties":{"OBJECTID":238040,"Source":"","DateUpdate":"Tue, 12 Nov 2024 10:04:37 GMT","Effective":"Wed, 01 Jan 2020 00:00:01 GMT","Expire":"Sat, 01 Jan 2050 00:00:01 GMT","Site_NGUID":"SSAP23838943GRIERST@buckscounty.org","Country":"US","State":"PA","County":"Bucks County","AddCode":"","AddDataURI":"","Inc_Muni":"Warminster Township","Uninc_Comm":"","Nbrhd_Comm":"","AddNum_Pre":"","Add_Number":"43","AddNum_Suf":"","St_PreMod":"","St_PreDir":"","St_PreTyp":"","St_PreSep":"","St_Name":"GRIER","St_PosTyp":"STREET","St_PosDir":"","St_PosMod":"","Lst_PreDir":"","Lst_Name":"GRIER","Lst_Type":"ST","LstPosDir":"","ESN":"51","MSAGComm":"WARMINSTER TOWNSHIP","Post_Comm":"WARMINSTER","Post_Code":"18974","Post_Code4":"","Building":"","Floor":" ","Unit":" ","Room":"","Seat":" ","Addtl_Loc":" ","LandmkName":" ","Mile_Post":" ","Place_Type":" ","Placement":" ","Long":-75.08644186,"Lat":40.18603654,"Elev":"0","ParcelID":"49-009-028-009","Full_Addr":"43 GRIER ST","Comment":" ","Purpose":null,"DiscrpAgID":"buckscounty.org","created_user":null,"created_date":null,"last_edited_user":"DGALLOWAY","gc_exception":"","ADDRGUID":null,"RDNAME":"GRIER ST"}},{"type":"Feature","id":238041,"geometry":{"type":"Point","coordinates":[-75.0864945844684,40.186026208901]},"properties":{"OBJECTID":238041,"Source":"","DateUpdate":"Tue, 12 Nov 2024 10:04:37 GMT","Effective":"Wed, 01 Jan 2020 00:00:01 GMT","Expire":"Sat, 01 Jan 2050 00:00:01 GMT","Site_NGUID":"SSAP23839041GRIERST@buckscounty.org","Country":"US","State":"PA","County":"Bucks County","AddCode":"","AddDataURI":"","Inc_Muni":"Warminster Township","Uninc_Comm":"","Nbrhd_Comm":"","AddNum_Pre":"","Add_Number":"41","AddNum_Suf":"","St_PreMod":"","St_PreDir":"","St_PreTyp":"","St_PreSep":"","St_Name":"GRIER","St_PosTyp":"STREET","St_PosDir":"","St_PosMod":"","Lst_PreDir":"","Lst_Name":"GRIER","Lst_Type":"ST","LstPosDir":"","ESN":"51","MSAGComm":"WARMINSTER TOWNSHIP","Post_Comm":"WARMINSTER","Post_Code":"18974","Post_Code4":"","Building":"","Floor":" ","Unit":" ","Room":"","Seat":" ","Addtl_Loc":" ","LandmkName":" ","Mile_Post":" ","Place_Type":" ","Placement":" ","Long":-75.08649282,"Lat":40.18601809,"Elev":"0","ParcelID":"49-009-028-009","Full_Addr":"41 GRIER ST","Comment":" ","Purpose":null,"DiscrpAgID":"buckscounty.org","created_user":null,"created_date":null,"last_edited_user":"DGALLOWAY","gc_exception":"","ADDRGUID":null,"RDNAME":"GRIER ST"}},{"type":"Feature","id":238042,"geometry":{"type":"Point","coordinates":[-75.0865428653694,40.1859995716938]},"properties":{"OBJECTID":238042,"Source":"","DateUpdate":"Tue, 12 Nov 2024 10:04:37 GMT","Effective":"Wed, 01 Jan 2020 00:00:01 GMT","Expire":"Sat, 01 Jan 2050 00:00:01 GMT","Site_NGUID":"SSAP23839139GRIERST@buckscounty.org","Country":"US","State":"PA","County":"Bucks County","AddCode":"","AddDataURI":"","Inc_Muni":"Warminster Township","Uninc_Comm":"","Nbrhd_Comm":"","AddNum_Pre":"","Add_Number":"39","AddNum_Suf":"","St_PreMod":"","St_PreDir":"","St_PreTyp":"","St_PreSep":"","St_Name":"GRIER","St_PosTyp":"STREET","St_PosDir":"","St_PosMod":"","Lst_PreDir":"","Lst_Name":"GRIER","Lst_Type":"ST","LstPosDir":"","ESN":"51","MSAGComm":"WARMINSTER TOWNSHIP","Post_Comm":"WARMINSTER","Post_Code":"18974","Post_Code4":"","Building":"","Floor":" ","Unit":" ","Room":"","Seat":" ","Addtl_Loc":" ","LandmkName":" ","Mile_Post":" ","Place_Type":" ","Placement":" ","Long":-75.0865411,"Lat":40.18599146,"Elev":"0","ParcelID":"49-009-028-009","Full_Addr":"39 GRIER ST","Comment":" ","Purpose":null,"DiscrpAgID":"buckscounty.org","created_user":null,"created_date":null,"last_edited_user":"DGALLOWAY","gc_exception":"","ADDRGUID":null,"RDNAME":"GRIER ST"}},{"type":"Feature","id":238043,"geometry":{"type":"Point","coordinates":[-75.0866152845038,40.1859708853996]},"properties":{"OBJECTID":238043,"Source":"","DateUpdate":"Tue, 12 Nov 2024 10:04:37 GMT","Effective":"Wed, 01 Jan 2020 00:00:01 GMT","Expire":"Sat, 01 Jan 2050 00:00:01 GMT","Site_NGUID":"SSAP23839237GRIERST@buckscounty.org","Country":"US","State":"PA","County":"Bucks County","AddCode":"","AddDataURI":"","Inc_Muni":"Warminster Township","Uninc_Comm":"","Nbrhd_Comm":"","AddNum_Pre":"","Add_Number":"37","AddNum_Suf":"","St_PreMod":"","St_PreDir":"","St_PreTyp":"","St_PreSep":"","St_Name":"GRIER","St_PosTyp":"STREET","St_PosDir":"","St_PosMod":"","Lst_PreDir":"","Lst_Name":"GRIER","Lst_Type":"ST","LstPosDir":"","ESN":"51","MSAGComm":"WARMINSTER TOWNSHIP","Post_Comm":"WARMINSTER","Post_Code":"18974","Post_Code4":"","Building":"","Floor":" ","Unit":" ","Room":"","Seat":" ","Addtl_Loc":" ","LandmkName":" ","Mile_Post":" ","Place_Type":" ","Placement":" ","Long":-75.08661352,"Lat":40.18596277,"Elev":"0","ParcelID":"49-009-028-009","Full_Addr":"37 GRIER ST","Comment":" ","Purpose":null,"DiscrpAgID":"buckscounty.org","created_user":null,"created_date":null,"last_edited_user":"DGALLOWAY","gc_exception":"","ADDRGUID":null,"RDNAME":"GRIER ST"}},{"type":"Feature","id":238044,"geometry":{"type":"Point","coordinates":[-75.0866742939648,40.1859401480136]},"properties":{"OBJECTID":238044,"Source":"","DateUpdate":"Tue, 12 Nov 2024 10:04:37 GMT","Effective":"Wed, 01 Jan 2020 00:00:01 GMT","Expire":"Sat, 01 Jan 2050 00:00:01 GMT","Site_NGUID":"SSAP23839335GRIERST@buckscounty.org","Country":"US","State":"PA","County":"Bucks County","AddCode":"","AddDataURI":"","Inc_Muni":"Warminster Township","Uninc_Comm":"","Nbrhd_Comm":"","AddNum_Pre":"","Add_Number":"35","AddNum_Suf":"","St_PreMod":"","St_PreDir":"","St_PreTyp":"","St_PreSep":"","St_Name":"GRIER","St_PosTyp":"STREET","St_PosDir":"","St_PosMod":"","Lst_PreDir":"","Lst_Name":"GRIER","Lst_Type":"ST","LstPosDir":"","ESN":"51","MSAGComm":"WARMINSTER TOWNSHIP","Post_Comm":"WARMINSTER","Post_Code":"18974","Post_Code4":"","Building":"","Floor":" ","Unit":" ","Room":"","Seat":" ","Addtl_Loc":" ","LandmkName":" ","Mile_Post":" ","Place_Type":" ","Placement":" ","Long":-75.08667253,"Lat":40.18593203,"Elev":"0","ParcelID":"49-009-028-009","Full_Addr":"35 GRIER ST","Comment":" ","Purpose":null,"DiscrpAgID":"buckscounty.org","created_user":null,"created_date":null,"last_edited_user":"DGALLOWAY","gc_exception":"","ADDRGUID":null,"RDNAME":"GRIER ST"}},{"type":"Feature","id":238045,"geometry":{"type":"Point","coordinates":[-75.0867333014241,40.1859114612912]},"properties":{"OBJECTID":238045,"Source":"","DateUpdate":"Tue, 12 Nov 2024 10:04:37 GMT","Effective":"Wed, 01 Jan 2020 00:00:01 GMT","Expire":"Sat, 01 Jan 2050 00:00:01 GMT","Site_NGUID":"SSAP23839433GRIERST@buckscounty.org","Country":"US","State":"PA","County":"Bucks County","AddCode":"","AddDataURI":"","Inc_Muni":"Warminster Township","Uninc_Comm":"","Nbrhd_Comm":"","AddNum_Pre":"","Add_Number":"33","AddNum_Suf":"","St_PreMod":"","St_PreDir":"","St_PreTyp":"","St_PreSep":"","St_Name":"GRIER","St_PosTyp":"STREET","St_PosDir":"","St_PosMod":"","Lst_PreDir":"","Lst_Name":"GRIER","Lst_Type":"ST","LstPosDir":"","ESN":"51","MSAGComm":"WARMINSTER TOWNSHIP","Post_Comm":"WARMINSTER","Post_Code":"18974","Post_Code4":"","Building":"","Floor":" ","Unit":" ","Room":"","Seat":" ","Addtl_Loc":" ","LandmkName":" ","Mile_Post":" ","Place_Type":" ","Placement":" ","Long":-75.08673154,"Lat":40.18590335,"Elev":"0","ParcelID":"49-009-028-009","Full_Addr":"33 GRIER ST","Comment":" ","Purpose":null,"DiscrpAgID":"buckscounty.org","created_user":null,"created_date":null,"last_edited_user":"DGALLOWAY","gc_exception":"","ADDRGUID":null,"RDNAME":"GRIER ST"}},{"type":"Feature","id":238046,"geometry":{"type":"Point","coordinates":[-75.0869881124345,40.1858069571928]},"properties":{"OBJECTID":238046,"Source":"","DateUpdate":"Tue, 12 Nov 2024 10:04:37 GMT","Effective":"Wed, 01 Jan 2020 00:00:01 GMT","Expire":"Sat, 01 Jan 2050 00:00:01 GMT","Site_NGUID":"SSAP23839531GRIERST@buckscounty.org","Country":"US","State":"PA","County":"Bucks County","AddCode":"","AddDataURI":"","Inc_Muni":"Warminster Township","Uninc_Comm":"","Nbrhd_Comm":"","AddNum_Pre":"","Add_Number":"31","AddNum_Suf":"","St_PreMod":"","St_PreDir":"","St_PreTyp":"","St_PreSep":"","St_Name":"GRIER","St_PosTyp":"STREET","St_PosDir":"","St_PosMod":"","Lst_PreDir":"","Lst_Name":"GRIER","Lst_Type":"ST","LstPosDir":"","ESN":"51","MSAGComm":"WARMINSTER TOWNSHIP","Post_Comm":"WARMINSTER","Post_Code":"18974","Post_Code4":"","Building":"","Floor":" ","Unit":" ","Room":"","Seat":" ","Addtl_Loc":" ","LandmkName":" ","Mile_Post":" ","Place_Type":" ","Placement":" ","Long":-75.08698635,"Lat":40.18579884,"Elev":"0","ParcelID":"49-009-028-009","Full_Addr":"31 GRIER ST","Comment":" ","Purpose":null,"DiscrpAgID":"buckscounty.org","created_user":null,"created_date":null,"last_edited_user":"DGALLOWAY","gc_exception":"","ADDRGUID":null,"RDNAME":"GRIER ST"}},{"type":"Feature","id":238047,"geometry":{"type":"Point","coordinates":[-75.0870390731955,40.1857823685483]},"properties":{"OBJECTID":238047,"Source":"","DateUpdate":"Tue, 12 Nov 2024 10:04:37 GMT","Effective":"Wed, 01 Jan 2020 00:00:01 GMT","Expire":"Sat, 01 Jan 2050 00:00:01 GMT","Site_NGUID":"SSAP23839629GRIERST@buckscounty.org","Country":"US","State":"PA","County":"Bucks County","AddCode":"","AddDataURI":"","Inc_Muni":"Warminster Township","Uninc_Comm":"","Nbrhd_Comm":"","AddNum_Pre":"","Add_Number":"29","AddNum_Suf":"","St_PreMod":"","St_PreDir":"","St_PreTyp":"","St_PreSep":"","St_Name":"GRIER","St_PosTyp":"STREET","St_PosDir":"","St_PosMod":"","Lst_PreDir":"","Lst_Name":"GRIER","Lst_Type":"ST","LstPosDir":"","ESN":"51","MSAGComm":"WARMINSTER TOWNSHIP","Post_Comm":"WARMINSTER","Post_Code":"18974","Post_Code4":"","Building":"","Floor":" ","Unit":" ","Room":"","Seat":" ","Addtl_Loc":" ","LandmkName":" ","Mile_Post":" ","Place_Type":" ","Placement":" ","Long":-75.08703731,"Lat":40.18577425,"Elev":"0","ParcelID":"49-009-028-009","Full_Addr":"29 GRIER ST","Comment":" ","Purpose":null,"DiscrpAgID":"buckscounty.org","created_user":null,"created_date":null,"last_edited_user":"DGALLOWAY","gc_exception":"","ADDRGUID":null,"RDNAME":"GRIER ST"}},{"type":"Feature","id":238048,"geometry":{"type":"Point","coordinates":[-75.0870954011497,40.1857557298653]},"properties":{"OBJECTID":238048,"Source":"","DateUpdate":"Tue, 12 Nov 2024 10:04:37 GMT","Effective":"Wed, 01 Jan 2020 00:00:01 GMT","Expire":"Sat, 01 Jan 2050 00:00:01 GMT","Site_NGUID":"SSAP23839727GRIERST@buckscounty.org","Country":"US","State":"PA","County":"Bucks County","AddCode":"","AddDataURI":"","Inc_Muni":"Warminster Township","Uninc_Comm":"","Nbrhd_Comm":"","AddNum_Pre":"","Add_Number":"27","AddNum_Suf":"","St_PreMod":"","St_PreDir":"","St_PreTyp":"","St_PreSep":"","St_Name":"GRIER","St_PosTyp":"STREET","St_PosDir":"","St_PosMod":"","Lst_PreDir":"","Lst_Name":"GRIER","Lst_Type":"ST","LstPosDir":"","ESN":"51","MSAGComm":"WARMINSTER TOWNSHIP","Post_Comm":"WARMINSTER","Post_Code":"18974","Post_Code4":"","Building":"","Floor":" ","Unit":" ","Room":"","Seat":" ","Addtl_Loc":" ","LandmkName":" ","Mile_Post":" ","Place_Type":" ","Placement":" ","Long":-75.08709364,"Lat":40.18574762,"Elev":"0","ParcelID":"49-009-028-009","Full_Addr":"27 GRIER ST","Comment":" ","Purpose":null,"DiscrpAgID":"buckscounty.org","created_user":null,"created_date":null,"last_edited_user":"DGALLOWAY","gc_exception":"","ADDRGUID":null,"RDNAME":"GRIER ST"}},{"type":"Feature","id":238049,"geometry":{"type":"Point","coordinates":[-75.0871544094438,40.1857270429539]},"properties":{"OBJECTID":238049,"Source":"","DateUpdate":"Tue, 12 Nov 2024 10:04:37 GMT","Effective":"Wed, 01 Jan 2020 00:00:01 GMT","Expire":"Sat, 01 Jan 2050 00:00:01 GMT","Site_NGUID":"SSAP23839825GRIERST@buckscounty.org","Country":"US","State":"PA","County":"Bucks County","AddCode":"","AddDataURI":"","Inc_Muni":"Warminster Township","Uninc_Comm":"","Nbrhd_Comm":"","AddNum_Pre":"","Add_Number":"25","AddNum_Suf":"","St_PreMod":"","St_PreDir":"","St_PreTyp":"","St_PreSep":"","St_Name":"GRIER","St_PosTyp":"STREET","St_PosDir":"","St_PosMod":"","Lst_PreDir":"","Lst_Name":"GRIER","Lst_Type":"ST","LstPosDir":"","ESN":"51","MSAGComm":"WARMINSTER TOWNSHIP","Post_Comm":"WARMINSTER","Post_Code":"18974","Post_Code4":"","Building":"","Floor":" ","Unit":" ","Room":"","Seat":" ","Addtl_Loc":" ","LandmkName":" ","Mile_Post":" ","Place_Type":" ","Placement":" ","Long":-75.08715265,"Lat":40.18571893,"Elev":"0","ParcelID":"49-009-028-009","Full_Addr":"25 GRIER ST","Comment":" ","Purpose":null,"DiscrpAgID":"buckscounty.org","created_user":null,"created_date":null,"last_edited_user":"DGALLOWAY","gc_exception":"","ADDRGUID":null,"RDNAME":"GRIER ST"}},{"type":"Feature","id":238050,"geometry":{"type":"Point","coordinates":[-75.0878142320407,40.1854278750992]},"properties":{"OBJECTID":238050,"Source":"","DateUpdate":"Tue, 12 Nov 2024 10:04:37 GMT","Effective":"Wed, 01 Jan 2020 00:00:01 GMT","Expire":"Sat, 01 Jan 2050 00:00:01 GMT","Site_NGUID":"SSAP23839915GRIERST@buckscounty.org","Country":"US","State":"PA","County":"Bucks County","AddCode":"","AddDataURI":"","Inc_Muni":"Warminster Township","Uninc_Comm":"","Nbrhd_Comm":"","AddNum_Pre":"","Add_Number":"15","AddNum_Suf":"","St_PreMod":"","St_PreDir":"","St_PreTyp":"","St_PreSep":"","St_Name":"GRIER","St_PosTyp":"STREET","St_PosDir":"","St_PosMod":"","Lst_PreDir":"","Lst_Name":"GRIER","Lst_Type":"ST","LstPosDir":"","ESN":"51","MSAGComm":"WARMINSTER TOWNSHIP","Post_Comm":"WARMINSTER","Post_Code":"18974","Post_Code4":"","Building":"","Floor":" ","Unit":" ","Room":"","Seat":" ","Addtl_Loc":" ","LandmkName":" ","Mile_Post":" ","Place_Type":" ","Placement":" ","Long":-75.08781247,"Lat":40.18541976,"Elev":"0","ParcelID":"49-009-028-009","Full_Addr":"15 GRIER ST","Comment":" ","Purpose":null,"DiscrpAgID":"buckscounty.org","created_user":null,"created_date":null,"last_edited_user":"DGALLOWAY","gc_exception":"","ADDRGUID":null,"RDNAME":"GRIER ST"}},{"type":"Feature","id":238051,"geometry":{"type":"Point","coordinates":[-75.0878625130405,40.1854053343329]},"properties":{"OBJECTID":238051,"Source":"","DateUpdate":"Tue, 12 Nov 2024 10:04:37 GMT","Effective":"Wed, 01 Jan 2020 00:00:01 GMT","Expire":"Sat, 01 Jan 2050 00:00:01 GMT","Site_NGUID":"SSAP23840013GRIERST@buckscounty.org","Country":"US","State":"PA","County":"Bucks County","AddCode":"","AddDataURI":"","Inc_Muni":"Warminster Township","Uninc_Comm":"","Nbrhd_Comm":"","AddNum_Pre":"","Add_Number":"13","AddNum_Suf":"","St_PreMod":"","St_PreDir":"","St_PreTyp":"","St_PreSep":"","St_Name":"GRIER","St_PosTyp":"STREET","St_PosDir":"","St_PosMod":"","Lst_PreDir":"","Lst_Name":"GRIER","Lst_Type":"ST","LstPosDir":"","ESN":"51","MSAGComm":"WARMINSTER TOWNSHIP","Post_Comm":"WARMINSTER","Post_Code":"18974","Post_Code4":"","Building":"","Floor":" ","Unit":" ","Room":"","Seat":" ","Addtl_Loc":" ","LandmkName":" ","Mile_Post":" ","Place_Type":" ","Placement":" ","Long":-75.08786075,"Lat":40.18539722,"Elev":"0","ParcelID":"49-009-028-009","Full_Addr":"13 GRIER ST","Comment":" ","Purpose":null,"DiscrpAgID":"buckscounty.org","created_user":null,"created_date":null,"last_edited_user":"DGALLOWAY","gc_exception":"","ADDRGUID":null,"RDNAME":"GRIER ST"}},{"type":"Feature","id":238052,"geometry":{"type":"Point","coordinates":[-75.0879295678334,40.1853807462916]},"properties":{"OBJECTID":238052,"Source":"","DateUpdate":"Tue, 12 Nov 2024 10:04:37 GMT","Effective":"Wed, 01 Jan 2020 00:00:01 GMT","Expire":"Sat, 01 Jan 2050 00:00:01 GMT","Site_NGUID":"SSAP23840111GRIERST@buckscounty.org","Country":"US","State":"PA","County":"Bucks County","AddCode":"","AddDataURI":"","Inc_Muni":"Warminster Township","Uninc_Comm":"","Nbrhd_Comm":"","AddNum_Pre":"","Add_Number":"11","AddNum_Suf":"","St_PreMod":"","St_PreDir":"","St_PreTyp":"","St_PreSep":"","St_Name":"GRIER","St_PosTyp":"STREET","St_PosDir":"","St_PosMod":"","Lst_PreDir":"","Lst_Name":"GRIER","Lst_Type":"ST","LstPosDir":"","ESN":"51","MSAGComm":"WARMINSTER TOWNSHIP","Post_Comm":"WARMINSTER","Post_Code":"18974","Post_Code4":"","Building":"","Floor":" ","Unit":" ","Room":"","Seat":" ","Addtl_Loc":" ","LandmkName":" ","Mile_Post":" ","Place_Type":" ","Placement":" ","Long":-75.08792781,"Lat":40.18537263,"Elev":"0","ParcelID":"49-009-028-009","Full_Addr":"11 GRIER ST","Comment":" ","Purpose":null,"DiscrpAgID":"buckscounty.org","created_user":null,"created_date":null,"last_edited_user":"DGALLOWAY","gc_exception":"","ADDRGUID":null,"RDNAME":"GRIER ST"}},{"type":"Feature","id":238053,"geometry":{"type":"Point","coordinates":[-75.0879832125339,40.1853520583694]},"properties":{"OBJECTID":238053,"Source":"","DateUpdate":"Tue, 12 Nov 2024 10:04:37 GMT","Effective":"Wed, 01 Jan 2020 00:00:01 GMT","Expire":"Sat, 01 Jan 2050 00:00:01 GMT","Site_NGUID":"SSAP2384029GRIERST@buckscounty.org","Country":"US","State":"PA","County":"Bucks County","AddCode":"","AddDataURI":"","Inc_Muni":"Warminster Township","Uninc_Comm":"","Nbrhd_Comm":"","AddNum_Pre":"","Add_Number":"9","AddNum_Suf":"","St_PreMod":"","St_PreDir":"","St_PreTyp":"","St_PreSep":"","St_Name":"GRIER","St_PosTyp":"STREET","St_PosDir":"","St_PosMod":"","Lst_PreDir":"","Lst_Name":"GRIER","Lst_Type":"ST","LstPosDir":"","ESN":"51","MSAGComm":"WARMINSTER TOWNSHIP","Post_Comm":"WARMINSTER","Post_Code":"18974","Post_Code4":"","Building":"","Floor":" ","Unit":" ","Room":"","Seat":" ","Addtl_Loc":" ","LandmkName":" ","Mile_Post":" ","Place_Type":" ","Placement":" ","Long":-75.08798145,"Lat":40.18534394,"Elev":"0","ParcelID":"49-009-028-009","Full_Addr":"9 GRIER ST","Comment":" ","Purpose":null,"DiscrpAgID":"buckscounty.org","created_user":null,"created_date":null,"last_edited_user":"DGALLOWAY","gc_exception":"","ADDRGUID":null,"RDNAME":"GRIER ST"}},{"type":"Feature","id":238054,"geometry":{"type":"Point","coordinates":[-75.0882299757944,40.1852434550388]},"properties":{"OBJECTID":238054,"Source":"","DateUpdate":"Tue, 12 Nov 2024 10:04:37 GMT","Effective":"Wed, 01 Jan 2020 00:00:01 GMT","Expire":"Sat, 01 Jan 2050 00:00:01 GMT","Site_NGUID":"SSAP2384037GRIERST@buckscounty.org","Country":"US","State":"PA","County":"Bucks County","AddCode":"","AddDataURI":"","Inc_Muni":"Warminster Township","Uninc_Comm":"","Nbrhd_Comm":"","AddNum_Pre":"","Add_Number":"7","AddNum_Suf":"","St_PreMod":"","St_PreDir":"","St_PreTyp":"","St_PreSep":"","St_Name":"GRIER","St_PosTyp":"STREET","St_PosDir":"","St_PosMod":"","Lst_PreDir":"","Lst_Name":"GRIER","Lst_Type":"ST","LstPosDir":"","ESN":"51","MSAGComm":"WARMINSTER TOWNSHIP","Post_Comm":"WARMINSTER","Post_Code":"18974","Post_Code4":"","Building":"","Floor":" ","Unit":" ","Room":"","Seat":" ","Addtl_Loc":" ","LandmkName":" ","Mile_Post":" ","Place_Type":" ","Placement":" ","Long":-75.08822821,"Lat":40.18523534,"Elev":"0","ParcelID":"49-009-028-009","Full_Addr":"7 GRIER ST","Comment":" ","Purpose":null,"DiscrpAgID":"buckscounty.org","created_user":null,"created_date":null,"last_edited_user":"DGALLOWAY","gc_exception":"","ADDRGUID":null,"RDNAME":"GRIER ST"}},{"type":"Feature","id":238055,"geometry":{"type":"Point","coordinates":[-75.0882809385451,40.1852209148457]},"properties":{"OBJECTID":238055,"Source":"","DateUpdate":"Tue, 12 Nov 2024 10:04:37 GMT","Effective":"Wed, 01 Jan 2020 00:00:01 GMT","Expire":"Sat, 01 Jan 2050 00:00:01 GMT","Site_NGUID":"SSAP2384045GRIERST@buckscounty.org","Country":"US","State":"PA","County":"Bucks County","AddCode":"","AddDataURI":"","Inc_Muni":"Warminster Township","Uninc_Comm":"","Nbrhd_Comm":"","AddNum_Pre":"","Add_Number":"5","AddNum_Suf":"","St_PreMod":"","St_PreDir":"","St_PreTyp":"","St_PreSep":"","St_Name":"GRIER","St_PosTyp":"STREET","St_PosDir":"","St_PosMod":"","Lst_PreDir":"","Lst_Name":"GRIER","Lst_Type":"ST","LstPosDir":"","ESN":"51","MSAGComm":"WARMINSTER TOWNSHIP","Post_Comm":"WARMINSTER","Post_Code":"18974","Post_Code4":"","Building":"","Floor":" ","Unit":" ","Room":"","Seat":" ","Addtl_Loc":" ","LandmkName":" ","Mile_Post":" ","Place_Type":" ","Placement":" ","Long":-75.08827918,"Lat":40.1852128,"Elev":"0","ParcelID":"49-009-028-009","Full_Addr":"5 GRIER ST","Comment":" ","Purpose":null,"DiscrpAgID":"buckscounty.org","created_user":null,"created_date":null,"last_edited_user":"DGALLOWAY","gc_exception":"","ADDRGUID":null,"RDNAME":"GRIER ST"}},{"type":"Feature","id":238056,"geometry":{"type":"Point","coordinates":[-75.0883399470094,40.1851922282526]},"properties":{"OBJECTID":238056,"Source":"","DateUpdate":"Tue, 12 Nov 2024 10:04:37 GMT","Effective":"Wed, 01 Jan 2020 00:00:01 GMT","Expire":"Sat, 01 Jan 2050 00:00:01 GMT","Site_NGUID":"SSAP2384053GRIERST@buckscounty.org","Country":"US","State":"PA","County":"Bucks County","AddCode":"","AddDataURI":"","Inc_Muni":"Warminster Township","Uninc_Comm":"","Nbrhd_Comm":"","AddNum_Pre":"","Add_Number":"3","AddNum_Suf":"","St_PreMod":"","St_PreDir":"","St_PreTyp":"","St_PreSep":"","St_Name":"GRIER","St_PosTyp":"STREET","St_PosDir":"","St_PosMod":"","Lst_PreDir":"","Lst_Name":"GRIER","Lst_Type":"ST","LstPosDir":"","ESN":"51","MSAGComm":"WARMINSTER TOWNSHIP","Post_Comm":"WARMINSTER","Post_Code":"18974","Post_Code4":"","Building":"","Floor":" ","Unit":" ","Room":"","Seat":" ","Addtl_Loc":" ","LandmkName":" ","Mile_Post":" ","Place_Type":" ","Placement":" ","Long":-75.08833819,"Lat":40.18518411,"Elev":"0","ParcelID":"49-009-028-009","Full_Addr":"3 GRIER ST","Comment":" ","Purpose":null,"DiscrpAgID":"buckscounty.org","created_user":null,"created_date":null,"last_edited_user":"DGALLOWAY","gc_exception":"","ADDRGUID":null,"RDNAME":"GRIER ST"}},{"type":"Feature","id":238057,"geometry":{"type":"Point","coordinates":[-75.0883989536677,40.1851655887225]},"properties":{"OBJECTID":238057,"Source":"","DateUpdate":"Tue, 12 Nov 2024 10:04:37 GMT","Effective":"Wed, 01 Jan 2020 00:00:01 GMT","Expire":"Sat, 01 Jan 2050 00:00:01 GMT","Site_NGUID":"SSAP2384061GRIERST@buckscounty.org","Country":"US","State":"PA","County":"Bucks County","AddCode":"","AddDataURI":"","Inc_Muni":"Warminster Township","Uninc_Comm":"","Nbrhd_Comm":"","AddNum_Pre":"","Add_Number":"1","AddNum_Suf":"","St_PreMod":"","St_PreDir":"","St_PreTyp":"","St_PreSep":"","St_Name":"GRIER","St_PosTyp":"STREET","St_PosDir":"","St_PosMod":"","Lst_PreDir":"","Lst_Name":"GRIER","Lst_Type":"ST","LstPosDir":"","ESN":"51","MSAGComm":"WARMINSTER TOWNSHIP","Post_Comm":"WARMINSTER","Post_Code":"18974","Post_Code4":"","Building":"","Floor":" ","Unit":" ","Room":"","Seat":" ","Addtl_Loc":" ","LandmkName":" ","Mile_Post":" ","Place_Type":" ","Placement":" ","Long":-75.08839719,"Lat":40.18515747,"Elev":"0","ParcelID":"49-009-028-009","Full_Addr":"1 GRIER ST","Comment":" ","Purpose":null,"DiscrpAgID":"buckscounty.org","created_user":null,"created_date":null,"last_edited_user":"DGALLOWAY","gc_exception":"","ADDRGUID":null,"RDNAME":"GRIER ST"}},{"type":"Feature","id":238058,"geometry":{"type":"Point","coordinates":[-75.0887181367358,40.184956579713]},"properties":{"OBJECTID":238058,"Source":"","DateUpdate":"Tue, 12 Nov 2024 10:04:37 GMT","Effective":"Wed, 01 Jan 2020 00:00:01 GMT","Expire":"Sat, 01 Jan 2050 00:00:01 GMT","Site_NGUID":"SSAP23840727POTTERST@buckscounty.org","Country":"US","State":"PA","County":"Bucks County","AddCode":"","AddDataURI":"","Inc_Muni":"Warminster Townshop","Uninc_Comm":"","Nbrhd_Comm":"","AddNum_Pre":"","Add_Number":"27","AddNum_Suf":"","St_PreMod":"","St_PreDir":"","St_PreTyp":"","St_PreSep":"","St_Name":"POTTER","St_PosTyp":"STREET","St_PosDir":"","St_PosMod":"","Lst_PreDir":"","Lst_Name":"POTTER","Lst_Type":"ST","LstPosDir":"","ESN":"52","MSAGComm":"WARMINSTER TOWNSHIP","Post_Comm":"WARMINSTER","Post_Code":"18974","Post_Code4":"","Building":"","Floor":" ","Unit":" ","Room":"","Seat":" ","Addtl_Loc":" ","LandmkName":" ","Mile_Post":" ","Place_Type":" ","Placement":" ","Long":-75.08871638,"Lat":40.18494847,"Elev":"0","ParcelID":"49-009-028-013","Full_Addr":"27 POTTER ST","Comment":" ","Purpose":null,"DiscrpAgID":"buckscounty.org","created_user":null,"created_date":null,"last_edited_user":"DGALLOWAY","gc_exception":"","ADDRGUID":null,"RDNAME":"POTTER ST"}},{"type":"Feature","id":238059,"geometry":{"type":"Point","coordinates":[-75.0886725402278,40.1849033028867]},"properties":{"OBJECTID":238059,"Source":"","DateUpdate":"Tue, 12 Nov 2024 10:04:37 GMT","Effective":"Wed, 01 Jan 2020 00:00:01 GMT","Expire":"Sat, 01 Jan 2050 00:00:01 GMT","Site_NGUID":"SSAP23840829POTTERST@buckscounty.org","Country":"US","State":"PA","County":"Bucks County","AddCode":"","AddDataURI":"","Inc_Muni":"Warminster Townshop","Uninc_Comm":"","Nbrhd_Comm":"","AddNum_Pre":"","Add_Number":"29","AddNum_Suf":"","St_PreMod":"","St_PreDir":"","St_PreTyp":"","St_PreSep":"","St_Name":"POTTER","St_PosTyp":"STREET","St_PosDir":"","St_PosMod":"","Lst_PreDir":"","Lst_Name":"POTTER","Lst_Type":"ST","LstPosDir":"","ESN":"52","MSAGComm":"WARMINSTER TOWNSHIP","Post_Comm":"WARMINSTER","Post_Code":"18974","Post_Code4":"","Building":"","Floor":" ","Unit":" ","Room":"","Seat":" ","Addtl_Loc":" ","LandmkName":" ","Mile_Post":" ","Place_Type":" ","Placement":" ","Long":-75.08867078,"Lat":40.18489519,"Elev":"0","ParcelID":"49-009-028-013","Full_Addr":"29 POTTER ST","Comment":" ","Purpose":null,"DiscrpAgID":"buckscounty.org","created_user":null,"created_date":null,"last_edited_user":"DGALLOWAY","gc_exception":"","ADDRGUID":null,"RDNAME":"POTTER ST"}},{"type":"Feature","id":238060,"geometry":{"type":"Point","coordinates":[-75.0886296239118,40.1848377304199]},"properties":{"OBJECTID":238060,"Source":"","DateUpdate":"Tue, 12 Nov 2024 10:04:37 GMT","Effective":"Wed, 01 Jan 2020 00:00:01 GMT","Expire":"Sat, 01 Jan 2050 00:00:01 GMT","Site_NGUID":"SSAP23840931POTTERST@buckscounty.org","Country":"US","State":"PA","County":"Bucks County","AddCode":"","AddDataURI":"","Inc_Muni":"Warminster Townshop","Uninc_Comm":"","Nbrhd_Comm":"","AddNum_Pre":"","Add_Number":"31","AddNum_Suf":"","St_PreMod":"","St_PreDir":"","St_PreTyp":"","St_PreSep":"","St_Name":"POTTER","St_PosTyp":"STREET","St_PosDir":"","St_PosMod":"","Lst_PreDir":"","Lst_Name":"POTTER","Lst_Type":"ST","LstPosDir":"","ESN":"52","MSAGComm":"WARMINSTER TOWNSHIP","Post_Comm":"WARMINSTER","Post_Code":"18974","Post_Code4":"","Building":"","Floor":" ","Unit":" ","Room":"","Seat":" ","Addtl_Loc":" ","LandmkName":" ","Mile_Post":" ","Place_Type":" ","Placement":" ","Long":-75.08862786,"Lat":40.18482962,"Elev":"0","ParcelID":"49-009-028-013","Full_Addr":"31 POTTER ST","Comment":" ","Purpose":null,"DiscrpAgID":"buckscounty.org","created_user":null,"created_date":null,"last_edited_user":"DGALLOWAY","gc_exception":"","ADDRGUID":null,"RDNAME":"POTTER ST"}},{"type":"Feature","id":238061,"geometry":{"type":"Point","coordinates":[-75.0885893915957,40.1847844541393]},"properties":{"OBJECTID":238061,"Source":"","DateUpdate":"Tue, 12 Nov 2024 10:04:37 GMT","Effective":"Wed, 01 Jan 2020 00:00:01 GMT","Expire":"Sat, 01 Jan 2050 00:00:01 GMT","Site_NGUID":"SSAP23841033POTTERST@buckscounty.org","Country":"US","State":"PA","County":"Bucks County","AddCode":"","AddDataURI":"","Inc_Muni":"Warminster Townshop","Uninc_Comm":"","Nbrhd_Comm":"","AddNum_Pre":"","Add_Number":"33","AddNum_Suf":"","St_PreMod":"","St_PreDir":"","St_PreTyp":"","St_PreSep":"","St_Name":"POTTER","St_PosTyp":"STREET","St_PosDir":"","St_PosMod":"","Lst_PreDir":"","Lst_Name":"POTTER","Lst_Type":"ST","LstPosDir":"","ESN":"52","MSAGComm":"WARMINSTER TOWNSHIP","Post_Comm":"WARMINSTER","Post_Code":"18974","Post_Code4":"","Building":"","Floor":" ","Unit":" ","Room":"","Seat":" ","Addtl_Loc":" ","LandmkName":" ","Mile_Post":" ","Place_Type":" ","Placement":" ","Long":-75.08858763,"Lat":40.18477634,"Elev":"0","ParcelID":"49-009-028-013","Full_Addr":"33 POTTER ST","Comment":" ","Purpose":null,"DiscrpAgID":"buckscounty.org","created_user":null,"created_date":null,"last_edited_user":"DGALLOWAY","gc_exception":"","ADDRGUID":null,"RDNAME":"POTTER ST"}},{"type":"Feature","id":238062,"geometry":{"type":"Point","coordinates":[-75.0884445526764,40.1846123266019]},"properties":{"OBJECTID":238062,"Source":"","DateUpdate":"Tue, 12 Nov 2024 10:04:37 GMT","Effective":"Wed, 01 Jan 2020 00:00:01 GMT","Expire":"Sat, 01 Jan 2050 00:00:01 GMT","Site_NGUID":"SSAP23841135POTTERST@buckscounty.org","Country":"US","State":"PA","County":"Bucks County","AddCode":"","AddDataURI":"","Inc_Muni":"Warminster Townshop","Uninc_Comm":"","Nbrhd_Comm":"","AddNum_Pre":"","Add_Number":"35","AddNum_Suf":"","St_PreMod":"","St_PreDir":"","St_PreTyp":"","St_PreSep":"","St_Name":"POTTER","St_PosTyp":"STREET","St_PosDir":"","St_PosMod":"","Lst_PreDir":"","Lst_Name":"POTTER","Lst_Type":"ST","LstPosDir":"","ESN":"52","MSAGComm":"WARMINSTER TOWNSHIP","Post_Comm":"WARMINSTER","Post_Code":"18974","Post_Code4":"","Building":"","Floor":" ","Unit":" ","Room":"","Seat":" ","Addtl_Loc":" ","LandmkName":" ","Mile_Post":" ","Place_Type":" ","Placement":" ","Long":-75.08844279,"Lat":40.18460421,"Elev":"0","ParcelID":"49-009-028-013","Full_Addr":"35 POTTER ST","Comment":" ","Purpose":null,"DiscrpAgID":"buckscounty.org","created_user":null,"created_date":null,"last_edited_user":"DGALLOWAY","gc_exception":"","ADDRGUID":null,"RDNAME":"POTTER ST"}},{"type":"Feature","id":238063,"geometry":{"type":"Point","coordinates":[-75.0884123659454,40.1845651965797]},"properties":{"OBJECTID":238063,"Source":"","DateUpdate":"Tue, 12 Nov 2024 10:04:37 GMT","Effective":"Wed, 01 Jan 2020 00:00:01 GMT","Expire":"Sat, 01 Jan 2050 00:00:01 GMT","Site_NGUID":"SSAP23841237POTTERST@buckscounty.org","Country":"US","State":"PA","County":"Bucks County","AddCode":"","AddDataURI":"","Inc_Muni":"Warminster Townshop","Uninc_Comm":"","Nbrhd_Comm":"","AddNum_Pre":"","Add_Number":"37","AddNum_Suf":"","St_PreMod":"","St_PreDir":"","St_PreTyp":"","St_PreSep":"","St_Name":"POTTER","St_PosTyp":"STREET","St_PosDir":"","St_PosMod":"","Lst_PreDir":"","Lst_Name":"POTTER","Lst_Type":"ST","LstPosDir":"","ESN":"52","MSAGComm":"WARMINSTER TOWNSHIP","Post_Comm":"WARMINSTER","Post_Code":"18974","Post_Code4":"","Building":"","Floor":" ","Unit":" ","Room":"","Seat":" ","Addtl_Loc":" ","LandmkName":" ","Mile_Post":" ","Place_Type":" ","Placement":" ","Long":-75.0884106,"Lat":40.18455708,"Elev":"0","ParcelID":"49-009-028-013","Full_Addr":"37 POTTER ST","Comment":" ","Purpose":null,"DiscrpAgID":"buckscounty.org","created_user":null,"created_date":null,"last_edited_user":"DGALLOWAY","gc_exception":"","ADDRGUID":null,"RDNAME":"POTTER ST"}},{"type":"Feature","id":238064,"geometry":{"type":"Point","coordinates":[-75.0883640857004,40.1845078218612]},"properties":{"OBJECTID":238064,"Source":"","DateUpdate":"Tue, 12 Nov 2024 10:04:37 GMT","Effective":"Wed, 01 Jan 2020 00:00:01 GMT","Expire":"Sat, 01 Jan 2050 00:00:01 GMT","Site_NGUID":"SSAP23841339POTTERST@buckscounty.org","Country":"US","State":"PA","County":"Bucks County","AddCode":"","AddDataURI":"","Inc_Muni":"Warminster Townshop","Uninc_Comm":"","Nbrhd_Comm":"","AddNum_Pre":"","Add_Number":"39","AddNum_Suf":"","St_PreMod":"","St_PreDir":"","St_PreTyp":"","St_PreSep":"","St_Name":"POTTER","St_PosTyp":"STREET","St_PosDir":"","St_PosMod":"","Lst_PreDir":"","Lst_Name":"POTTER","Lst_Type":"ST","LstPosDir":"","ESN":"52","MSAGComm":"WARMINSTER TOWNSHIP","Post_Comm":"WARMINSTER","Post_Code":"18974","Post_Code4":"","Building":"","Floor":" ","Unit":" ","Room":"","Seat":" ","Addtl_Loc":" ","LandmkName":" ","Mile_Post":" ","Place_Type":" ","Placement":" ","Long":-75.08836232,"Lat":40.18449971,"Elev":"0","ParcelID":"49-009-028-013","Full_Addr":"39 POTTER ST","Comment":" ","Purpose":null,"DiscrpAgID":"buckscounty.org","created_user":null,"created_date":null,"last_edited_user":"DGALLOWAY","gc_exception":"","ADDRGUID":null,"RDNAME":"POTTER ST"}},{"type":"Feature","id":238065,"geometry":{"type":"Point","coordinates":[-75.0883158060907,40.1844524951701]},"properties":{"OBJECTID":238065,"Source":"","DateUpdate":"Tue, 12 Nov 2024 10:04:37 GMT","Effective":"Wed, 01 Jan 2020 00:00:01 GMT","Expire":"Sat, 01 Jan 2050 00:00:01 GMT","Site_NGUID":"SSAP23841441POTTERST@buckscounty.org","Country":"US","State":"PA","County":"Bucks County","AddCode":"","AddDataURI":"","Inc_Muni":"Warminster Townshop","Uninc_Comm":"","Nbrhd_Comm":"","AddNum_Pre":"","Add_Number":"41","AddNum_Suf":"","St_PreMod":"","St_PreDir":"","St_PreTyp":"","St_PreSep":"","St_Name":"POTTER","St_PosTyp":"STREET","St_PosDir":"","St_PosMod":"","Lst_PreDir":"","Lst_Name":"POTTER","Lst_Type":"ST","LstPosDir":"","ESN":"52","MSAGComm":"WARMINSTER TOWNSHIP","Post_Comm":"WARMINSTER","Post_Code":"18974","Post_Code4":"","Building":"","Floor":" ","Unit":" ","Room":"","Seat":" ","Addtl_Loc":" ","LandmkName":" ","Mile_Post":" ","Place_Type":" ","Placement":" ","Long":-75.08831404,"Lat":40.18444438,"Elev":"0","ParcelID":"49-009-028-013","Full_Addr":"41 POTTER ST","Comment":" ","Purpose":null,"DiscrpAgID":"buckscounty.org","created_user":null,"created_date":null,"last_edited_user":"DGALLOWAY","gc_exception":"","ADDRGUID":null,"RDNAME":"POTTER ST"}},{"type":"Feature","id":238066,"geometry":{"type":"Point","coordinates":[-75.0881763305481,40.1842434824784]},"properties":{"OBJECTID":238066,"Source":"","DateUpdate":"Tue, 12 Nov 2024 10:04:37 GMT","Effective":"Wed, 01 Jan 2020 00:00:01 GMT","Expire":"Sat, 01 Jan 2050 00:00:01 GMT","Site_NGUID":"SSAP23841543POTTERST@buckscounty.org","Country":"US","State":"PA","County":"Bucks County","AddCode":"","AddDataURI":"","Inc_Muni":"Warminster Townshop","Uninc_Comm":"","Nbrhd_Comm":"","AddNum_Pre":"","Add_Number":"43","AddNum_Suf":"","St_PreMod":"","St_PreDir":"","St_PreTyp":"","St_PreSep":"","St_Name":"POTTER","St_PosTyp":"STREET","St_PosDir":"","St_PosMod":"","Lst_PreDir":"","Lst_Name":"POTTER","Lst_Type":"ST","LstPosDir":"","ESN":"52","MSAGComm":"WARMINSTER TOWNSHIP","Post_Comm":"WARMINSTER","Post_Code":"18974","Post_Code4":"","Building":"","Floor":" ","Unit":" ","Room":"","Seat":" ","Addtl_Loc":" ","LandmkName":" ","Mile_Post":" ","Place_Type":" ","Placement":" ","Long":-75.08817457,"Lat":40.18423537,"Elev":"0","ParcelID":"49-009-028-013","Full_Addr":"43 POTTER ST","Comment":" ","Purpose":null,"DiscrpAgID":"buckscounty.org","created_user":null,"created_date":null,"last_edited_user":"DGALLOWAY","gc_exception":"","ADDRGUID":null,"RDNAME":"POTTER ST"}},{"type":"Feature","id":238067,"geometry":{"type":"Point","coordinates":[-75.0881387799288,40.1842004523475]},"properties":{"OBJECTID":238067,"Source":"","DateUpdate":"Tue, 12 Nov 2024 10:04:37 GMT","Effective":"Wed, 01 Jan 2020 00:00:01 GMT","Expire":"Sat, 01 Jan 2050 00:00:01 GMT","Site_NGUID":"SSAP23841645POTTERST@buckscounty.org","Country":"US","State":"PA","County":"Bucks County","AddCode":"","AddDataURI":"","Inc_Muni":"Warminster Townshop","Uninc_Comm":"","Nbrhd_Comm":"","AddNum_Pre":"","Add_Number":"45","AddNum_Suf":"","St_PreMod":"","St_PreDir":"","St_PreTyp":"","St_PreSep":"","St_Name":"POTTER","St_PosTyp":"STREET","St_PosDir":"","St_PosMod":"","Lst_PreDir":"","Lst_Name":"POTTER","Lst_Type":"ST","LstPosDir":"","ESN":"52","MSAGComm":"WARMINSTER TOWNSHIP","Post_Comm":"WARMINSTER","Post_Code":"18974","Post_Code4":"","Building":"","Floor":" ","Unit":" ","Room":"","Seat":" ","Addtl_Loc":" ","LandmkName":" ","Mile_Post":" ","Place_Type":" ","Placement":" ","Long":-75.08813702,"Lat":40.18419234,"Elev":"0","ParcelID":"49-009-028-013","Full_Addr":"45 POTTER ST","Comment":" ","Purpose":null,"DiscrpAgID":"buckscounty.org","created_user":null,"created_date":null,"last_edited_user":"DGALLOWAY","gc_exception":"","ADDRGUID":null,"RDNAME":"POTTER ST"}},{"type":"Feature","id":238068,"geometry":{"type":"Point","coordinates":[-75.088109276132,40.184155371038]},"properties":{"OBJECTID":238068,"Source":"","DateUpdate":"Tue, 12 Nov 2024 10:04:37 GMT","Effective":"Wed, 01 Jan 2020 00:00:01 GMT","Expire":"Sat, 01 Jan 2050 00:00:01 GMT","Site_NGUID":"SSAP23841747POTTERST@buckscounty.org","Country":"US","State":"PA","County":"Bucks County","AddCode":"","AddDataURI":"","Inc_Muni":"Warminster Townshop","Uninc_Comm":"","Nbrhd_Comm":"","AddNum_Pre":"","Add_Number":"47","AddNum_Suf":"","St_PreMod":"","St_PreDir":"","St_PreTyp":"","St_PreSep":"","St_Name":"POTTER","St_PosTyp":"STREET","St_PosDir":"","St_PosMod":"","Lst_PreDir":"","Lst_Name":"POTTER","Lst_Type":"ST","LstPosDir":"","ESN":"52","MSAGComm":"WARMINSTER TOWNSHIP","Post_Comm":"WARMINSTER","Post_Code":"18974","Post_Code4":"","Building":"","Floor":" ","Unit":" ","Room":"","Seat":" ","Addtl_Loc":" ","LandmkName":" ","Mile_Post":" ","Place_Type":" ","Placement":" ","Long":-75.08810751,"Lat":40.18414726,"Elev":"0","ParcelID":"49-009-028-013","Full_Addr":"47 POTTER ST","Comment":" ","Purpose":null,"DiscrpAgID":"buckscounty.org","created_user":null,"created_date":null,"last_edited_user":"DGALLOWAY","gc_exception":"","ADDRGUID":null,"RDNAME":"POTTER ST"}},{"type":"Feature","id":238069,"geometry":{"type":"Point","coordinates":[-75.0880770890366,40.1841143877105]},"properties":{"OBJECTID":238069,"Source":"","DateUpdate":"Tue, 12 Nov 2024 10:04:37 GMT","Effective":"Wed, 01 Jan 2020 00:00:01 GMT","Expire":"Sat, 01 Jan 2050 00:00:01 GMT","Site_NGUID":"SSAP23841849POTTERST@buckscounty.org","Country":"US","State":"PA","County":"Bucks County","AddCode":"","AddDataURI":"","Inc_Muni":"Warminster Townshop","Uninc_Comm":"","Nbrhd_Comm":"","AddNum_Pre":"","Add_Number":"49","AddNum_Suf":"","St_PreMod":"","St_PreDir":"","St_PreTyp":"","St_PreSep":"","St_Name":"POTTER","St_PosTyp":"STREET","St_PosDir":"","St_PosMod":"","Lst_PreDir":"","Lst_Name":"POTTER","Lst_Type":"ST","LstPosDir":"","ESN":"52","MSAGComm":"WARMINSTER TOWNSHIP","Post_Comm":"WARMINSTER","Post_Code":"18974","Post_Code4":"","Building":"","Floor":" ","Unit":" ","Room":"","Seat":" ","Addtl_Loc":" ","LandmkName":" ","Mile_Post":" ","Place_Type":" ","Placement":" ","Long":-75.08807533,"Lat":40.18410627,"Elev":"0","ParcelID":"49-009-028-013","Full_Addr":"49 POTTER ST","Comment":" ","Purpose":null,"DiscrpAgID":"buckscounty.org","created_user":null,"created_date":null,"last_edited_user":"DGALLOWAY","gc_exception":"","ADDRGUID":null,"RDNAME":"POTTER ST"}},{"type":"Feature","id":238070,"geometry":{"type":"Point","coordinates":[-75.0882514341799,40.1848971548406]},"properties":{"OBJECTID":238070,"Source":"","DateUpdate":"Tue, 12 Nov 2024 10:04:37 GMT","Effective":"Wed, 01 Jan 2020 00:00:01 GMT","Expire":"Sat, 01 Jan 2050 00:00:01 GMT","Site_NGUID":"SSAP23841926POTTERST@buckscounty.org","Country":"US","State":"PA","County":"Bucks County","AddCode":"","AddDataURI":"","Inc_Muni":"Warminster Townshop","Uninc_Comm":"","Nbrhd_Comm":"","AddNum_Pre":"","Add_Number":"26","AddNum_Suf":"","St_PreMod":"","St_PreDir":"","St_PreTyp":"","St_PreSep":"","St_Name":"POTTER","St_PosTyp":"STREET","St_PosDir":"","St_PosMod":"","Lst_PreDir":"","Lst_Name":"POTTER","Lst_Type":"ST","LstPosDir":"","ESN":"52","MSAGComm":"WARMINSTER TOWNSHIP","Post_Comm":"WARMINSTER","Post_Code":"18974","Post_Code4":"","Building":"","Floor":" ","Unit":" ","Room":"","Seat":" ","Addtl_Loc":" ","LandmkName":" ","Mile_Post":" ","Place_Type":" ","Placement":" ","Long":-75.08824967,"Lat":40.18488904,"Elev":"0","ParcelID":"49-009-028-013","Full_Addr":"26 POTTER ST","Comment":" ","Purpose":null,"DiscrpAgID":"buckscounty.org","created_user":null,"created_date":null,"last_edited_user":"DGALLOWAY","gc_exception":"","ADDRGUID":null,"RDNAME":"POTTER ST"}},{"type":"Feature","id":238071,"geometry":{"type":"Point","coordinates":[-75.0882138808384,40.1848541237822]},"properties":{"OBJECTID":238071,"Source":"","DateUpdate":"Tue, 12 Nov 2024 10:04:37 GMT","Effective":"Wed, 01 Jan 2020 00:00:01 GMT","Expire":"Sat, 01 Jan 2050 00:00:01 GMT","Site_NGUID":"SSAP23842028POTTERST@buckscounty.org","Country":"US","State":"PA","County":"Bucks County","AddCode":"","AddDataURI":"","Inc_Muni":"Warminster Townshop","Uninc_Comm":"","Nbrhd_Comm":"","AddNum_Pre":"","Add_Number":"28","AddNum_Suf":"","St_PreMod":"","St_PreDir":"","St_PreTyp":"","St_PreSep":"","St_Name":"POTTER","St_PosTyp":"STREET","St_PosDir":"","St_PosMod":"","Lst_PreDir":"","Lst_Name":"POTTER","Lst_Type":"ST","LstPosDir":"","ESN":"52","MSAGComm":"WARMINSTER TOWNSHIP","Post_Comm":"WARMINSTER","Post_Code":"18974","Post_Code4":"","Building":"","Floor":" ","Unit":" ","Room":"","Seat":" ","Addtl_Loc":" ","LandmkName":" ","Mile_Post":" ","Place_Type":" ","Placement":" ","Long":-75.08821212,"Lat":40.18484601,"Elev":"0","ParcelID":"49-009-028-013","Full_Addr":"28 POTTER ST","Comment":" ","Purpose":null,"DiscrpAgID":"buckscounty.org","created_user":null,"created_date":null,"last_edited_user":"DGALLOWAY","gc_exception":"","ADDRGUID":null,"RDNAME":"POTTER ST"}},{"type":"Feature","id":238072,"geometry":{"type":"Point","coordinates":[-75.0881736498673,40.1848049452526]},"properties":{"OBJECTID":238072,"Source":"","DateUpdate":"Tue, 12 Nov 2024 10:04:37 GMT","Effective":"Wed, 01 Jan 2020 00:00:01 GMT","Expire":"Sat, 01 Jan 2050 00:00:01 GMT","Site_NGUID":"SSAP23842130POTTERST@buckscounty.org","Country":"US","State":"PA","County":"Bucks County","AddCode":"","AddDataURI":"","Inc_Muni":"Warminster Townshop","Uninc_Comm":"","Nbrhd_Comm":"","AddNum_Pre":"","Add_Number":"30","AddNum_Suf":"","St_PreMod":"","St_PreDir":"","St_PreTyp":"","St_PreSep":"","St_Name":"POTTER","St_PosTyp":"STREET","St_PosDir":"","St_PosMod":"","Lst_PreDir":"","Lst_Name":"POTTER","Lst_Type":"ST","LstPosDir":"","ESN":"52","MSAGComm":"WARMINSTER TOWNSHIP","Post_Comm":"WARMINSTER","Post_Code":"18974","Post_Code4":"","Building":"","Floor":" ","Unit":" ","Room":"","Seat":" ","Addtl_Loc":" ","LandmkName":" ","Mile_Post":" ","Place_Type":" ","Placement":" ","Long":-75.08817189,"Lat":40.18479683,"Elev":"0","ParcelID":"49-009-028-013","Full_Addr":"30 POTTER ST","Comment":" ","Purpose":null,"DiscrpAgID":"buckscounty.org","created_user":null,"created_date":null,"last_edited_user":"DGALLOWAY","gc_exception":"","ADDRGUID":null,"RDNAME":"POTTER ST"}},{"type":"Feature","id":238073,"geometry":{"type":"Point","coordinates":[-75.0881387798735,40.1847619131465]},"properties":{"OBJECTID":238073,"Source":"","DateUpdate":"Tue, 12 Nov 2024 10:04:37 GMT","Effective":"Wed, 01 Jan 2020 00:00:01 GMT","Expire":"Sat, 01 Jan 2050 00:00:01 GMT","Site_NGUID":"SSAP23842232POTTERST@buckscounty.org","Country":"US","State":"PA","County":"Bucks County","AddCode":"","AddDataURI":"","Inc_Muni":"Warminster Townshop","Uninc_Comm":"","Nbrhd_Comm":"","AddNum_Pre":"","Add_Number":"32","AddNum_Suf":"","St_PreMod":"","St_PreDir":"","St_PreTyp":"","St_PreSep":"","St_Name":"POTTER","St_PosTyp":"STREET","St_PosDir":"","St_PosMod":"","Lst_PreDir":"","Lst_Name":"POTTER","Lst_Type":"ST","LstPosDir":"","ESN":"52","MSAGComm":"WARMINSTER TOWNSHIP","Post_Comm":"WARMINSTER","Post_Code":"18974","Post_Code4":"","Building":"","Floor":" ","Unit":" ","Room":"","Seat":" ","Addtl_Loc":" ","LandmkName":" ","Mile_Post":" ","Place_Type":" ","Placement":" ","Long":-75.08813702,"Lat":40.1847538,"Elev":"0","ParcelID":"49-009-028-013","Full_Addr":"32 POTTER ST","Comment":" ","Purpose":null,"DiscrpAgID":"buckscounty.org","created_user":null,"created_date":null,"last_edited_user":"DGALLOWAY","gc_exception":"","ADDRGUID":null,"RDNAME":"POTTER ST"}},{"type":"Feature","id":238074,"geometry":{"type":"Point","coordinates":[-75.0879242031148,40.1844770845454]},"properties":{"OBJECTID":238074,"Source":"","DateUpdate":"Tue, 12 Nov 2024 10:04:37 GMT","Effective":"Wed, 01 Jan 2020 00:00:01 GMT","Expire":"Sat, 01 Jan 2050 00:00:01 GMT","Site_NGUID":"SSAP23842334POTTERST@buckscounty.org","Country":"US","State":"PA","County":"Bucks County","AddCode":"","AddDataURI":"","Inc_Muni":"Warminster Townshop","Uninc_Comm":"","Nbrhd_Comm":"","AddNum_Pre":"","Add_Number":"34","AddNum_Suf":"","St_PreMod":"","St_PreDir":"","St_PreTyp":"","St_PreSep":"","St_Name":"POTTER","St_PosTyp":"STREET","St_PosDir":"","St_PosMod":"","Lst_PreDir":"","Lst_Name":"POTTER","Lst_Type":"ST","LstPosDir":"","ESN":"52","MSAGComm":"WARMINSTER TOWNSHIP","Post_Comm":"WARMINSTER","Post_Code":"18974","Post_Code4":"","Building":"","Floor":" ","Unit":" ","Room":"","Seat":" ","Addtl_Loc":" ","LandmkName":" ","Mile_Post":" ","Place_Type":" ","Placement":" ","Long":-75.08792244,"Lat":40.18446897,"Elev":"0","ParcelID":"49-009-028-013","Full_Addr":"34 POTTER ST","Comment":" ","Purpose":null,"DiscrpAgID":"buckscounty.org","created_user":null,"created_date":null,"last_edited_user":"DGALLOWAY","gc_exception":"","ADDRGUID":null,"RDNAME":"POTTER ST"}},{"type":"Feature","id":238075,"geometry":{"type":"Point","coordinates":[-75.0878893347499,40.1844299554206]},"properties":{"OBJECTID":238075,"Source":"","DateUpdate":"Tue, 12 Nov 2024 10:04:37 GMT","Effective":"Wed, 01 Jan 2020 00:00:01 GMT","Expire":"Sat, 01 Jan 2050 00:00:01 GMT","Site_NGUID":"SSAP23842436POTTERST@buckscounty.org","Country":"US","State":"PA","County":"Bucks County","AddCode":"","AddDataURI":"","Inc_Muni":"Warminster Townshop","Uninc_Comm":"","Nbrhd_Comm":"","AddNum_Pre":"","Add_Number":"36","AddNum_Suf":"","St_PreMod":"","St_PreDir":"","St_PreTyp":"","St_PreSep":"","St_Name":"POTTER","St_PosTyp":"STREET","St_PosDir":"","St_PosMod":"","Lst_PreDir":"","Lst_Name":"POTTER","Lst_Type":"ST","LstPosDir":"","ESN":"52","MSAGComm":"WARMINSTER TOWNSHIP","Post_Comm":"WARMINSTER","Post_Code":"18974","Post_Code4":"","Building":"","Floor":" ","Unit":" ","Room":"","Seat":" ","Addtl_Loc":" ","LandmkName":" ","Mile_Post":" ","Place_Type":" ","Placement":" ","Long":-75.08788757,"Lat":40.18442184,"Elev":"0","ParcelID":"49-009-028-013","Full_Addr":"36 POTTER ST","Comment":" ","Purpose":null,"DiscrpAgID":"buckscounty.org","created_user":null,"created_date":null,"last_edited_user":"DGALLOWAY","gc_exception":"","ADDRGUID":null,"RDNAME":"POTTER ST"}},{"type":"Feature","id":238076,"geometry":{"type":"Point","coordinates":[-75.0878491011189,40.1843869226114]},"properties":{"OBJECTID":238076,"Source":"","DateUpdate":"Tue, 12 Nov 2024 10:04:37 GMT","Effective":"Wed, 01 Jan 2020 00:00:01 GMT","Expire":"Sat, 01 Jan 2050 00:00:01 GMT","Site_NGUID":"SSAP23842538POTTERST@buckscounty.org","Country":"US","State":"PA","County":"Bucks County","AddCode":"","AddDataURI":"","Inc_Muni":"Warminster Townshop","Uninc_Comm":"","Nbrhd_Comm":"","AddNum_Pre":"","Add_Number":"38","AddNum_Suf":"","St_PreMod":"","St_PreDir":"","St_PreTyp":"","St_PreSep":"","St_Name":"POTTER","St_PosTyp":"STREET","St_PosDir":"","St_PosMod":"","Lst_PreDir":"","Lst_Name":"POTTER","Lst_Type":"ST","LstPosDir":"","ESN":"52","MSAGComm":"WARMINSTER TOWNSHIP","Post_Comm":"WARMINSTER","Post_Code":"18974","Post_Code4":"","Building":"","Floor":" ","Unit":" ","Room":"","Seat":" ","Addtl_Loc":" ","LandmkName":" ","Mile_Post":" ","Place_Type":" ","Placement":" ","Long":-75.08784734,"Lat":40.18437881,"Elev":"0","ParcelID":"49-009-028-013","Full_Addr":"38 POTTER ST","Comment":" ","Purpose":null,"DiscrpAgID":"buckscounty.org","created_user":null,"created_date":null,"last_edited_user":"DGALLOWAY","gc_exception":"","ADDRGUID":null,"RDNAME":"POTTER ST"}},{"type":"Feature","id":238077,"geometry":{"type":"Point","coordinates":[-75.0878169152092,40.1843459401394]},"properties":{"OBJECTID":238077,"Source":"","DateUpdate":"Tue, 12 Nov 2024 10:04:37 GMT","Effective":"Wed, 01 Jan 2020 00:00:01 GMT","Expire":"Sat, 01 Jan 2050 00:00:01 GMT","Site_NGUID":"SSAP23842640POTTERST@buckscounty.org","Country":"US","State":"PA","County":"Bucks County","AddCode":"","AddDataURI":"","Inc_Muni":"Warminster Townshop","Uninc_Comm":"","Nbrhd_Comm":"","AddNum_Pre":"","Add_Number":"40","AddNum_Suf":"","St_PreMod":"","St_PreDir":"","St_PreTyp":"","St_PreSep":"","St_Name":"POTTER","St_PosTyp":"STREET","St_PosDir":"","St_PosMod":"","Lst_PreDir":"","Lst_Name":"POTTER","Lst_Type":"ST","LstPosDir":"","ESN":"52","MSAGComm":"WARMINSTER TOWNSHIP","Post_Comm":"WARMINSTER","Post_Code":"18974","Post_Code4":"","Building":"","Floor":" ","Unit":" ","Room":"","Seat":" ","Addtl_Loc":" ","LandmkName":" ","Mile_Post":" ","Place_Type":" ","Placement":" ","Long":-75.08781515,"Lat":40.18433783,"Elev":"0","ParcelID":"49-009-028-013","Full_Addr":"40 POTTER ST","Comment":" ","Purpose":null,"DiscrpAgID":"buckscounty.org","created_user":null,"created_date":null,"last_edited_user":"DGALLOWAY","gc_exception":"","ADDRGUID":null,"RDNAME":"POTTER ST"}},{"type":"Feature","id":238078,"geometry":{"type":"Point","coordinates":[-75.0875245541617,40.1839545546282]},"properties":{"OBJECTID":238078,"Source":"","DateUpdate":"Tue, 12 Nov 2024 10:04:37 GMT","Effective":"Wed, 01 Jan 2020 00:00:01 GMT","Expire":"Sat, 01 Jan 2050 00:00:01 GMT","Site_NGUID":"SSAP23842750POTTERST@buckscounty.org","Country":"US","State":"PA","County":"Bucks County","AddCode":"","AddDataURI":"","Inc_Muni":"Warminster Township","Uninc_Comm":"","Nbrhd_Comm":"","AddNum_Pre":"","Add_Number":"50","AddNum_Suf":"","St_PreMod":"","St_PreDir":"","St_PreTyp":"","St_PreSep":"","St_Name":"POTTER","St_PosTyp":"STREET","St_PosDir":"","St_PosMod":"","Lst_PreDir":"","Lst_Name":"POTTER","Lst_Type":"ST","LstPosDir":"","ESN":"51","MSAGComm":"WARMINSTER TOWNSHIP","Post_Comm":"WARMINSTER","Post_Code":"18974","Post_Code4":"","Building":"","Floor":" ","Unit":" ","Room":"","Seat":" ","Addtl_Loc":" ","LandmkName":" ","Mile_Post":" ","Place_Type":" ","Placement":" ","Long":-75.08752279,"Lat":40.18394644,"Elev":"0","ParcelID":"49-009-028-013","Full_Addr":"50 POTTER ST","Comment":" ","Purpose":null,"DiscrpAgID":"buckscounty.org","created_user":null,"created_date":null,"last_edited_user":"DGALLOWAY","gc_exception":"","ADDRGUID":null,"RDNAME":"POTTER ST"}},{"type":"Feature","id":238079,"geometry":{"type":"Point","coordinates":[-75.0874896850181,40.1839115223222]},"properties":{"OBJECTID":238079,"Source":"","DateUpdate":"Tue, 12 Nov 2024 10:04:37 GMT","Effective":"Wed, 01 Jan 2020 00:00:01 GMT","Expire":"Sat, 01 Jan 2050 00:00:01 GMT","Site_NGUID":"SSAP23842852POTTERST@buckscounty.org","Country":"US","State":"PA","County":"Bucks County","AddCode":"","AddDataURI":"","Inc_Muni":"Warminster Township","Uninc_Comm":"","Nbrhd_Comm":"","AddNum_Pre":"","Add_Number":"52","AddNum_Suf":"","St_PreMod":"","St_PreDir":"","St_PreTyp":"","St_PreSep":"","St_Name":"POTTER","St_PosTyp":"STREET","St_PosDir":"","St_PosMod":"","Lst_PreDir":"","Lst_Name":"POTTER","Lst_Type":"ST","LstPosDir":"","ESN":"51","MSAGComm":"WARMINSTER TOWNSHIP","Post_Comm":"WARMINSTER","Post_Code":"18974","Post_Code4":"","Building":"","Floor":" ","Unit":" ","Room":"","Seat":" ","Addtl_Loc":" ","LandmkName":" ","Mile_Post":" ","Place_Type":" ","Placement":" ","Long":-75.08748792,"Lat":40.18390341,"Elev":"0","ParcelID":"49-009-028-013","Full_Addr":"52 POTTER ST","Comment":" ","Purpose":null,"DiscrpAgID":"buckscounty.org","created_user":null,"created_date":null,"last_edited_user":"DGALLOWAY","gc_exception":"","ADDRGUID":null,"RDNAME":"POTTER ST"}},{"type":"Feature","id":238080,"geometry":{"type":"Point","coordinates":[-75.0874172664921,40.1838275076857]},"properties":{"OBJECTID":238080,"Source":"","DateUpdate":"Tue, 12 Nov 2024 10:04:37 GMT","Effective":"Wed, 01 Jan 2020 00:00:01 GMT","Expire":"Sat, 01 Jan 2050 00:00:01 GMT","Site_NGUID":"SSAP23842956POTTERST@buckscounty.org","Country":"US","State":"PA","County":"Bucks County","AddCode":"","AddDataURI":"","Inc_Muni":"Warminster Township","Uninc_Comm":"","Nbrhd_Comm":"","AddNum_Pre":"","Add_Number":"56","AddNum_Suf":"","St_PreMod":"","St_PreDir":"","St_PreTyp":"","St_PreSep":"","St_Name":"POTTER","St_PosTyp":"STREET","St_PosDir":"","St_PosMod":"","Lst_PreDir":"","Lst_Name":"POTTER","Lst_Type":"ST","LstPosDir":"","ESN":"51","MSAGComm":"WARMINSTER TOWNSHIP","Post_Comm":"WARMINSTER","Post_Code":"18974","Post_Code4":"","Building":"","Floor":" ","Unit":" ","Room":"","Seat":" ","Addtl_Loc":" ","LandmkName":" ","Mile_Post":" ","Place_Type":" ","Placement":" ","Long":-75.08741551,"Lat":40.18381939,"Elev":"0","ParcelID":"49-009-028-013","Full_Addr":"56 POTTER ST","Comment":" ","Purpose":null,"DiscrpAgID":"buckscounty.org","created_user":null,"created_date":null,"last_edited_user":"DGALLOWAY","gc_exception":"","ADDRGUID":null,"RDNAME":"POTTER ST"}},{"type":"Feature","id":238081,"geometry":{"type":"Point","coordinates":[-75.0876720764434,40.1835590674708]},"properties":{"OBJECTID":238081,"Source":"","DateUpdate":"Tue, 12 Nov 2024 10:04:37 GMT","Effective":"Wed, 01 Jan 2020 00:00:01 GMT","Expire":"Sat, 01 Jan 2050 00:00:01 GMT","Site_NGUID":"SSAP23843015KNIGHTST@buckscounty.org","Country":"US","State":"PA","County":"Bucks County","AddCode":"","AddDataURI":"","Inc_Muni":"Warminster Township","Uninc_Comm":"","Nbrhd_Comm":"","AddNum_Pre":"","Add_Number":"15","AddNum_Suf":"","St_PreMod":"","St_PreDir":"","St_PreTyp":"","St_PreSep":"","St_Name":"KNIGHT","St_PosTyp":"STREET","St_PosDir":"","St_PosMod":"","Lst_PreDir":"","Lst_Name":"KNIGHT","Lst_Type":"ST","LstPosDir":"","ESN":"51","MSAGComm":"WARMINSTER TOWNSHIP","Post_Comm":"WARMINSTER","Post_Code":"18974","Post_Code4":"","Building":"","Floor":" ","Unit":" ","Room":"","Seat":" ","Addtl_Loc":" ","LandmkName":" ","Mile_Post":" ","Place_Type":" ","Placement":" ","Long":-75.08767032,"Lat":40.18355095,"Elev":"0","ParcelID":"49-009-028-013","Full_Addr":"15 KNIGHT ST","Comment":" ","Purpose":null,"DiscrpAgID":"buckscounty.org","created_user":null,"created_date":null,"last_edited_user":"DGALLOWAY","gc_exception":"","ADDRGUID":null,"RDNAME":"KNIGHT ST"}},{"type":"Feature","id":238082,"geometry":{"type":"Point","coordinates":[-75.087698897991,40.1835221834607]},"properties":{"OBJECTID":238082,"Source":"","DateUpdate":"Tue, 12 Nov 2024 10:04:37 GMT","Effective":"Wed, 01 Jan 2020 00:00:01 GMT","Expire":"Sat, 01 Jan 2050 00:00:01 GMT","Site_NGUID":"SSAP23843113KNIGHTST@buckscounty.org","Country":"US","State":"PA","County":"Bucks County","AddCode":"","AddDataURI":"","Inc_Muni":"Warminster Township","Uninc_Comm":"","Nbrhd_Comm":"","AddNum_Pre":"","Add_Number":"13","AddNum_Suf":"","St_PreMod":"","St_PreDir":"","St_PreTyp":"","St_PreSep":"","St_Name":"KNIGHT","St_PosTyp":"STREET","St_PosDir":"","St_PosMod":"","Lst_PreDir":"","Lst_Name":"KNIGHT","Lst_Type":"ST","LstPosDir":"","ESN":"51","MSAGComm":"WARMINSTER TOWNSHIP","Post_Comm":"WARMINSTER","Post_Code":"18974","Post_Code4":"","Building":"","Floor":" ","Unit":" ","Room":"","Seat":" ","Addtl_Loc":" ","LandmkName":" ","Mile_Post":" ","Place_Type":" ","Placement":" ","Long":-75.08769714,"Lat":40.18351407,"Elev":"0","ParcelID":"49-009-028-013","Full_Addr":"13 KNIGHT ST","Comment":" ","Purpose":null,"DiscrpAgID":"buckscounty.org","created_user":null,"created_date":null,"last_edited_user":"DGALLOWAY","gc_exception":"","ADDRGUID":null,"RDNAME":"KNIGHT ST"}},{"type":"Feature","id":238083,"geometry":{"type":"Point","coordinates":[-75.0877364495139,40.1834791512224]},"properties":{"OBJECTID":238083,"Source":"","DateUpdate":"Tue, 12 Nov 2024 10:04:37 GMT","Effective":"Wed, 01 Jan 2020 00:00:01 GMT","Expire":"Sat, 01 Jan 2050 00:00:01 GMT","Site_NGUID":"SSAP23843211KNIGHTST@buckscounty.org","Country":"US","State":"PA","County":"Bucks County","AddCode":"","AddDataURI":"","Inc_Muni":"Warminster Township","Uninc_Comm":"","Nbrhd_Comm":"","AddNum_Pre":"","Add_Number":"11","AddNum_Suf":"","St_PreMod":"","St_PreDir":"","St_PreTyp":"","St_PreSep":"","St_Name":"KNIGHT","St_PosTyp":"STREET","St_PosDir":"","St_PosMod":"","Lst_PreDir":"","Lst_Name":"KNIGHT","Lst_Type":"ST","LstPosDir":"","ESN":"51","MSAGComm":"WARMINSTER TOWNSHIP","Post_Comm":"WARMINSTER","Post_Code":"18974","Post_Code4":"","Building":"","Floor":" ","Unit":" ","Room":"","Seat":" ","Addtl_Loc":" ","LandmkName":" ","Mile_Post":" ","Place_Type":" ","Placement":" ","Long":-75.08773469,"Lat":40.18347104,"Elev":"0","ParcelID":"49-009-028-013","Full_Addr":"11 KNIGHT ST","Comment":" ","Purpose":null,"DiscrpAgID":"buckscounty.org","created_user":null,"created_date":null,"last_edited_user":"DGALLOWAY","gc_exception":"","ADDRGUID":null,"RDNAME":"KNIGHT ST"}},{"type":"Feature","id":238084,"geometry":{"type":"Point","coordinates":[-75.0877739982658,40.1834443155567]},"properties":{"OBJECTID":238084,"Source":"","DateUpdate":"Tue, 12 Nov 2024 10:04:37 GMT","Effective":"Wed, 01 Jan 2020 00:00:01 GMT","Expire":"Sat, 01 Jan 2050 00:00:01 GMT","Site_NGUID":"SSAP2384339KNIGHTST@buckscounty.org","Country":"US","State":"PA","County":"Bucks County","AddCode":"","AddDataURI":"","Inc_Muni":"Warminster Township","Uninc_Comm":"","Nbrhd_Comm":"","AddNum_Pre":"","Add_Number":"9","AddNum_Suf":"","St_PreMod":"","St_PreDir":"","St_PreTyp":"","St_PreSep":"","St_Name":"KNIGHT","St_PosTyp":"STREET","St_PosDir":"","St_PosMod":"","Lst_PreDir":"","Lst_Name":"KNIGHT","Lst_Type":"ST","LstPosDir":"","ESN":"51","MSAGComm":"WARMINSTER TOWNSHIP","Post_Comm":"WARMINSTER","Post_Code":"18974","Post_Code4":"","Building":"","Floor":" ","Unit":" ","Room":"","Seat":" ","Addtl_Loc":" ","LandmkName":" ","Mile_Post":" ","Place_Type":" ","Placement":" ","Long":-75.08777224,"Lat":40.1834362,"Elev":"0","ParcelID":"49-009-028-013","Full_Addr":"9 KNIGHT ST","Comment":" ","Purpose":null,"DiscrpAgID":"buckscounty.org","created_user":null,"created_date":null,"last_edited_user":"DGALLOWAY","gc_exception":"","ADDRGUID":null,"RDNAME":"KNIGHT ST"}},{"type":"Feature","id":238085,"geometry":{"type":"Point","coordinates":[-75.0879644359027,40.1832537429902]},"properties":{"OBJECTID":238085,"Source":"","DateUpdate":"Tue, 12 Nov 2024 10:04:37 GMT","Effective":"Wed, 01 Jan 2020 00:00:01 GMT","Expire":"Sat, 01 Jan 2050 00:00:01 GMT","Site_NGUID":"SSAP2384347KNIGHTST@buckscounty.org","Country":"US","State":"PA","County":"Bucks County","AddCode":"","AddDataURI":"","Inc_Muni":"Warminster Township","Uninc_Comm":"","Nbrhd_Comm":"","AddNum_Pre":"","Add_Number":"7","AddNum_Suf":"","St_PreMod":"","St_PreDir":"","St_PreTyp":"","St_PreSep":"","St_Name":"KNIGHT","St_PosTyp":"STREET","St_PosDir":"","St_PosMod":"","Lst_PreDir":"","Lst_Name":"KNIGHT","Lst_Type":"ST","LstPosDir":"","ESN":"51","MSAGComm":"WARMINSTER TOWNSHIP","Post_Comm":"WARMINSTER","Post_Code":"18974","Post_Code4":"","Building":"","Floor":" ","Unit":" ","Room":"","Seat":" ","Addtl_Loc":" ","LandmkName":" ","Mile_Post":" ","Place_Type":" ","Placement":" ","Long":-75.08796267,"Lat":40.18324563,"Elev":"0","ParcelID":"49-009-028-013","Full_Addr":"7 KNIGHT ST","Comment":" ","Purpose":null,"DiscrpAgID":"buckscounty.org","created_user":null,"created_date":null,"last_edited_user":"DGALLOWAY","gc_exception":"","ADDRGUID":null,"RDNAME":"KNIGHT ST"}},{"type":"Feature","id":238086,"geometry":{"type":"Point","coordinates":[-75.0879912586951,40.1832230057561]},"properties":{"OBJECTID":238086,"Source":"","DateUpdate":"Tue, 12 Nov 2024 10:04:37 GMT","Effective":"Wed, 01 Jan 2020 00:00:01 GMT","Expire":"Sat, 01 Jan 2050 00:00:01 GMT","Site_NGUID":"SSAP2384355KNIGHTST@buckscounty.org","Country":"US","State":"PA","County":"Bucks County","AddCode":"","AddDataURI":"","Inc_Muni":"Warminster Township","Uninc_Comm":"","Nbrhd_Comm":"","AddNum_Pre":"","Add_Number":"5","AddNum_Suf":"","St_PreMod":"","St_PreDir":"","St_PreTyp":"","St_PreSep":"","St_Name":"KNIGHT","St_PosTyp":"STREET","St_PosDir":"","St_PosMod":"","Lst_PreDir":"","Lst_Name":"KNIGHT","Lst_Type":"ST","LstPosDir":"","ESN":"51","MSAGComm":"WARMINSTER TOWNSHIP","Post_Comm":"WARMINSTER","Post_Code":"18974","Post_Code4":"","Building":"","Floor":" ","Unit":" ","Room":"","Seat":" ","Addtl_Loc":" ","LandmkName":" ","Mile_Post":" ","Place_Type":" ","Placement":" ","Long":-75.0879895,"Lat":40.18321489,"Elev":"0","ParcelID":"49-009-028-013","Full_Addr":"5 KNIGHT ST","Comment":" ","Purpose":null,"DiscrpAgID":"buckscounty.org","created_user":null,"created_date":null,"last_edited_user":"DGALLOWAY","gc_exception":"","ADDRGUID":null,"RDNAME":"KNIGHT ST"}},{"type":"Feature","id":238087,"geometry":{"type":"Point","coordinates":[-75.088036856302,40.1831820219301]},"properties":{"OBJECTID":238087,"Source":"","DateUpdate":"Tue, 12 Nov 2024 10:04:37 GMT","Effective":"Wed, 01 Jan 2020 00:00:01 GMT","Expire":"Sat, 01 Jan 2050 00:00:01 GMT","Site_NGUID":"SSAP2384363KNIGHTST@buckscounty.org","Country":"US","State":"PA","County":"Bucks County","AddCode":"","AddDataURI":"","Inc_Muni":"Warminster Township","Uninc_Comm":"","Nbrhd_Comm":"","AddNum_Pre":"","Add_Number":"3","AddNum_Suf":"","St_PreMod":"","St_PreDir":"","St_PreTyp":"","St_PreSep":"","St_Name":"KNIGHT","St_PosTyp":"STREET","St_PosDir":"","St_PosMod":"","Lst_PreDir":"","Lst_Name":"KNIGHT","Lst_Type":"ST","LstPosDir":"","ESN":"51","MSAGComm":"WARMINSTER TOWNSHIP","Post_Comm":"WARMINSTER","Post_Code":"18974","Post_Code4":"","Building":"","Floor":" ","Unit":" ","Room":"","Seat":" ","Addtl_Loc":" ","LandmkName":" ","Mile_Post":" ","Place_Type":" ","Placement":" ","Long":-75.0880351,"Lat":40.18317391,"Elev":"0","ParcelID":"49-009-028-013","Full_Addr":"3 KNIGHT ST","Comment":" ","Purpose":null,"DiscrpAgID":"buckscounty.org","created_user":null,"created_date":null,"last_edited_user":"DGALLOWAY","gc_exception":"","ADDRGUID":null,"RDNAME":"KNIGHT ST"}},{"type":"Feature","id":238088,"geometry":{"type":"Point","coordinates":[-75.0880717252602,40.1831430884975]},"properties":{"OBJECTID":238088,"Source":"","DateUpdate":"Tue, 12 Nov 2024 10:04:37 GMT","Effective":"Wed, 01 Jan 2020 00:00:01 GMT","Expire":"Sat, 01 Jan 2050 00:00:01 GMT","Site_NGUID":"SSAP2384371KNIGHTST@buckscounty.org","Country":"US","State":"PA","County":"Bucks County","AddCode":"","AddDataURI":"","Inc_Muni":"Warminster Township","Uninc_Comm":"","Nbrhd_Comm":"","AddNum_Pre":"","Add_Number":"1","AddNum_Suf":"","St_PreMod":"","St_PreDir":"","St_PreTyp":"","St_PreSep":"","St_Name":"KNIGHT","St_PosTyp":"STREET","St_PosDir":"","St_PosMod":"","Lst_PreDir":"","Lst_Name":"KNIGHT","Lst_Type":"ST","LstPosDir":"","ESN":"51","MSAGComm":"WARMINSTER TOWNSHIP","Post_Comm":"WARMINSTER","Post_Code":"18974","Post_Code4":"","Building":"","Floor":" ","Unit":" ","Room":"","Seat":" ","Addtl_Loc":" ","LandmkName":" ","Mile_Post":" ","Place_Type":" ","Placement":" ","Long":-75.08806996,"Lat":40.18313497,"Elev":"0","ParcelID":"49-009-028-013","Full_Addr":"1 KNIGHT ST","Comment":" ","Purpose":null,"DiscrpAgID":"buckscounty.org","created_user":null,"created_date":null,"last_edited_user":"DGALLOWAY","gc_exception":"","ADDRGUID":null,"RDNAME":"KNIGHT ST"}},{"type":"Feature","id":238089,"geometry":{"type":"Point","coordinates":[-75.0874977314466,40.1833377583305]},"properties":{"OBJECTID":238089,"Source":"","DateUpdate":"Tue, 12 Nov 2024 10:04:37 GMT","Effective":"Wed, 01 Jan 2020 00:00:01 GMT","Expire":"Sat, 01 Jan 2050 00:00:01 GMT","Site_NGUID":"SSAP23843816KNIGHTST@buckscounty.org","Country":"US","State":"PA","County":"Bucks County","AddCode":"","AddDataURI":"","Inc_Muni":"Warminster Township","Uninc_Comm":"","Nbrhd_Comm":"","AddNum_Pre":"","Add_Number":"16","AddNum_Suf":"","St_PreMod":"","St_PreDir":"","St_PreTyp":"","St_PreSep":"","St_Name":"KNIGHT","St_PosTyp":"STREET","St_PosDir":"","St_PosMod":"","Lst_PreDir":"","Lst_Name":"KNIGHT","Lst_Type":"ST","LstPosDir":"","ESN":"51","MSAGComm":"WARMINSTER TOWNSHIP","Post_Comm":"HATBORO","Post_Code":"19040","Post_Code4":"","Building":"","Floor":" ","Unit":" ","Room":"","Seat":" ","Addtl_Loc":" ","LandmkName":" ","Mile_Post":" ","Place_Type":" ","Placement":" ","Long":-75.08749597,"Lat":40.18332964,"Elev":"0","ParcelID":"49-009-028-013","Full_Addr":"16 KNIGHT ST","Comment":" ","Purpose":null,"DiscrpAgID":"buckscounty.org","created_user":null,"created_date":null,"last_edited_user":"DGALLOWAY","gc_exception":"","ADDRGUID":null,"RDNAME":"KNIGHT ST"}},{"type":"Feature","id":238090,"geometry":{"type":"Point","coordinates":[-75.0875379642057,40.1832865293557]},"properties":{"OBJECTID":238090,"Source":"","DateUpdate":"Tue, 12 Nov 2024 10:04:37 GMT","Effective":"Wed, 01 Jan 2020 00:00:01 GMT","Expire":"Sat, 01 Jan 2050 00:00:01 GMT","Site_NGUID":"SSAP23843914KNIGHTST@buckscounty.org","Country":"US","State":"PA","County":"Bucks County","AddCode":"","AddDataURI":"","Inc_Muni":"Warminster Township","Uninc_Comm":"","Nbrhd_Comm":"","AddNum_Pre":"","Add_Number":"14","AddNum_Suf":"","St_PreMod":"","St_PreDir":"","St_PreTyp":"","St_PreSep":"","St_Name":"KNIGHT","St_PosTyp":"STREET","St_PosDir":"","St_PosMod":"","Lst_PreDir":"","Lst_Name":"KNIGHT","Lst_Type":"ST","LstPosDir":"","ESN":"51","MSAGComm":"WARMINSTER TOWNSHIP","Post_Comm":"HATBORO","Post_Code":"19040","Post_Code4":"","Building":"","Floor":" ","Unit":" ","Room":"","Seat":" ","Addtl_Loc":" ","LandmkName":" ","Mile_Post":" ","Place_Type":" ","Placement":" ","Long":-75.0875362,"Lat":40.18327842,"Elev":"0","ParcelID":"49-009-028-013","Full_Addr":"14 KNIGHT ST","Comment":" ","Purpose":null,"DiscrpAgID":"buckscounty.org","created_user":null,"created_date":null,"last_edited_user":"DGALLOWAY","gc_exception":"","ADDRGUID":null,"RDNAME":"KNIGHT ST"}},{"type":"Feature","id":238091,"geometry":{"type":"Point","coordinates":[-75.0875969742324,40.1832353003951]},"properties":{"OBJECTID":238091,"Source":"","DateUpdate":"Tue, 12 Nov 2024 10:04:37 GMT","Effective":"Wed, 01 Jan 2020 00:00:01 GMT","Expire":"Sat, 01 Jan 2050 00:00:01 GMT","Site_NGUID":"SSAP23844012KNIGHTST@buckscounty.org","Country":"US","State":"PA","County":"Bucks County","AddCode":"","AddDataURI":"","Inc_Muni":"Warminster Township","Uninc_Comm":"","Nbrhd_Comm":"","AddNum_Pre":"","Add_Number":"12","AddNum_Suf":"","St_PreMod":"","St_PreDir":"","St_PreTyp":"","St_PreSep":"","St_Name":"KNIGHT","St_PosTyp":"STREET","St_PosDir":"","St_PosMod":"","Lst_PreDir":"","Lst_Name":"KNIGHT","Lst_Type":"ST","LstPosDir":"","ESN":"51","MSAGComm":"WARMINSTER TOWNSHIP","Post_Comm":"HATBORO","Post_Code":"19040","Post_Code4":"","Building":"","Floor":" ","Unit":" ","Room":"","Seat":" ","Addtl_Loc":" ","LandmkName":" ","Mile_Post":" ","Place_Type":" ","Placement":" ","Long":-75.08759521,"Lat":40.18322719,"Elev":"0","ParcelID":"49-009-028-013","Full_Addr":"12 KNIGHT ST","Comment":" ","Purpose":null,"DiscrpAgID":"buckscounty.org","created_user":null,"created_date":null,"last_edited_user":"DGALLOWAY","gc_exception":"","ADDRGUID":null,"RDNAME":"KNIGHT ST"}},{"type":"Feature","id":238092,"geometry":{"type":"Point","coordinates":[-75.0876479366071,40.1831820219411]},"properties":{"OBJECTID":238092,"Source":"","DateUpdate":"Tue, 12 Nov 2024 10:04:37 GMT","Effective":"Wed, 01 Jan 2020 00:00:01 GMT","Expire":"Sat, 01 Jan 2050 00:00:01 GMT","Site_NGUID":"SSAP23844110KNIGHTST@buckscounty.org","Country":"US","State":"PA","County":"Bucks County","AddCode":"","AddDataURI":"","Inc_Muni":"Warminster Township","Uninc_Comm":"","Nbrhd_Comm":"","AddNum_Pre":"","Add_Number":"10","AddNum_Suf":"","St_PreMod":"","St_PreDir":"","St_PreTyp":"","St_PreSep":"","St_Name":"KNIGHT","St_PosTyp":"STREET","St_PosDir":"","St_PosMod":"","Lst_PreDir":"","Lst_Name":"KNIGHT","Lst_Type":"ST","LstPosDir":"","ESN":"51","MSAGComm":"WARMINSTER TOWNSHIP","Post_Comm":"HATBORO","Post_Code":"19040","Post_Code4":"","Building":"","Floor":" ","Unit":" ","Room":"","Seat":" ","Addtl_Loc":" ","LandmkName":" ","Mile_Post":" ","Place_Type":" ","Placement":" ","Long":-75.08764618,"Lat":40.18317391,"Elev":"0","ParcelID":"49-009-028-013","Full_Addr":"10 KNIGHT ST","Comment":" ","Purpose":null,"DiscrpAgID":"buckscounty.org","created_user":null,"created_date":null,"last_edited_user":"DGALLOWAY","gc_exception":"","ADDRGUID":null,"RDNAME":"KNIGHT ST"}},{"type":"Feature","id":238093,"geometry":{"type":"Point","coordinates":[-75.0878169154002,40.1830139898554]},"properties":{"OBJECTID":238093,"Source":"","DateUpdate":"Tue, 12 Nov 2024 10:04:37 GMT","Effective":"Wed, 01 Jan 2020 00:00:01 GMT","Expire":"Sat, 01 Jan 2050 00:00:01 GMT","Site_NGUID":"SSAP2384428KNIGHTST@buckscounty.org","Country":"US","State":"PA","County":"Bucks County","AddCode":"","AddDataURI":"","Inc_Muni":"Warminster Township","Uninc_Comm":"","Nbrhd_Comm":"","AddNum_Pre":"","Add_Number":"8","AddNum_Suf":"","St_PreMod":"","St_PreDir":"","St_PreTyp":"","St_PreSep":"","St_Name":"KNIGHT","St_PosTyp":"STREET","St_PosDir":"","St_PosMod":"","Lst_PreDir":"","Lst_Name":"KNIGHT","Lst_Type":"ST","LstPosDir":"","ESN":"51","MSAGComm":"WARMINSTER TOWNSHIP","Post_Comm":"HATBORO","Post_Code":"19040","Post_Code4":"","Building":"","Floor":" ","Unit":" ","Room":"","Seat":" ","Addtl_Loc":" ","LandmkName":" ","Mile_Post":" ","Place_Type":" ","Placement":" ","Long":-75.08781515,"Lat":40.18300588,"Elev":"0","ParcelID":"49-009-028-013","Full_Addr":"8 KNIGHT ST","Comment":" ","Purpose":null,"DiscrpAgID":"buckscounty.org","created_user":null,"created_date":null,"last_edited_user":"DGALLOWAY","gc_exception":"","ADDRGUID":null,"RDNAME":"KNIGHT ST"}},{"type":"Feature","id":238094,"geometry":{"type":"Point","coordinates":[-75.0878517834255,40.1829709576918]},"properties":{"OBJECTID":238094,"Source":"","DateUpdate":"Tue, 12 Nov 2024 10:04:37 GMT","Effective":"Wed, 01 Jan 2020 00:00:01 GMT","Expire":"Sat, 01 Jan 2050 00:00:01 GMT","Site_NGUID":"SSAP2384436KNIGHTST@buckscounty.org","Country":"US","State":"PA","County":"Bucks County","AddCode":"","AddDataURI":"","Inc_Muni":"Warminster Township","Uninc_Comm":"","Nbrhd_Comm":"","AddNum_Pre":"","Add_Number":"6","AddNum_Suf":"","St_PreMod":"","St_PreDir":"","St_PreTyp":"","St_PreSep":"","St_Name":"KNIGHT","St_PosTyp":"STREET","St_PosDir":"","St_PosMod":"","Lst_PreDir":"","Lst_Name":"KNIGHT","Lst_Type":"ST","LstPosDir":"","ESN":"51","MSAGComm":"WARMINSTER TOWNSHIP","Post_Comm":"HATBORO","Post_Code":"19040","Post_Code4":"","Building":"","Floor":" ","Unit":" ","Room":"","Seat":" ","Addtl_Loc":" ","LandmkName":" ","Mile_Post":" ","Place_Type":" ","Placement":" ","Long":-75.08785002,"Lat":40.18296284,"Elev":"0","ParcelID":"49-009-028-013","Full_Addr":"6 KNIGHT ST","Comment":" ","Purpose":null,"DiscrpAgID":"buckscounty.org","created_user":null,"created_date":null,"last_edited_user":"DGALLOWAY","gc_exception":"","ADDRGUID":null,"RDNAME":"KNIGHT ST"}},{"type":"Feature","id":238095,"geometry":{"type":"Point","coordinates":[-75.0879027450932,40.1829115314055]},"properties":{"OBJECTID":238095,"Source":"","DateUpdate":"Tue, 12 Nov 2024 10:04:37 GMT","Effective":"Wed, 01 Jan 2020 00:00:01 GMT","Expire":"Sat, 01 Jan 2050 00:00:01 GMT","Site_NGUID":"SSAP2384444KNIGHTST@buckscounty.org","Country":"US","State":"PA","County":"Bucks County","AddCode":"","AddDataURI":"","Inc_Muni":"Warminster Township","Uninc_Comm":"","Nbrhd_Comm":"","AddNum_Pre":"","Add_Number":"4","AddNum_Suf":"","St_PreMod":"","St_PreDir":"","St_PreTyp":"","St_PreSep":"","St_Name":"KNIGHT","St_PosTyp":"STREET","St_PosDir":"","St_PosMod":"","Lst_PreDir":"","Lst_Name":"KNIGHT","Lst_Type":"ST","LstPosDir":"","ESN":"51","MSAGComm":"WARMINSTER TOWNSHIP","Post_Comm":"HATBORO","Post_Code":"19040","Post_Code4":"","Building":"","Floor":" ","Unit":" ","Room":"","Seat":" ","Addtl_Loc":" ","LandmkName":" ","Mile_Post":" ","Place_Type":" ","Placement":" ","Long":-75.08790098,"Lat":40.18290342,"Elev":"0","ParcelID":"49-009-028-013","Full_Addr":"4 KNIGHT ST","Comment":" ","Purpose":null,"DiscrpAgID":"buckscounty.org","created_user":null,"created_date":null,"last_edited_user":"DGALLOWAY","gc_exception":"","ADDRGUID":null,"RDNAME":"KNIGHT ST"}},{"type":"Feature","id":238096,"geometry":{"type":"Point","coordinates":[-75.0879537079627,40.1828623516118]},"properties":{"OBJECTID":238096,"Source":"","DateUpdate":"Tue, 12 Nov 2024 10:04:37 GMT","Effective":"Wed, 01 Jan 2020 00:00:01 GMT","Expire":"Sat, 01 Jan 2050 00:00:01 GMT","Site_NGUID":"SSAP2384452KNIGHTST@buckscounty.org","Country":"US","State":"PA","County":"Bucks County","AddCode":"","AddDataURI":"","Inc_Muni":"Warminster Township","Uninc_Comm":"","Nbrhd_Comm":"","AddNum_Pre":"","Add_Number":"2","AddNum_Suf":"","St_PreMod":"","St_PreDir":"","St_PreTyp":"","St_PreSep":"","St_Name":"KNIGHT","St_PosTyp":"STREET","St_PosDir":"","St_PosMod":"","Lst_PreDir":"","Lst_Name":"KNIGHT","Lst_Type":"ST","LstPosDir":"","ESN":"51","MSAGComm":"WARMINSTER TOWNSHIP","Post_Comm":"HATBORO","Post_Code":"19040","Post_Code4":"","Building":"","Floor":" ","Unit":" ","Room":"","Seat":" ","Addtl_Loc":" ","LandmkName":" ","Mile_Post":" ","Place_Type":" ","Placement":" ","Long":-75.08795195,"Lat":40.18285424,"Elev":"0","ParcelID":"49-009-028-013","Full_Addr":"2 KNIGHT ST","Comment":" ","Purpose":null,"DiscrpAgID":"buckscounty.org","created_user":null,"created_date":null,"last_edited_user":"DGALLOWAY","gc_exception":"","ADDRGUID":null,"RDNAME":"KNIGHT ST"}},{"type":"Feature","id":238097,"geometry":{"type":"Point","coordinates":[-75.088508924552,40.1831000557643]},"properties":{"OBJECTID":238097,"Source":"","DateUpdate":"Tue, 12 Nov 2024 10:04:37 GMT","Effective":"Wed, 01 Jan 2020 00:00:01 GMT","Expire":"Sat, 01 Jan 2050 00:00:01 GMT","Site_NGUID":"SSAP2384468NOBLEST@buckscounty.org","Country":"US","State":"PA","County":"Bucks County","AddCode":"","AddDataURI":"","Inc_Muni":"Warminster Township","Uninc_Comm":"","Nbrhd_Comm":"","AddNum_Pre":"","Add_Number":"8","AddNum_Suf":"","St_PreMod":"","St_PreDir":"","St_PreTyp":"","St_PreSep":"","St_Name":"NOBLE","St_PosTyp":"STREET","St_PosDir":"","St_PosMod":"","Lst_PreDir":"","Lst_Name":"NOBLE","Lst_Type":"ST","LstPosDir":"","ESN":"51","MSAGComm":"WARMINSTER TOWNSHIP","Post_Comm":"WARMINSTER","Post_Code":"18974","Post_Code4":"","Building":"","Floor":" ","Unit":" ","Room":"","Seat":" ","Addtl_Loc":" ","LandmkName":" ","Mile_Post":" ","Place_Type":" ","Placement":" ","Long":-75.08850716,"Lat":40.18309194,"Elev":"0","ParcelID":"49-009-028-013","Full_Addr":"8 NOBLE ST","Comment":" ","Purpose":null,"DiscrpAgID":"buckscounty.org","created_user":null,"created_date":null,"last_edited_user":"DGALLOWAY","gc_exception":"","ADDRGUID":null,"RDNAME":"NOBLE ST"}},{"type":"Feature","id":238098,"geometry":{"type":"Point","coordinates":[-75.0884472334691,40.1830672690511]},"properties":{"OBJECTID":238098,"Source":"","DateUpdate":"Tue, 12 Nov 2024 10:04:37 GMT","Effective":"Wed, 01 Jan 2020 00:00:01 GMT","Expire":"Sat, 01 Jan 2050 00:00:01 GMT","Site_NGUID":"SSAP2384476NOBLEST@buckscounty.org","Country":"US","State":"PA","County":"Bucks County","AddCode":"","AddDataURI":"","Inc_Muni":"Warminster Township","Uninc_Comm":"","Nbrhd_Comm":"","AddNum_Pre":"","Add_Number":"6","AddNum_Suf":"","St_PreMod":"","St_PreDir":"","St_PreTyp":"","St_PreSep":"","St_Name":"NOBLE","St_PosTyp":"STREET","St_PosDir":"","St_PosMod":"","Lst_PreDir":"","Lst_Name":"NOBLE","Lst_Type":"ST","LstPosDir":"","ESN":"51","MSAGComm":"WARMINSTER TOWNSHIP","Post_Comm":"WARMINSTER","Post_Code":"18974","Post_Code4":"","Building":"","Floor":" ","Unit":" ","Room":"","Seat":" ","Addtl_Loc":" ","LandmkName":" ","Mile_Post":" ","Place_Type":" ","Placement":" ","Long":-75.08844547,"Lat":40.18305916,"Elev":"0","ParcelID":"49-009-028-013","Full_Addr":"6 NOBLE ST","Comment":" ","Purpose":null,"DiscrpAgID":"buckscounty.org","created_user":null,"created_date":null,"last_edited_user":"DGALLOWAY","gc_exception":"","ADDRGUID":null,"RDNAME":"NOBLE ST"}},{"type":"Feature","id":238099,"geometry":{"type":"Point","coordinates":[-75.0883640854422,40.1830242343247]},"properties":{"OBJECTID":238099,"Source":"","DateUpdate":"Tue, 12 Nov 2024 10:04:37 GMT","Effective":"Wed, 01 Jan 2020 00:00:01 GMT","Expire":"Sat, 01 Jan 2050 00:00:01 GMT","Site_NGUID":"SSAP2384484NOBLEST@buckscounty.org","Country":"US","State":"PA","County":"Bucks County","AddCode":"","AddDataURI":"","Inc_Muni":"Warminster Township","Uninc_Comm":"","Nbrhd_Comm":"","AddNum_Pre":"","Add_Number":"4","AddNum_Suf":"","St_PreMod":"","St_PreDir":"","St_PreTyp":"","St_PreSep":"","St_Name":"NOBLE","St_PosTyp":"STREET","St_PosDir":"","St_PosMod":"","Lst_PreDir":"","Lst_Name":"NOBLE","Lst_Type":"ST","LstPosDir":"","ESN":"51","MSAGComm":"WARMINSTER TOWNSHIP","Post_Comm":"WARMINSTER","Post_Code":"18974","Post_Code4":"","Building":"","Floor":" ","Unit":" ","Room":"","Seat":" ","Addtl_Loc":" ","LandmkName":" ","Mile_Post":" ","Place_Type":" ","Placement":" ","Long":-75.08836232,"Lat":40.18301612,"Elev":"0","ParcelID":"49-009-028-013","Full_Addr":"4 NOBLE ST","Comment":" ","Purpose":null,"DiscrpAgID":"buckscounty.org","created_user":null,"created_date":null,"last_edited_user":"DGALLOWAY","gc_exception":"","ADDRGUID":null,"RDNAME":"NOBLE ST"}},{"type":"Feature","id":238100,"geometry":{"type":"Point","coordinates":[-75.0882943493545,40.1829853021011]},"properties":{"OBJECTID":238100,"Source":"","DateUpdate":"Tue, 12 Nov 2024 10:04:37 GMT","Effective":"Wed, 01 Jan 2020 00:00:01 GMT","Expire":"Sat, 01 Jan 2050 00:00:01 GMT","Site_NGUID":"SSAP2384492NOBLEST@buckscounty.org","Country":"US","State":"PA","County":"Bucks County","AddCode":"","AddDataURI":"","Inc_Muni":"Warminster Township","Uninc_Comm":"","Nbrhd_Comm":"","AddNum_Pre":"","Add_Number":"2","AddNum_Suf":"","St_PreMod":"","St_PreDir":"","St_PreTyp":"","St_PreSep":"","St_Name":"NOBLE","St_PosTyp":"STREET","St_PosDir":"","St_PosMod":"","Lst_PreDir":"","Lst_Name":"NOBLE","Lst_Type":"ST","LstPosDir":"","ESN":"51","MSAGComm":"WARMINSTER TOWNSHIP","Post_Comm":"WARMINSTER","Post_Code":"18974","Post_Code4":"","Building":"","Floor":" ","Unit":" ","Room":"","Seat":" ","Addtl_Loc":" ","LandmkName":" ","Mile_Post":" ","Place_Type":" ","Placement":" ","Long":-75.08829259,"Lat":40.18297719,"Elev":"0","ParcelID":"49-009-028-013","Full_Addr":"2 NOBLE ST","Comment":" ","Purpose":null,"DiscrpAgID":"buckscounty.org","created_user":null,"created_date":null,"last_edited_user":"DGALLOWAY","gc_exception":"","ADDRGUID":null,"RDNAME":"NOBLE ST"}},{"type":"Feature","id":238101,"geometry":{"type":"Point","coordinates":[-75.0887047276279,40.1829135805306]},"properties":{"OBJECTID":238101,"Source":"","DateUpdate":"Tue, 12 Nov 2024 10:04:37 GMT","Effective":"Wed, 01 Jan 2020 00:00:01 GMT","Expire":"Sat, 01 Jan 2050 00:00:01 GMT","Site_NGUID":"SSAP23845011NOBLEST@buckscounty.org","Country":"US","State":"PA","County":"Bucks County","AddCode":"","AddDataURI":"","Inc_Muni":"Warminster Township","Uninc_Comm":"","Nbrhd_Comm":"","AddNum_Pre":"","Add_Number":"11","AddNum_Suf":"","St_PreMod":"","St_PreDir":"","St_PreTyp":"","St_PreSep":"","St_Name":"NOBLE","St_PosTyp":"STREET","St_PosDir":"","St_PosMod":"","Lst_PreDir":"","Lst_Name":"NOBLE","Lst_Type":"ST","LstPosDir":"","ESN":"51","MSAGComm":"WARMINSTER TOWNSHIP","Post_Comm":"HATBORO","Post_Code":"19040","Post_Code4":"","Building":"","Floor":" ","Unit":" ","Room":"","Seat":" ","Addtl_Loc":" ","LandmkName":" ","Mile_Post":" ","Place_Type":" ","Placement":" ","Long":-75.08870297,"Lat":40.18290547,"Elev":"0","ParcelID":"49-009-028-013","Full_Addr":"11 NOBLE ST","Comment":" ","Purpose":null,"DiscrpAgID":"buckscounty.org","created_user":null,"created_date":null,"last_edited_user":"DGALLOWAY","gc_exception":"","ADDRGUID":null,"RDNAME":"NOBLE ST"}},{"type":"Feature","id":238102,"geometry":{"type":"Point","coordinates":[-75.0886484003124,40.1828889893396]},"properties":{"OBJECTID":238102,"Source":"","DateUpdate":"Tue, 12 Nov 2024 10:04:37 GMT","Effective":"Wed, 01 Jan 2020 00:00:01 GMT","Expire":"Sat, 01 Jan 2050 00:00:01 GMT","Site_NGUID":"SSAP2384519NOBLEST@buckscounty.org","Country":"US","State":"PA","County":"Bucks County","AddCode":"","AddDataURI":"","Inc_Muni":"Warminster Township","Uninc_Comm":"","Nbrhd_Comm":"","AddNum_Pre":"","Add_Number":"9","AddNum_Suf":"","St_PreMod":"","St_PreDir":"","St_PreTyp":"","St_PreSep":"","St_Name":"NOBLE","St_PosTyp":"STREET","St_PosDir":"","St_PosMod":"","Lst_PreDir":"","Lst_Name":"NOBLE","Lst_Type":"ST","LstPosDir":"","ESN":"51","MSAGComm":"WARMINSTER TOWNSHIP","Post_Comm":"HATBORO","Post_Code":"19040","Post_Code4":"","Building":"","Floor":" ","Unit":" ","Room":"","Seat":" ","Addtl_Loc":" ","LandmkName":" ","Mile_Post":" ","Place_Type":" ","Placement":" ","Long":-75.08864664,"Lat":40.18288088,"Elev":"0","ParcelID":"49-009-028-013","Full_Addr":"9 NOBLE ST","Comment":" ","Purpose":null,"DiscrpAgID":"buckscounty.org","created_user":null,"created_date":null,"last_edited_user":"DGALLOWAY","gc_exception":"","ADDRGUID":null,"RDNAME":"NOBLE ST"}},{"type":"Feature","id":238103,"geometry":{"type":"Point","coordinates":[-75.0885840263393,40.182852104963]},"properties":{"OBJECTID":238103,"Source":"","DateUpdate":"Tue, 12 Nov 2024 10:04:37 GMT","Effective":"Wed, 01 Jan 2020 00:00:01 GMT","Expire":"Sat, 01 Jan 2050 00:00:01 GMT","Site_NGUID":"SSAP2384527NOBLEST@buckscounty.org","Country":"US","State":"PA","County":"Bucks County","AddCode":"","AddDataURI":"","Inc_Muni":"Warminster Township","Uninc_Comm":"","Nbrhd_Comm":"","AddNum_Pre":"","Add_Number":"7","AddNum_Suf":"","St_PreMod":"","St_PreDir":"","St_PreTyp":"","St_PreSep":"","St_Name":"NOBLE","St_PosTyp":"STREET","St_PosDir":"","St_PosMod":"","Lst_PreDir":"","Lst_Name":"NOBLE","Lst_Type":"ST","LstPosDir":"","ESN":"51","MSAGComm":"WARMINSTER TOWNSHIP","Post_Comm":"HATBORO","Post_Code":"19040","Post_Code4":"","Building":"","Floor":" ","Unit":" ","Room":"","Seat":" ","Addtl_Loc":" ","LandmkName":" ","Mile_Post":" ","Place_Type":" ","Placement":" ","Long":-75.08858227,"Lat":40.18284399,"Elev":"0","ParcelID":"49-009-028-013","Full_Addr":"7 NOBLE ST","Comment":" ","Purpose":null,"DiscrpAgID":"buckscounty.org","created_user":null,"created_date":null,"last_edited_user":"DGALLOWAY","gc_exception":"","ADDRGUID":null,"RDNAME":"NOBLE ST"}},{"type":"Feature","id":238104,"geometry":{"type":"Point","coordinates":[-75.0885196545334,40.1828234163441]},"properties":{"OBJECTID":238104,"Source":"","DateUpdate":"Tue, 12 Nov 2024 10:04:37 GMT","Effective":"Wed, 01 Jan 2020 00:00:01 GMT","Expire":"Sat, 01 Jan 2050 00:00:01 GMT","Site_NGUID":"SSAP2384535NOBLEST@buckscounty.org","Country":"US","State":"PA","County":"Bucks County","AddCode":"","AddDataURI":"","Inc_Muni":"Warminster Township","Uninc_Comm":"","Nbrhd_Comm":"","AddNum_Pre":"","Add_Number":"5","AddNum_Suf":"","St_PreMod":"","St_PreDir":"","St_PreTyp":"","St_PreSep":"","St_Name":"NOBLE","St_PosTyp":"STREET","St_PosDir":"","St_PosMod":"","Lst_PreDir":"","Lst_Name":"NOBLE","Lst_Type":"ST","LstPosDir":"","ESN":"51","MSAGComm":"WARMINSTER TOWNSHIP","Post_Comm":"HATBORO","Post_Code":"19040","Post_Code4":"","Building":"","Floor":" ","Unit":" ","Room":"","Seat":" ","Addtl_Loc":" ","LandmkName":" ","Mile_Post":" ","Place_Type":" ","Placement":" ","Long":-75.08851789,"Lat":40.1828153,"Elev":"0","ParcelID":"49-009-028-013","Full_Addr":"5 NOBLE ST","Comment":" ","Purpose":null,"DiscrpAgID":"buckscounty.org","created_user":null,"created_date":null,"last_edited_user":"DGALLOWAY","gc_exception":"","ADDRGUID":null,"RDNAME":"NOBLE ST"}},{"type":"Feature","id":238105,"geometry":{"type":"Point","coordinates":[-75.0884525989329,40.1827824323814]},"properties":{"OBJECTID":238105,"Source":"","DateUpdate":"Tue, 12 Nov 2024 10:04:37 GMT","Effective":"Wed, 01 Jan 2020 00:00:01 GMT","Expire":"Sat, 01 Jan 2050 00:00:01 GMT","Site_NGUID":"SSAP2384543NOBLEST@buckscounty.org","Country":"US","State":"PA","County":"Bucks County","AddCode":"","AddDataURI":"","Inc_Muni":"Warminster Township","Uninc_Comm":"","Nbrhd_Comm":"","AddNum_Pre":"","Add_Number":"3","AddNum_Suf":"","St_PreMod":"","St_PreDir":"","St_PreTyp":"","St_PreSep":"","St_Name":"NOBLE","St_PosTyp":"STREET","St_PosDir":"","St_PosMod":"","Lst_PreDir":"","Lst_Name":"NOBLE","Lst_Type":"ST","LstPosDir":"","ESN":"51","MSAGComm":"WARMINSTER TOWNSHIP","Post_Comm":"HATBORO","Post_Code":"19040","Post_Code4":"","Building":"","Floor":" ","Unit":" ","Room":"","Seat":" ","Addtl_Loc":" ","LandmkName":" ","Mile_Post":" ","Place_Type":" ","Placement":" ","Long":-75.08845084,"Lat":40.18277432,"Elev":"0","ParcelID":"49-009-028-013","Full_Addr":"3 NOBLE ST","Comment":" ","Purpose":null,"DiscrpAgID":"buckscounty.org","created_user":null,"created_date":null,"last_edited_user":"DGALLOWAY","gc_exception":"","ADDRGUID":null,"RDNAME":"NOBLE ST"}},{"type":"Feature","id":238106,"geometry":{"type":"Point","coordinates":[-75.0884069997491,40.1827537434768]},"properties":{"OBJECTID":238106,"Source":"","DateUpdate":"Tue, 12 Nov 2024 10:04:37 GMT","Effective":"Wed, 01 Jan 2020 00:00:01 GMT","Expire":"Sat, 01 Jan 2050 00:00:01 GMT","Site_NGUID":"SSAP2384551NOBLEST@buckscounty.org","Country":"US","State":"PA","County":"Bucks County","AddCode":"","AddDataURI":"","Inc_Muni":"Warminster Township","Uninc_Comm":"","Nbrhd_Comm":"","AddNum_Pre":"","Add_Number":"1","AddNum_Suf":"","St_PreMod":"","St_PreDir":"","St_PreTyp":"","St_PreSep":"","St_Name":"NOBLE","St_PosTyp":"STREET","St_PosDir":"","St_PosMod":"","Lst_PreDir":"","Lst_Name":"NOBLE","Lst_Type":"ST","LstPosDir":"","ESN":"51","MSAGComm":"WARMINSTER TOWNSHIP","Post_Comm":"HATBORO","Post_Code":"19040","Post_Code4":"","Building":"","Floor":" ","Unit":" ","Room":"","Seat":" ","Addtl_Loc":" ","LandmkName":" ","Mile_Post":" ","Place_Type":" ","Placement":" ","Long":-75.08840524,"Lat":40.18274563,"Elev":"0","ParcelID":"49-009-028-013","Full_Addr":"1 NOBLE ST","Comment":" ","Purpose":null,"DiscrpAgID":"buckscounty.org","created_user":null,"created_date":null,"last_edited_user":"DGALLOWAY","gc_exception":"","ADDRGUID":null,"RDNAME":"NOBLE ST"}},{"type":"Feature","id":238107,"geometry":{"type":"Point","coordinates":[-75.0874548170571,40.1838684909327]},"properties":{"OBJECTID":238107,"Source":"","DateUpdate":"Tue, 12 Nov 2024 10:04:37 GMT","Effective":"Wed, 01 Jan 2020 00:00:01 GMT","Expire":"Sat, 01 Jan 2050 00:00:01 GMT","Site_NGUID":"SSAP23845754POTTERST@buckscounty.org","Country":"US","State":"PA","County":"Bucks County","AddCode":"","AddDataURI":"","Inc_Muni":"Warminster Township","Uninc_Comm":"","Nbrhd_Comm":"","AddNum_Pre":"","Add_Number":"54","AddNum_Suf":"","St_PreMod":"","St_PreDir":"","St_PreTyp":"","St_PreSep":"","St_Name":"POTTER","St_PosTyp":"STREET","St_PosDir":"","St_PosMod":"","Lst_PreDir":"","Lst_Name":"POTTER","Lst_Type":"ST","LstPosDir":"","ESN":"51","MSAGComm":"WARMINSTER TOWNSHIP","Post_Comm":"WARMINSTER","Post_Code":"18974","Post_Code4":"","Building":"","Floor":" ","Unit":" ","Room":"","Seat":" ","Addtl_Loc":" ","LandmkName":" ","Mile_Post":" ","Place_Type":" ","Placement":" ","Long":-75.08745306,"Lat":40.18386038,"Elev":"0","ParcelID":"49-009-028-013","Full_Addr":"54 POTTER ST","Comment":" ","Purpose":null,"DiscrpAgID":"buckscounty.org","created_user":null,"created_date":null,"last_edited_user":"DGALLOWAY","gc_exception":"","ADDRGUID":null,"RDNAME":"POTTER ST"}},{"type":"Feature","id":238108,"geometry":{"type":"Point","coordinates":[-75.0855017501632,40.1864636425656]},"properties":{"OBJECTID":238108,"Source":"","DateUpdate":"Tue, 12 Nov 2024 10:04:37 GMT","Effective":"Wed, 01 Jan 2020 00:00:01 GMT","Expire":"Sat, 01 Jan 2050 00:00:01 GMT","Site_NGUID":"SSAP23845863GRIERST@buckscounty.org","Country":"US","State":"PA","County":"Bucks County","AddCode":"","AddDataURI":"","Inc_Muni":"Warminster Township","Uninc_Comm":"","Nbrhd_Comm":"","AddNum_Pre":"","Add_Number":"63","AddNum_Suf":"","St_PreMod":"","St_PreDir":"","St_PreTyp":"","St_PreSep":"","St_Name":"GRIER","St_PosTyp":"STREET","St_PosDir":"","St_PosMod":"","Lst_PreDir":"","Lst_Name":"GRIER","Lst_Type":"ST","LstPosDir":"","ESN":"51","MSAGComm":"WARMINSTER TOWNSHIP","Post_Comm":"WARMINSTER","Post_Code":"18974","Post_Code4":"","Building":"","Floor":" ","Unit":" ","Room":"","Seat":" ","Addtl_Loc":" ","LandmkName":" ","Mile_Post":" ","Place_Type":" ","Placement":" ","Long":-75.08549999,"Lat":40.18645553,"Elev":"0","ParcelID":"49-009-028-008","Full_Addr":"63 GRIER ST","Comment":" ","Purpose":null,"DiscrpAgID":"buckscounty.org","created_user":null,"created_date":null,"last_edited_user":"DGALLOWAY","gc_exception":"","ADDRGUID":null,"RDNAME":"GRIER ST"}},{"type":"Feature","id":238109,"geometry":{"type":"Point","coordinates":[-75.0855527097402,40.1864452013423]},"properties":{"OBJECTID":238109,"Source":"","DateUpdate":"Tue, 12 Nov 2024 10:04:37 GMT","Effective":"Wed, 01 Jan 2020 00:00:01 GMT","Expire":"Sat, 01 Jan 2050 00:00:01 GMT","Site_NGUID":"SSAP23845961GRIERST@buckscounty.org","Country":"US","State":"PA","County":"Bucks County","AddCode":"","AddDataURI":"","Inc_Muni":"Warminster Township","Uninc_Comm":"","Nbrhd_Comm":"","AddNum_Pre":"","Add_Number":"61","AddNum_Suf":"","St_PreMod":"","St_PreDir":"","St_PreTyp":"","St_PreSep":"","St_Name":"GRIER","St_PosTyp":"STREET","St_PosDir":"","St_PosMod":"","Lst_PreDir":"","Lst_Name":"GRIER","Lst_Type":"ST","LstPosDir":"","ESN":"51","MSAGComm":"WARMINSTER TOWNSHIP","Post_Comm":"WARMINSTER","Post_Code":"18974","Post_Code4":"","Building":"","Floor":" ","Unit":" ","Room":"","Seat":" ","Addtl_Loc":" ","LandmkName":" ","Mile_Post":" ","Place_Type":" ","Placement":" ","Long":-75.08555095,"Lat":40.18643709,"Elev":"0","ParcelID":"49-009-028-008","Full_Addr":"61 GRIER ST","Comment":" ","Purpose":null,"DiscrpAgID":"buckscounty.org","created_user":null,"created_date":null,"last_edited_user":"DGALLOWAY","gc_exception":"","ADDRGUID":null,"RDNAME":"GRIER ST"}},{"type":"Feature","id":238110,"geometry":{"type":"Point","coordinates":[-75.0856117188875,40.1864144653753]},"properties":{"OBJECTID":238110,"Source":"","DateUpdate":"Tue, 12 Nov 2024 10:04:37 GMT","Effective":"Wed, 01 Jan 2020 00:00:01 GMT","Expire":"Sat, 01 Jan 2050 00:00:01 GMT","Site_NGUID":"SSAP23846059GRIERST@buckscounty.org","Country":"US","State":"PA","County":"Bucks County","AddCode":"","AddDataURI":"","Inc_Muni":"Warminster Township","Uninc_Comm":"","Nbrhd_Comm":"","AddNum_Pre":"","Add_Number":"59","AddNum_Suf":"","St_PreMod":"","St_PreDir":"","St_PreTyp":"","St_PreSep":"","St_Name":"GRIER","St_PosTyp":"STREET","St_PosDir":"","St_PosMod":"","Lst_PreDir":"","Lst_Name":"GRIER","Lst_Type":"ST","LstPosDir":"","ESN":"51","MSAGComm":"WARMINSTER TOWNSHIP","Post_Comm":"WARMINSTER","Post_Code":"18974","Post_Code4":"","Building":"","Floor":" ","Unit":" ","Room":"","Seat":" ","Addtl_Loc":" ","LandmkName":" ","Mile_Post":" ","Place_Type":" ","Placement":" ","Long":-75.08560996,"Lat":40.18640635,"Elev":"0","ParcelID":"49-009-028-008","Full_Addr":"59 GRIER ST","Comment":" ","Purpose":null,"DiscrpAgID":"buckscounty.org","created_user":null,"created_date":null,"last_edited_user":"DGALLOWAY","gc_exception":"","ADDRGUID":null,"RDNAME":"GRIER ST"}},{"type":"Feature","id":238111,"geometry":{"type":"Point","coordinates":[-75.0859295592236,40.1862659069965]},"properties":{"OBJECTID":238111,"Source":"","DateUpdate":"Tue, 12 Nov 2024 10:04:37 GMT","Effective":"Wed, 01 Jan 2020 00:00:01 GMT","Expire":"Sat, 01 Jan 2050 00:00:01 GMT","Site_NGUID":"SSAP23846155GRIERST@buckscounty.org","Country":"US","State":"PA","County":"Bucks County","AddCode":"","AddDataURI":"","Inc_Muni":"Warminster Township","Uninc_Comm":"","Nbrhd_Comm":"","AddNum_Pre":"","Add_Number":"55","AddNum_Suf":"","St_PreMod":"","St_PreDir":"","St_PreTyp":"","St_PreSep":"","St_Name":"GRIER","St_PosTyp":"STREET","St_PosDir":"","St_PosMod":"","Lst_PreDir":"","Lst_Name":"GRIER","Lst_Type":"ST","LstPosDir":"","ESN":"51","MSAGComm":"WARMINSTER TOWNSHIP","Post_Comm":"WARMINSTER","Post_Code":"18974","Post_Code4":"","Building":"","Floor":" ","Unit":" ","Room":"","Seat":" ","Addtl_Loc":" ","LandmkName":" ","Mile_Post":" ","Place_Type":" ","Placement":" ","Long":-75.0859278,"Lat":40.18625779,"Elev":"0","ParcelID":"49-009-028-008","Full_Addr":"55 GRIER ST","Comment":" ","Purpose":null,"DiscrpAgID":"buckscounty.org","created_user":null,"created_date":null,"last_edited_user":"DGALLOWAY","gc_exception":"","ADDRGUID":null,"RDNAME":"GRIER ST"}},{"type":"Feature","id":238112,"geometry":{"type":"Point","coordinates":[-75.0885784775417,40.1866284557018]},"properties":{"OBJECTID":238112,"Source":"","DateUpdate":"Tue, 12 Nov 2024 10:04:37 GMT","Effective":"Wed, 01 Jan 2020 00:00:01 GMT","Expire":"Sat, 01 Jan 2050 00:00:01 GMT","Site_NGUID":"SSAP23846244DOWNEYDR@buckscounty.org","Country":"US","State":"PA","County":"Bucks County","AddCode":"","AddDataURI":"","Inc_Muni":"Warminster Township","Uninc_Comm":"","Nbrhd_Comm":"","AddNum_Pre":"","Add_Number":"44","AddNum_Suf":"","St_PreMod":"","St_PreDir":"","St_PreTyp":"","St_PreSep":"","St_Name":"DOWNEY","St_PosTyp":"DRIVE","St_PosDir":"","St_PosMod":"","Lst_PreDir":"","Lst_Name":"DOWNEY","Lst_Type":"DR","LstPosDir":"","ESN":"51","MSAGComm":"WARMINSTER TOWNSHIP","Post_Comm":"WARMINSTER","Post_Code":"18974","Post_Code4":"","Building":"","Floor":" ","Unit":" ","Room":"","Seat":" ","Addtl_Loc":" ","LandmkName":" ","Mile_Post":" ","Place_Type":" ","Placement":" ","Long":-75.08857672,"Lat":40.18662034,"Elev":"0","ParcelID":"49-009-028-013","Full_Addr":"44 DOWNEY DR","Comment":" ","Purpose":null,"DiscrpAgID":"buckscounty.org","created_user":null,"created_date":null,"last_edited_user":"DGALLOWAY","gc_exception":"","ADDRGUID":null,"RDNAME":"DOWNEY DR"}},{"type":"Feature","id":238113,"geometry":{"type":"Point","coordinates":[-75.0885087405583,40.1866612400394]},"properties":{"OBJECTID":238113,"Source":"","DateUpdate":"Tue, 12 Nov 2024 10:04:37 GMT","Effective":"Wed, 01 Jan 2020 00:00:01 GMT","Expire":"Sat, 01 Jan 2050 00:00:01 GMT","Site_NGUID":"SSAP23846346DOWNEYDR@buckscounty.org","Country":"US","State":"PA","County":"Bucks County","AddCode":"","AddDataURI":"","Inc_Muni":"Warminster Township","Uninc_Comm":"","Nbrhd_Comm":"","AddNum_Pre":"","Add_Number":"46","AddNum_Suf":"","St_PreMod":"","St_PreDir":"","St_PreTyp":"","St_PreSep":"","St_Name":"DOWNEY","St_PosTyp":"DRIVE","St_PosDir":"","St_PosMod":"","Lst_PreDir":"","Lst_Name":"DOWNEY","Lst_Type":"DR","LstPosDir":"","ESN":"51","MSAGComm":"WARMINSTER TOWNSHIP","Post_Comm":"WARMINSTER","Post_Code":"18974","Post_Code4":"","Building":"","Floor":" ","Unit":" ","Room":"","Seat":" ","Addtl_Loc":" ","LandmkName":" ","Mile_Post":" ","Place_Type":" ","Placement":" ","Long":-75.08850698,"Lat":40.18665313,"Elev":"0","ParcelID":"49-009-028-013","Full_Addr":"46 DOWNEY DR","Comment":" ","Purpose":null,"DiscrpAgID":"buckscounty.org","created_user":null,"created_date":null,"last_edited_user":"DGALLOWAY","gc_exception":"","ADDRGUID":null,"RDNAME":"DOWNEY DR"}},{"type":"Feature","id":238114,"geometry":{"type":"Point","coordinates":[-75.0884443676656,40.1866940258231]},"properties":{"OBJECTID":238114,"Source":"","DateUpdate":"Tue, 12 Nov 2024 10:04:37 GMT","Effective":"Wed, 01 Jan 2020 00:00:01 GMT","Expire":"Sat, 01 Jan 2050 00:00:01 GMT","Site_NGUID":"SSAP23846448DOWNEYDR@buckscounty.org","Country":"US","State":"PA","County":"Bucks County","AddCode":"","AddDataURI":"","Inc_Muni":"Warminster Township","Uninc_Comm":"","Nbrhd_Comm":"","AddNum_Pre":"","Add_Number":"48","AddNum_Suf":"","St_PreMod":"","St_PreDir":"","St_PreTyp":"","St_PreSep":"","St_Name":"DOWNEY","St_PosTyp":"DRIVE","St_PosDir":"","St_PosMod":"","Lst_PreDir":"","Lst_Name":"DOWNEY","Lst_Type":"DR","LstPosDir":"","ESN":"51","MSAGComm":"WARMINSTER TOWNSHIP","Post_Comm":"WARMINSTER","Post_Code":"18974","Post_Code4":"","Building":"","Floor":" ","Unit":" ","Room":"","Seat":" ","Addtl_Loc":" ","LandmkName":" ","Mile_Post":" ","Place_Type":" ","Placement":" ","Long":-75.08844261,"Lat":40.18668591,"Elev":"0","ParcelID":"49-009-028-013","Full_Addr":"48 DOWNEY DR","Comment":" ","Purpose":null,"DiscrpAgID":"buckscounty.org","created_user":null,"created_date":null,"last_edited_user":"DGALLOWAY","gc_exception":"","ADDRGUID":null,"RDNAME":"DOWNEY DR"}},{"type":"Feature","id":238115,"geometry":{"type":"Point","coordinates":[-75.0883746305497,40.1867268100794]},"properties":{"OBJECTID":238115,"Source":"","DateUpdate":"Tue, 12 Nov 2024 10:04:37 GMT","Effective":"Wed, 01 Jan 2020 00:00:01 GMT","Expire":"Sat, 01 Jan 2050 00:00:01 GMT","Site_NGUID":"SSAP23846550DOWNEYDR@buckscounty.org","Country":"US","State":"PA","County":"Bucks County","AddCode":"","AddDataURI":"","Inc_Muni":"Warminster Township","Uninc_Comm":"","Nbrhd_Comm":"","AddNum_Pre":"","Add_Number":"50","AddNum_Suf":"","St_PreMod":"","St_PreDir":"","St_PreTyp":"","St_PreSep":"","St_Name":"DOWNEY","St_PosTyp":"DRIVE","St_PosDir":"","St_PosMod":"","Lst_PreDir":"","Lst_Name":"DOWNEY","Lst_Type":"DR","LstPosDir":"","ESN":"51","MSAGComm":"WARMINSTER TOWNSHIP","Post_Comm":"WARMINSTER","Post_Code":"18974","Post_Code4":"","Building":"","Floor":" ","Unit":" ","Room":"","Seat":" ","Addtl_Loc":" ","LandmkName":" ","Mile_Post":" ","Place_Type":" ","Placement":" ","Long":-75.08837287,"Lat":40.1867187,"Elev":"0","ParcelID":"49-009-028-013","Full_Addr":"50 DOWNEY DR","Comment":" ","Purpose":null,"DiscrpAgID":"buckscounty.org","created_user":null,"created_date":null,"last_edited_user":"DGALLOWAY","gc_exception":"","ADDRGUID":null,"RDNAME":"DOWNEY DR"}},{"type":"Feature","id":238116,"geometry":{"type":"Point","coordinates":[-75.0883048921573,40.1867595951664]},"properties":{"OBJECTID":238116,"Source":"","DateUpdate":"Tue, 12 Nov 2024 10:04:37 GMT","Effective":"Wed, 01 Jan 2020 00:00:01 GMT","Expire":"Sat, 01 Jan 2050 00:00:01 GMT","Site_NGUID":"SSAP23846652DOWNEYDR@buckscounty.org","Country":"US","State":"PA","County":"Bucks County","AddCode":"","AddDataURI":"","Inc_Muni":"Warminster Township","Uninc_Comm":"","Nbrhd_Comm":"","AddNum_Pre":"","Add_Number":"52","AddNum_Suf":"","St_PreMod":"","St_PreDir":"","St_PreTyp":"","St_PreSep":"","St_Name":"DOWNEY","St_PosTyp":"DRIVE","St_PosDir":"","St_PosMod":"","Lst_PreDir":"","Lst_Name":"DOWNEY","Lst_Type":"DR","LstPosDir":"","ESN":"51","MSAGComm":"WARMINSTER TOWNSHIP","Post_Comm":"WARMINSTER","Post_Code":"18974","Post_Code4":"","Building":"","Floor":" ","Unit":" ","Room":"","Seat":" ","Addtl_Loc":" ","LandmkName":" ","Mile_Post":" ","Place_Type":" ","Placement":" ","Long":-75.08830313,"Lat":40.18675148,"Elev":"0","ParcelID":"49-009-028-013","Full_Addr":"52 DOWNEY DR","Comment":" ","Purpose":null,"DiscrpAgID":"buckscounty.org","created_user":null,"created_date":null,"last_edited_user":"DGALLOWAY","gc_exception":"","ADDRGUID":null,"RDNAME":"DOWNEY DR"}},{"type":"Feature","id":238117,"geometry":{"type":"Point","coordinates":[-75.0880313079902,40.1868907358341]},"properties":{"OBJECTID":238117,"Source":"","DateUpdate":"Tue, 12 Nov 2024 10:04:37 GMT","Effective":"Wed, 01 Jan 2020 00:00:01 GMT","Expire":"Sat, 01 Jan 2050 00:00:01 GMT","Site_NGUID":"SSAP23846754DOWNEYDR@buckscounty.org","Country":"US","State":"PA","County":"Bucks County","AddCode":"","AddDataURI":"","Inc_Muni":"Warminster Township","Uninc_Comm":"","Nbrhd_Comm":"","AddNum_Pre":"","Add_Number":"54","AddNum_Suf":"","St_PreMod":"","St_PreDir":"","St_PreTyp":"","St_PreSep":"","St_Name":"DOWNEY","St_PosTyp":"DRIVE","St_PosDir":"","St_PosMod":"","Lst_PreDir":"","Lst_Name":"DOWNEY","Lst_Type":"DR","LstPosDir":"","ESN":"51","MSAGComm":"WARMINSTER TOWNSHIP","Post_Comm":"WARMINSTER","Post_Code":"18974","Post_Code4":"","Building":"","Floor":" ","Unit":" ","Room":"","Seat":" ","Addtl_Loc":" ","LandmkName":" ","Mile_Post":" ","Place_Type":" ","Placement":" ","Long":-75.08802955,"Lat":40.18688262,"Elev":"0","ParcelID":"49-009-028-013","Full_Addr":"54 DOWNEY DR","Comment":" ","Purpose":null,"DiscrpAgID":"buckscounty.org","created_user":null,"created_date":null,"last_edited_user":"DGALLOWAY","gc_exception":"","ADDRGUID":null,"RDNAME":"DOWNEY DR"}},{"type":"Feature","id":238118,"geometry":{"type":"Point","coordinates":[-75.087891832489,40.1869645013395]},"properties":{"OBJECTID":238118,"Source":"","DateUpdate":"Tue, 12 Nov 2024 10:04:37 GMT","Effective":"Wed, 01 Jan 2020 00:00:01 GMT","Expire":"Sat, 01 Jan 2050 00:00:01 GMT","Site_NGUID":"SSAP23846858DOWNEYDR@buckscounty.org","Country":"US","State":"PA","County":"Bucks County","AddCode":"","AddDataURI":"","Inc_Muni":"Warminster Township","Uninc_Comm":"","Nbrhd_Comm":"","AddNum_Pre":"","Add_Number":"58","AddNum_Suf":"","St_PreMod":"","St_PreDir":"","St_PreTyp":"","St_PreSep":"","St_Name":"DOWNEY","St_PosTyp":"DRIVE","St_PosDir":"","St_PosMod":"","Lst_PreDir":"","Lst_Name":"DOWNEY","Lst_Type":"DR","LstPosDir":"","ESN":"51","MSAGComm":"WARMINSTER TOWNSHIP","Post_Comm":"WARMINSTER","Post_Code":"18974","Post_Code4":"","Building":"","Floor":" ","Unit":" ","Room":"","Seat":" ","Addtl_Loc":" ","LandmkName":" ","Mile_Post":" ","Place_Type":" ","Placement":" ","Long":-75.08789007,"Lat":40.18695639,"Elev":"0","ParcelID":"49-009-028-013","Full_Addr":"58 DOWNEY DR","Comment":" ","Purpose":null,"DiscrpAgID":"buckscounty.org","created_user":null,"created_date":null,"last_edited_user":"DGALLOWAY","gc_exception":"","ADDRGUID":null,"RDNAME":"DOWNEY DR"}},{"type":"Feature","id":238119,"geometry":{"type":"Point","coordinates":[-75.0878274590094,40.1869972867774]},"properties":{"OBJECTID":238119,"Source":"","DateUpdate":"Tue, 12 Nov 2024 10:04:37 GMT","Effective":"Wed, 01 Jan 2020 00:00:01 GMT","Expire":"Sat, 01 Jan 2050 00:00:01 GMT","Site_NGUID":"SSAP23846960DOWNEYDR@buckscounty.org","Country":"US","State":"PA","County":"Bucks County","AddCode":"","AddDataURI":"","Inc_Muni":"Warminster Township","Uninc_Comm":"","Nbrhd_Comm":"","AddNum_Pre":"","Add_Number":"60","AddNum_Suf":"","St_PreMod":"","St_PreDir":"","St_PreTyp":"","St_PreSep":"","St_Name":"DOWNEY","St_PosTyp":"DRIVE","St_PosDir":"","St_PosMod":"","Lst_PreDir":"","Lst_Name":"DOWNEY","Lst_Type":"DR","LstPosDir":"","ESN":"51","MSAGComm":"WARMINSTER TOWNSHIP","Post_Comm":"WARMINSTER","Post_Code":"18974","Post_Code4":"","Building":"","Floor":" ","Unit":" ","Room":"","Seat":" ","Addtl_Loc":" ","LandmkName":" ","Mile_Post":" ","Place_Type":" ","Placement":" ","Long":-75.0878257,"Lat":40.18698917,"Elev":"0","ParcelID":"49-009-028-013","Full_Addr":"60 DOWNEY DR","Comment":" ","Purpose":null,"DiscrpAgID":"buckscounty.org","created_user":null,"created_date":null,"last_edited_user":"DGALLOWAY","gc_exception":"","ADDRGUID":null,"RDNAME":"DOWNEY DR"}},{"type":"Feature","id":238120,"geometry":{"type":"Point","coordinates":[-75.0877738151525,40.1870300716448]},"properties":{"OBJECTID":238120,"Source":"","DateUpdate":"Tue, 12 Nov 2024 10:04:37 GMT","Effective":"Wed, 01 Jan 2020 00:00:01 GMT","Expire":"Sat, 01 Jan 2050 00:00:01 GMT","Site_NGUID":"SSAP23847062DOWNEYDR@buckscounty.org","Country":"US","State":"PA","County":"Bucks County","AddCode":"","AddDataURI":"","Inc_Muni":"Warminster Township","Uninc_Comm":"","Nbrhd_Comm":"","AddNum_Pre":"","Add_Number":"62","AddNum_Suf":"","St_PreMod":"","St_PreDir":"","St_PreTyp":"","St_PreSep":"","St_Name":"DOWNEY","St_PosTyp":"DRIVE","St_PosDir":"","St_PosMod":"","Lst_PreDir":"","Lst_Name":"DOWNEY","Lst_Type":"DR","LstPosDir":"","ESN":"51","MSAGComm":"WARMINSTER TOWNSHIP","Post_Comm":"WARMINSTER","Post_Code":"18974","Post_Code4":"","Building":"","Floor":" ","Unit":" ","Room":"","Seat":" ","Addtl_Loc":" ","LandmkName":" ","Mile_Post":" ","Place_Type":" ","Placement":" ","Long":-75.08777205,"Lat":40.18702196,"Elev":"0","ParcelID":"49-009-028-013","Full_Addr":"62 DOWNEY DR","Comment":" ","Purpose":null,"DiscrpAgID":"buckscounty.org","created_user":null,"created_date":null,"last_edited_user":"DGALLOWAY","gc_exception":"","ADDRGUID":null,"RDNAME":"DOWNEY DR"}},{"type":"Feature","id":238121,"geometry":{"type":"Point","coordinates":[-75.0875511924744,40.1871694061059]},"properties":{"OBJECTID":238121,"Source":"","DateUpdate":"Tue, 12 Nov 2024 10:04:37 GMT","Effective":"Wed, 01 Jan 2020 00:00:01 GMT","Expire":"Sat, 01 Jan 2050 00:00:01 GMT","Site_NGUID":"SSAP23847166DOWNEYDR@buckscounty.org","Country":"US","State":"PA","County":"Bucks County","AddCode":"","AddDataURI":"","Inc_Muni":"Warminster Township","Uninc_Comm":"","Nbrhd_Comm":"","AddNum_Pre":"","Add_Number":"66","AddNum_Suf":"","St_PreMod":"","St_PreDir":"","St_PreTyp":"","St_PreSep":"","St_Name":"DOWNEY","St_PosTyp":"DRIVE","St_PosDir":"","St_PosMod":"","Lst_PreDir":"","Lst_Name":"DOWNEY","Lst_Type":"DR","LstPosDir":"","ESN":"51","MSAGComm":"WARMINSTER TOWNSHIP","Post_Comm":"WARMINSTER","Post_Code":"18974","Post_Code4":"","Building":"","Floor":" ","Unit":" ","Room":"","Seat":" ","Addtl_Loc":" ","LandmkName":" ","Mile_Post":" ","Place_Type":" ","Placement":" ","Long":-75.08754943,"Lat":40.18716129,"Elev":"0","ParcelID":"49-009-028-013","Full_Addr":"66 DOWNEY DR","Comment":" ","Purpose":null,"DiscrpAgID":"buckscounty.org","created_user":null,"created_date":null,"last_edited_user":"DGALLOWAY","gc_exception":"","ADDRGUID":null,"RDNAME":"DOWNEY DR"}},{"type":"Feature","id":238122,"geometry":{"type":"Point","coordinates":[-75.0875042533014,40.187198092177]},"properties":{"OBJECTID":238122,"Source":"","DateUpdate":"Tue, 12 Nov 2024 10:04:37 GMT","Effective":"Wed, 01 Jan 2020 00:00:01 GMT","Expire":"Sat, 01 Jan 2050 00:00:01 GMT","Site_NGUID":"SSAP23847268DOWNEYDR@buckscounty.org","Country":"US","State":"PA","County":"Bucks County","AddCode":"","AddDataURI":"","Inc_Muni":"Warminster Township","Uninc_Comm":"","Nbrhd_Comm":"","AddNum_Pre":"","Add_Number":"68","AddNum_Suf":"","St_PreMod":"","St_PreDir":"","St_PreTyp":"","St_PreSep":"","St_Name":"DOWNEY","St_PosTyp":"DRIVE","St_PosDir":"","St_PosMod":"","Lst_PreDir":"","Lst_Name":"DOWNEY","Lst_Type":"DR","LstPosDir":"","ESN":"51","MSAGComm":"WARMINSTER TOWNSHIP","Post_Comm":"WARMINSTER","Post_Code":"18974","Post_Code4":"","Building":"","Floor":" ","Unit":" ","Room":"","Seat":" ","Addtl_Loc":" ","LandmkName":" ","Mile_Post":" ","Place_Type":" ","Placement":" ","Long":-75.08750249,"Lat":40.18718998,"Elev":"0","ParcelID":"49-009-028-013","Full_Addr":"68 DOWNEY DR","Comment":" ","Purpose":null,"DiscrpAgID":"buckscounty.org","created_user":null,"created_date":null,"last_edited_user":"DGALLOWAY","gc_exception":"","ADDRGUID":null,"RDNAME":"DOWNEY DR"}},{"type":"Feature","id":238123,"geometry":{"type":"Point","coordinates":[-75.0874452448574,40.1872308771591]},"properties":{"OBJECTID":238123,"Source":"","DateUpdate":"Tue, 12 Nov 2024 10:04:37 GMT","Effective":"Wed, 01 Jan 2020 00:00:01 GMT","Expire":"Sat, 01 Jan 2050 00:00:01 GMT","Site_NGUID":"SSAP23847370DOWNEYDR@buckscounty.org","Country":"US","State":"PA","County":"Bucks County","AddCode":"","AddDataURI":"","Inc_Muni":"Warminster Township","Uninc_Comm":"","Nbrhd_Comm":"","AddNum_Pre":"","Add_Number":"70","AddNum_Suf":"","St_PreMod":"","St_PreDir":"","St_PreTyp":"","St_PreSep":"","St_Name":"DOWNEY","St_PosTyp":"DRIVE","St_PosDir":"","St_PosMod":"","Lst_PreDir":"","Lst_Name":"DOWNEY","Lst_Type":"DR","LstPosDir":"","ESN":"51","MSAGComm":"WARMINSTER TOWNSHIP","Post_Comm":"WARMINSTER","Post_Code":"18974","Post_Code4":"","Building":"","Floor":" ","Unit":" ","Room":"","Seat":" ","Addtl_Loc":" ","LandmkName":" ","Mile_Post":" ","Place_Type":" ","Placement":" ","Long":-75.08744348,"Lat":40.18722276,"Elev":"0","ParcelID":"49-009-028-013","Full_Addr":"70 DOWNEY DR","Comment":" ","Purpose":null,"DiscrpAgID":"buckscounty.org","created_user":null,"created_date":null,"last_edited_user":"DGALLOWAY","gc_exception":"","ADDRGUID":null,"RDNAME":"DOWNEY DR"}},{"type":"Feature","id":238124,"geometry":{"type":"Point","coordinates":[-75.0873929417426,40.1872616141983]},"properties":{"OBJECTID":238124,"Source":"","DateUpdate":"Tue, 12 Nov 2024 10:04:37 GMT","Effective":"Wed, 01 Jan 2020 00:00:01 GMT","Expire":"Sat, 01 Jan 2050 00:00:01 GMT","Site_NGUID":"SSAP23847472DOWNEYDR@buckscounty.org","Country":"US","State":"PA","County":"Bucks County","AddCode":"","AddDataURI":"","Inc_Muni":"Warminster Township","Uninc_Comm":"","Nbrhd_Comm":"","AddNum_Pre":"","Add_Number":"72","AddNum_Suf":"","St_PreMod":"","St_PreDir":"","St_PreTyp":"","St_PreSep":"","St_Name":"DOWNEY","St_PosTyp":"DRIVE","St_PosDir":"","St_PosMod":"","Lst_PreDir":"","Lst_Name":"DOWNEY","Lst_Type":"DR","LstPosDir":"","ESN":"51","MSAGComm":"WARMINSTER TOWNSHIP","Post_Comm":"WARMINSTER","Post_Code":"18974","Post_Code4":"","Building":"","Floor":" ","Unit":" ","Room":"","Seat":" ","Addtl_Loc":" ","LandmkName":" ","Mile_Post":" ","Place_Type":" ","Placement":" ","Long":-75.08739118,"Lat":40.1872535,"Elev":"0","ParcelID":"49-009-028-013","Full_Addr":"72 DOWNEY DR","Comment":" ","Purpose":null,"DiscrpAgID":"buckscounty.org","created_user":null,"created_date":null,"last_edited_user":"DGALLOWAY","gc_exception":"","ADDRGUID":null,"RDNAME":"DOWNEY DR"}},{"type":"Feature","id":238125,"geometry":{"type":"Point","coordinates":[-75.0871649532013,40.1874081185483]},"properties":{"OBJECTID":238125,"Source":"","DateUpdate":"Tue, 12 Nov 2024 10:04:37 GMT","Effective":"Wed, 01 Jan 2020 00:00:01 GMT","Expire":"Sat, 01 Jan 2050 00:00:01 GMT","Site_NGUID":"SSAP23847574DOWNEYDR@buckscounty.org","Country":"US","State":"PA","County":"Bucks County","AddCode":"","AddDataURI":"","Inc_Muni":"Warminster Township","Uninc_Comm":"","Nbrhd_Comm":"","AddNum_Pre":"","Add_Number":"74","AddNum_Suf":"","St_PreMod":"","St_PreDir":"","St_PreTyp":"","St_PreSep":"","St_Name":"DOWNEY","St_PosTyp":"DRIVE","St_PosDir":"","St_PosMod":"","Lst_PreDir":"","Lst_Name":"DOWNEY","Lst_Type":"DR","LstPosDir":"","ESN":"51","MSAGComm":"WARMINSTER TOWNSHIP","Post_Comm":"WARMINSTER","Post_Code":"18974","Post_Code4":"","Building":"","Floor":" ","Unit":" ","Room":"","Seat":" ","Addtl_Loc":" ","LandmkName":" ","Mile_Post":" ","Place_Type":" ","Placement":" ","Long":-75.08716319,"Lat":40.1874,"Elev":"0","ParcelID":"49-009-028-013","Full_Addr":"74 DOWNEY DR","Comment":" ","Purpose":null,"DiscrpAgID":"buckscounty.org","created_user":null,"created_date":null,"last_edited_user":"DGALLOWAY","gc_exception":"","ADDRGUID":null,"RDNAME":"DOWNEY DR"}},{"type":"Feature","id":238126,"geometry":{"type":"Point","coordinates":[-75.0871220386227,40.1874368056645]},"properties":{"OBJECTID":238126,"Source":"","DateUpdate":"Tue, 12 Nov 2024 10:04:37 GMT","Effective":"Wed, 01 Jan 2020 00:00:01 GMT","Expire":"Sat, 01 Jan 2050 00:00:01 GMT","Site_NGUID":"SSAP23847676DOWNEYDR@buckscounty.org","Country":"US","State":"PA","County":"Bucks County","AddCode":"","AddDataURI":"","Inc_Muni":"Warminster Township","Uninc_Comm":"","Nbrhd_Comm":"","AddNum_Pre":"","Add_Number":"76","AddNum_Suf":"","St_PreMod":"","St_PreDir":"","St_PreTyp":"","St_PreSep":"","St_Name":"DOWNEY","St_PosTyp":"DRIVE","St_PosDir":"","St_PosMod":"","Lst_PreDir":"","Lst_Name":"DOWNEY","Lst_Type":"DR","LstPosDir":"","ESN":"51","MSAGComm":"WARMINSTER TOWNSHIP","Post_Comm":"WARMINSTER","Post_Code":"18974","Post_Code4":"","Building":"","Floor":" ","Unit":" ","Room":"","Seat":" ","Addtl_Loc":" ","LandmkName":" ","Mile_Post":" ","Place_Type":" ","Placement":" ","Long":-75.08712028,"Lat":40.18742869,"Elev":"0","ParcelID":"49-009-028-013","Full_Addr":"76 DOWNEY DR","Comment":" ","Purpose":null,"DiscrpAgID":"buckscounty.org","created_user":null,"created_date":null,"last_edited_user":"DGALLOWAY","gc_exception":"","ADDRGUID":null,"RDNAME":"DOWNEY DR"}},{"type":"Feature","id":238127,"geometry":{"type":"Point","coordinates":[-75.087063028612,40.1874695904227]},"properties":{"OBJECTID":238127,"Source":"","DateUpdate":"Tue, 12 Nov 2024 10:04:37 GMT","Effective":"Wed, 01 Jan 2020 00:00:01 GMT","Expire":"Sat, 01 Jan 2050 00:00:01 GMT","Site_NGUID":"SSAP23847778DOWNEYDR@buckscounty.org","Country":"US","State":"PA","County":"Bucks County","AddCode":"","AddDataURI":"","Inc_Muni":"Warminster Township","Uninc_Comm":"","Nbrhd_Comm":"","AddNum_Pre":"","Add_Number":"78","AddNum_Suf":"","St_PreMod":"","St_PreDir":"","St_PreTyp":"","St_PreSep":"","St_Name":"DOWNEY","St_PosTyp":"DRIVE","St_PosDir":"","St_PosMod":"","Lst_PreDir":"","Lst_Name":"DOWNEY","Lst_Type":"DR","LstPosDir":"","ESN":"51","MSAGComm":"WARMINSTER TOWNSHIP","Post_Comm":"WARMINSTER","Post_Code":"18974","Post_Code4":"","Building":"","Floor":" ","Unit":" ","Room":"","Seat":" ","Addtl_Loc":" ","LandmkName":" ","Mile_Post":" ","Place_Type":" ","Placement":" ","Long":-75.08706127,"Lat":40.18746148,"Elev":"0","ParcelID":"49-009-028-013","Full_Addr":"78 DOWNEY DR","Comment":" ","Purpose":null,"DiscrpAgID":"buckscounty.org","created_user":null,"created_date":null,"last_edited_user":"DGALLOWAY","gc_exception":"","ADDRGUID":null,"RDNAME":"DOWNEY DR"}},{"type":"Feature","id":238128,"geometry":{"type":"Point","coordinates":[-75.0870107268626,40.1875023744619]},"properties":{"OBJECTID":238128,"Source":"","DateUpdate":"Tue, 12 Nov 2024 10:04:37 GMT","Effective":"Wed, 01 Jan 2020 00:00:01 GMT","Expire":"Sat, 01 Jan 2050 00:00:01 GMT","Site_NGUID":"SSAP23847880DOWNEYDR@buckscounty.org","Country":"US","State":"PA","County":"Bucks County","AddCode":"","AddDataURI":"","Inc_Muni":"Warminster Township","Uninc_Comm":"","Nbrhd_Comm":"","AddNum_Pre":"","Add_Number":"80","AddNum_Suf":"","St_PreMod":"","St_PreDir":"","St_PreTyp":"","St_PreSep":"","St_Name":"DOWNEY","St_PosTyp":"DRIVE","St_PosDir":"","St_PosMod":"","Lst_PreDir":"","Lst_Name":"DOWNEY","Lst_Type":"DR","LstPosDir":"","ESN":"51","MSAGComm":"WARMINSTER TOWNSHIP","Post_Comm":"WARMINSTER","Post_Code":"18974","Post_Code4":"","Building":"","Floor":" ","Unit":" ","Room":"","Seat":" ","Addtl_Loc":" ","LandmkName":" ","Mile_Post":" ","Place_Type":" ","Placement":" ","Long":-75.08700897,"Lat":40.18749426,"Elev":"0","ParcelID":"49-009-028-013","Full_Addr":"80 DOWNEY DR","Comment":" ","Purpose":null,"DiscrpAgID":"buckscounty.org","created_user":null,"created_date":null,"last_edited_user":"DGALLOWAY","gc_exception":"","ADDRGUID":null,"RDNAME":"DOWNEY DR"}},{"type":"Feature","id":238129,"geometry":{"type":"Point","coordinates":[-75.0895440728507,40.1865864505399]},"properties":{"OBJECTID":238129,"Source":"","DateUpdate":"Tue, 12 Nov 2024 10:04:37 GMT","Effective":"Wed, 01 Jan 2020 00:00:01 GMT","Expire":"Sat, 01 Jan 2050 00:00:01 GMT","Site_NGUID":"SSAP23847945DOWNEYDR@buckscounty.org","Country":"US","State":"PA","County":"Bucks County","AddCode":"","AddDataURI":"","Inc_Muni":"Warminster Township","Uninc_Comm":"","Nbrhd_Comm":"","AddNum_Pre":"","Add_Number":"45","AddNum_Suf":"","St_PreMod":"","St_PreDir":"","St_PreTyp":"","St_PreSep":"","St_Name":"DOWNEY","St_PosTyp":"DRIVE","St_PosDir":"","St_PosMod":"","Lst_PreDir":"","Lst_Name":"DOWNEY","Lst_Type":"DR","LstPosDir":"","ESN":"51","MSAGComm":"WARMINSTER TOWNSHIP","Post_Comm":"WARMINSTER","Post_Code":"18974","Post_Code4":"","Building":"","Floor":" ","Unit":" ","Room":"","Seat":" ","Addtl_Loc":" ","LandmkName":" ","Mile_Post":" ","Place_Type":" ","Placement":" ","Long":-75.08954231,"Lat":40.18657834,"Elev":"0","ParcelID":"49-009-028-013","Full_Addr":"45 DOWNEY DR","Comment":" ","Purpose":null,"DiscrpAgID":"buckscounty.org","created_user":null,"created_date":null,"last_edited_user":"DGALLOWAY","gc_exception":"","ADDRGUID":null,"RDNAME":"DOWNEY DR"}},{"type":"Feature","id":238130,"geometry":{"type":"Point","coordinates":[-75.0894837223001,40.1866182107809]},"properties":{"OBJECTID":238130,"Source":"","DateUpdate":"Tue, 12 Nov 2024 10:04:37 GMT","Effective":"Wed, 01 Jan 2020 00:00:01 GMT","Expire":"Sat, 01 Jan 2050 00:00:01 GMT","Site_NGUID":"SSAP23848047DOWNEYDR@buckscounty.org","Country":"US","State":"PA","County":"Bucks County","AddCode":"","AddDataURI":"","Inc_Muni":"Warminster Township","Uninc_Comm":"","Nbrhd_Comm":"","AddNum_Pre":"","Add_Number":"47","AddNum_Suf":"","St_PreMod":"","St_PreDir":"","St_PreTyp":"","St_PreSep":"","St_Name":"DOWNEY","St_PosTyp":"DRIVE","St_PosDir":"","St_PosMod":"","Lst_PreDir":"","Lst_Name":"DOWNEY","Lst_Type":"DR","LstPosDir":"","ESN":"51","MSAGComm":"WARMINSTER TOWNSHIP","Post_Comm":"WARMINSTER","Post_Code":"18974","Post_Code4":"","Building":"","Floor":" ","Unit":" ","Room":"","Seat":" ","Addtl_Loc":" ","LandmkName":" ","Mile_Post":" ","Place_Type":" ","Placement":" ","Long":-75.08948196,"Lat":40.1866101,"Elev":"0","ParcelID":"49-009-028-013","Full_Addr":"47 DOWNEY DR","Comment":" ","Purpose":null,"DiscrpAgID":"buckscounty.org","created_user":null,"created_date":null,"last_edited_user":"DGALLOWAY","gc_exception":"","ADDRGUID":null,"RDNAME":"DOWNEY DR"}},{"type":"Feature","id":238131,"geometry":{"type":"Point","coordinates":[-75.0894019133766,40.1866509950523]},"properties":{"OBJECTID":238131,"Source":"","DateUpdate":"Tue, 12 Nov 2024 10:04:37 GMT","Effective":"Wed, 01 Jan 2020 00:00:01 GMT","Expire":"Sat, 01 Jan 2050 00:00:01 GMT","Site_NGUID":"SSAP23848149DOWNEYDR@buckscounty.org","Country":"US","State":"PA","County":"Bucks County","AddCode":"","AddDataURI":"","Inc_Muni":"Warminster Township","Uninc_Comm":"","Nbrhd_Comm":"","AddNum_Pre":"","Add_Number":"49","AddNum_Suf":"","St_PreMod":"","St_PreDir":"","St_PreTyp":"","St_PreSep":"","St_Name":"DOWNEY","St_PosTyp":"DRIVE","St_PosDir":"","St_PosMod":"","Lst_PreDir":"","Lst_Name":"DOWNEY","Lst_Type":"DR","LstPosDir":"","ESN":"51","MSAGComm":"WARMINSTER TOWNSHIP","Post_Comm":"WARMINSTER","Post_Code":"18974","Post_Code4":"","Building":"","Floor":" ","Unit":" ","Room":"","Seat":" ","Addtl_Loc":" ","LandmkName":" ","Mile_Post":" ","Place_Type":" ","Placement":" ","Long":-75.08940015,"Lat":40.18664288,"Elev":"0","ParcelID":"49-009-028-013","Full_Addr":"49 DOWNEY DR","Comment":" ","Purpose":null,"DiscrpAgID":"buckscounty.org","created_user":null,"created_date":null,"last_edited_user":"DGALLOWAY","gc_exception":"","ADDRGUID":null,"RDNAME":"DOWNEY DR"}},{"type":"Feature","id":238132,"geometry":{"type":"Point","coordinates":[-75.089321447575,40.1866899282843]},"properties":{"OBJECTID":238132,"Source":"","DateUpdate":"Tue, 12 Nov 2024 10:04:37 GMT","Effective":"Wed, 01 Jan 2020 00:00:01 GMT","Expire":"Sat, 01 Jan 2050 00:00:01 GMT","Site_NGUID":"SSAP23848251DOWNEYDR@buckscounty.org","Country":"US","State":"PA","County":"Bucks County","AddCode":"","AddDataURI":"","Inc_Muni":"Warminster Township","Uninc_Comm":"","Nbrhd_Comm":"","AddNum_Pre":"","Add_Number":"51","AddNum_Suf":"","St_PreMod":"","St_PreDir":"","St_PreTyp":"","St_PreSep":"","St_Name":"DOWNEY","St_PosTyp":"DRIVE","St_PosDir":"","St_PosMod":"","Lst_PreDir":"","Lst_Name":"DOWNEY","Lst_Type":"DR","LstPosDir":"","ESN":"51","MSAGComm":"WARMINSTER TOWNSHIP","Post_Comm":"WARMINSTER","Post_Code":"18974","Post_Code4":"","Building":"","Floor":" ","Unit":" ","Room":"","Seat":" ","Addtl_Loc":" ","LandmkName":" ","Mile_Post":" ","Place_Type":" ","Placement":" ","Long":-75.08931969,"Lat":40.18668181,"Elev":"0","ParcelID":"49-009-028-013","Full_Addr":"51 DOWNEY DR","Comment":" ","Purpose":null,"DiscrpAgID":"buckscounty.org","created_user":null,"created_date":null,"last_edited_user":"DGALLOWAY","gc_exception":"","ADDRGUID":null,"RDNAME":"DOWNEY DR"}},{"type":"Feature","id":238133,"geometry":{"type":"Point","coordinates":[-75.0890505457847,40.1864174011768]},"properties":{"OBJECTID":238133,"Source":"","DateUpdate":"Tue, 12 Nov 2024 10:04:37 GMT","Effective":"Wed, 01 Jan 2020 00:00:01 GMT","Expire":"Sat, 01 Jan 2050 00:00:01 GMT","Site_NGUID":"SSAP23848334DOWNEYDR@buckscounty.org","Country":"US","State":"PA","County":"Bucks County","AddCode":"","AddDataURI":"","Inc_Muni":"Warminster Township","Uninc_Comm":"","Nbrhd_Comm":"","AddNum_Pre":"","Add_Number":"34","AddNum_Suf":"","St_PreMod":"","St_PreDir":"","St_PreTyp":"","St_PreSep":"","St_Name":"DOWNEY","St_PosTyp":"DRIVE","St_PosDir":"","St_PosMod":"","Lst_PreDir":"","Lst_Name":"DOWNEY","Lst_Type":"DR","LstPosDir":"","ESN":"51","MSAGComm":"WARMINSTER TOWNSHIP","Post_Comm":"WARMINSTER","Post_Code":"18974","Post_Code4":"","Building":"","Floor":" ","Unit":" ","Room":"","Seat":" ","Addtl_Loc":" ","LandmkName":" ","Mile_Post":" ","Place_Type":" ","Placement":" ","Long":-75.08904878,"Lat":40.18640929,"Elev":"0","ParcelID":"49-009-028-013","Full_Addr":"34 DOWNEY DR","Comment":" ","Purpose":null,"DiscrpAgID":"buckscounty.org","created_user":null,"created_date":null,"last_edited_user":"DGALLOWAY","gc_exception":"","ADDRGUID":null,"RDNAME":"DOWNEY DR"}},{"type":"Feature","id":238134,"geometry":{"type":"Point","coordinates":[-75.0889767852649,40.1864471130823]},"properties":{"OBJECTID":238134,"Source":"","DateUpdate":"Tue, 12 Nov 2024 10:04:37 GMT","Effective":"Wed, 01 Jan 2020 00:00:01 GMT","Expire":"Sat, 01 Jan 2050 00:00:01 GMT","Site_NGUID":"SSAP23848436DOWNEYDR@buckscounty.org","Country":"US","State":"PA","County":"Bucks County","AddCode":"","AddDataURI":"","Inc_Muni":"Warminster Township","Uninc_Comm":"","Nbrhd_Comm":"","AddNum_Pre":"","Add_Number":"36","AddNum_Suf":"","St_PreMod":"","St_PreDir":"","St_PreTyp":"","St_PreSep":"","St_Name":"DOWNEY","St_PosTyp":"DRIVE","St_PosDir":"","St_PosMod":"","Lst_PreDir":"","Lst_Name":"DOWNEY","Lst_Type":"DR","LstPosDir":"","ESN":"51","MSAGComm":"WARMINSTER TOWNSHIP","Post_Comm":"WARMINSTER","Post_Code":"18974","Post_Code4":"","Building":"","Floor":" ","Unit":" ","Room":"","Seat":" ","Addtl_Loc":" ","LandmkName":" ","Mile_Post":" ","Place_Type":" ","Placement":" ","Long":-75.08897502,"Lat":40.186439,"Elev":"0","ParcelID":"49-009-028-013","Full_Addr":"36 DOWNEY DR","Comment":" ","Purpose":null,"DiscrpAgID":"buckscounty.org","created_user":null,"created_date":null,"last_edited_user":"DGALLOWAY","gc_exception":"","ADDRGUID":null,"RDNAME":"DOWNEY DR"}},{"type":"Feature","id":238135,"geometry":{"type":"Point","coordinates":[-75.0888936368193,40.1864839972369]},"properties":{"OBJECTID":238135,"Source":"","DateUpdate":"Tue, 12 Nov 2024 10:04:37 GMT","Effective":"Wed, 01 Jan 2020 00:00:01 GMT","Expire":"Sat, 01 Jan 2050 00:00:01 GMT","Site_NGUID":"SSAP23848538DOWNEYDR@buckscounty.org","Country":"US","State":"PA","County":"Bucks County","AddCode":"","AddDataURI":"","Inc_Muni":"Warminster Township","Uninc_Comm":"","Nbrhd_Comm":"","AddNum_Pre":"","Add_Number":"38","AddNum_Suf":"","St_PreMod":"","St_PreDir":"","St_PreTyp":"","St_PreSep":"","St_Name":"DOWNEY","St_PosTyp":"DRIVE","St_PosDir":"","St_PosMod":"","Lst_PreDir":"","Lst_Name":"DOWNEY","Lst_Type":"DR","LstPosDir":"","ESN":"51","MSAGComm":"WARMINSTER TOWNSHIP","Post_Comm":"WARMINSTER","Post_Code":"18974","Post_Code4":"","Building":"","Floor":" ","Unit":" ","Room":"","Seat":" ","Addtl_Loc":" ","LandmkName":" ","Mile_Post":" ","Place_Type":" ","Placement":" ","Long":-75.08889188,"Lat":40.18647588,"Elev":"0","ParcelID":"49-009-028-013","Full_Addr":"38 DOWNEY DR","Comment":" ","Purpose":null,"DiscrpAgID":"buckscounty.org","created_user":null,"created_date":null,"last_edited_user":"DGALLOWAY","gc_exception":"","ADDRGUID":null,"RDNAME":"DOWNEY DR"}},{"type":"Feature","id":238136,"geometry":{"type":"Point","coordinates":[-75.0888212153621,40.1865178063368]},"properties":{"OBJECTID":238136,"Source":"","DateUpdate":"Tue, 12 Nov 2024 10:04:37 GMT","Effective":"Wed, 01 Jan 2020 00:00:01 GMT","Expire":"Sat, 01 Jan 2050 00:00:01 GMT","Site_NGUID":"SSAP23848640DOWNEYDR@buckscounty.org","Country":"US","State":"PA","County":"Bucks County","AddCode":"","AddDataURI":"","Inc_Muni":"Warminster Township","Uninc_Comm":"","Nbrhd_Comm":"","AddNum_Pre":"","Add_Number":"40","AddNum_Suf":"","St_PreMod":"","St_PreDir":"","St_PreTyp":"","St_PreSep":"","St_Name":"DOWNEY","St_PosTyp":"DRIVE","St_PosDir":"","St_PosMod":"","Lst_PreDir":"","Lst_Name":"DOWNEY","Lst_Type":"DR","LstPosDir":"","ESN":"51","MSAGComm":"WARMINSTER TOWNSHIP","Post_Comm":"WARMINSTER","Post_Code":"18974","Post_Code4":"","Building":"","Floor":" ","Unit":" ","Room":"","Seat":" ","Addtl_Loc":" ","LandmkName":" ","Mile_Post":" ","Place_Type":" ","Placement":" ","Long":-75.08881945,"Lat":40.18650969,"Elev":"0","ParcelID":"49-009-028-013","Full_Addr":"40 DOWNEY DR","Comment":" ","Purpose":null,"DiscrpAgID":"buckscounty.org","created_user":null,"created_date":null,"last_edited_user":"DGALLOWAY","gc_exception":"","ADDRGUID":null,"RDNAME":"DOWNEY DR"}},{"type":"Feature","id":238137,"geometry":{"type":"Point","coordinates":[-75.086761280539,40.1876253153416]},"properties":{"OBJECTID":238137,"Source":"","DateUpdate":"Tue, 12 Nov 2024 10:04:37 GMT","Effective":"Wed, 01 Jan 2020 00:00:01 GMT","Expire":"Sat, 01 Jan 2050 00:00:01 GMT","Site_NGUID":"SSAP23848782DOWNEYDR@buckscounty.org","Country":"US","State":"PA","County":"Bucks County","AddCode":"","AddDataURI":"","Inc_Muni":"Warminster Township","Uninc_Comm":"","Nbrhd_Comm":"","AddNum_Pre":"","Add_Number":"82","AddNum_Suf":"","St_PreMod":"","St_PreDir":"","St_PreTyp":"","St_PreSep":"","St_Name":"DOWNEY","St_PosTyp":"DRIVE","St_PosDir":"","St_PosMod":"","Lst_PreDir":"","Lst_Name":"DOWNEY","Lst_Type":"DR","LstPosDir":"","ESN":"51","MSAGComm":"WARMINSTER TOWNSHIP","Post_Comm":"WARMINSTER","Post_Code":"18974","Post_Code4":"","Building":"","Floor":" ","Unit":" ","Room":"","Seat":" ","Addtl_Loc":" ","LandmkName":" ","Mile_Post":" ","Place_Type":" ","Placement":" ","Long":-75.08675952,"Lat":40.1876172,"Elev":"0","ParcelID":"49-009-028-013","Full_Addr":"82 DOWNEY DR","Comment":" ","Purpose":null,"DiscrpAgID":"buckscounty.org","created_user":null,"created_date":null,"last_edited_user":"DGALLOWAY","gc_exception":"","ADDRGUID":null,"RDNAME":"DOWNEY DR"}},{"type":"Feature","id":238138,"geometry":{"type":"Point","coordinates":[-75.0867103191589,40.1876540035544]},"properties":{"OBJECTID":238138,"Source":"","DateUpdate":"Tue, 12 Nov 2024 10:04:37 GMT","Effective":"Wed, 01 Jan 2020 00:00:01 GMT","Expire":"Sat, 01 Jan 2050 00:00:01 GMT","Site_NGUID":"SSAP23848884DOWNEYDR@buckscounty.org","Country":"US","State":"PA","County":"Bucks County","AddCode":"","AddDataURI":"","Inc_Muni":"Warminster Township","Uninc_Comm":"","Nbrhd_Comm":"","AddNum_Pre":"","Add_Number":"84","AddNum_Suf":"","St_PreMod":"","St_PreDir":"","St_PreTyp":"","St_PreSep":"","St_Name":"DOWNEY","St_PosTyp":"DRIVE","St_PosDir":"","St_PosMod":"","Lst_PreDir":"","Lst_Name":"DOWNEY","Lst_Type":"DR","LstPosDir":"","ESN":"51","MSAGComm":"WARMINSTER TOWNSHIP","Post_Comm":"WARMINSTER","Post_Code":"18974","Post_Code4":"","Building":"","Floor":" ","Unit":" ","Room":"","Seat":" ","Addtl_Loc":" ","LandmkName":" ","Mile_Post":" ","Place_Type":" ","Placement":" ","Long":-75.08670856,"Lat":40.18764589,"Elev":"0","ParcelID":"49-009-028-013","Full_Addr":"84 DOWNEY DR","Comment":" ","Purpose":null,"DiscrpAgID":"buckscounty.org","created_user":null,"created_date":null,"last_edited_user":"DGALLOWAY","gc_exception":"","ADDRGUID":null,"RDNAME":"DOWNEY DR"}},{"type":"Feature","id":238139,"geometry":{"type":"Point","coordinates":[-75.0866526506352,40.1876796145312]},"properties":{"OBJECTID":238139,"Source":"","DateUpdate":"Tue, 12 Nov 2024 10:04:37 GMT","Effective":"Wed, 01 Jan 2020 00:00:01 GMT","Expire":"Sat, 01 Jan 2050 00:00:01 GMT","Site_NGUID":"SSAP23848986DOWNEYDR@buckscounty.org","Country":"US","State":"PA","County":"Bucks County","AddCode":"","AddDataURI":"","Inc_Muni":"Warminster Township","Uninc_Comm":"","Nbrhd_Comm":"","AddNum_Pre":"","Add_Number":"86","AddNum_Suf":"","St_PreMod":"","St_PreDir":"","St_PreTyp":"","St_PreSep":"","St_Name":"DOWNEY","St_PosTyp":"DRIVE","St_PosDir":"","St_PosMod":"","Lst_PreDir":"","Lst_Name":"DOWNEY","Lst_Type":"DR","LstPosDir":"","ESN":"51","MSAGComm":"WARMINSTER TOWNSHIP","Post_Comm":"WARMINSTER","Post_Code":"18974","Post_Code4":"","Building":"","Floor":" ","Unit":" ","Room":"","Seat":" ","Addtl_Loc":" ","LandmkName":" ","Mile_Post":" ","Place_Type":" ","Placement":" ","Long":-75.08665089,"Lat":40.1876715,"Elev":"0","ParcelID":"49-009-028-013","Full_Addr":"86 DOWNEY DR","Comment":" ","Purpose":null,"DiscrpAgID":"buckscounty.org","created_user":null,"created_date":null,"last_edited_user":"DGALLOWAY","gc_exception":"","ADDRGUID":null,"RDNAME":"DOWNEY DR"}},{"type":"Feature","id":238140,"geometry":{"type":"Point","coordinates":[-75.0865990065827,40.1877062529613]},"properties":{"OBJECTID":238140,"Source":"","DateUpdate":"Tue, 12 Nov 2024 10:04:37 GMT","Effective":"Wed, 01 Jan 2020 00:00:01 GMT","Expire":"Sat, 01 Jan 2050 00:00:01 GMT","Site_NGUID":"SSAP23849088DOWNEYDR@buckscounty.org","Country":"US","State":"PA","County":"Bucks County","AddCode":"","AddDataURI":"","Inc_Muni":"Warminster Township","Uninc_Comm":"","Nbrhd_Comm":"","AddNum_Pre":"","Add_Number":"88","AddNum_Suf":"","St_PreMod":"","St_PreDir":"","St_PreTyp":"","St_PreSep":"","St_Name":"DOWNEY","St_PosTyp":"DRIVE","St_PosDir":"","St_PosMod":"","Lst_PreDir":"","Lst_Name":"DOWNEY","Lst_Type":"DR","LstPosDir":"","ESN":"51","MSAGComm":"WARMINSTER TOWNSHIP","Post_Comm":"WARMINSTER","Post_Code":"18974","Post_Code4":"","Building":"","Floor":" ","Unit":" ","Room":"","Seat":" ","Addtl_Loc":" ","LandmkName":" ","Mile_Post":" ","Place_Type":" ","Placement":" ","Long":-75.08659725,"Lat":40.18769814,"Elev":"0","ParcelID":"49-009-028-013","Full_Addr":"88 DOWNEY DR","Comment":" ","Purpose":null,"DiscrpAgID":"buckscounty.org","created_user":null,"created_date":null,"last_edited_user":"DGALLOWAY","gc_exception":"","ADDRGUID":null,"RDNAME":"DOWNEY DR"}},{"type":"Feature","id":238141,"geometry":{"type":"Point","coordinates":[-75.0863495632613,40.1877994834657]},"properties":{"OBJECTID":238141,"Source":"","DateUpdate":"Tue, 12 Nov 2024 10:04:37 GMT","Effective":"Wed, 01 Jan 2020 00:00:01 GMT","Expire":"Sat, 01 Jan 2050 00:00:01 GMT","Site_NGUID":"SSAP23849190DOWNEYDR@buckscounty.org","Country":"US","State":"PA","County":"Bucks County","AddCode":"","AddDataURI":"","Inc_Muni":"Warminster Township","Uninc_Comm":"","Nbrhd_Comm":"","AddNum_Pre":"","Add_Number":"90","AddNum_Suf":"","St_PreMod":"","St_PreDir":"","St_PreTyp":"","St_PreSep":"","St_Name":"DOWNEY","St_PosTyp":"DRIVE","St_PosDir":"","St_PosMod":"","Lst_PreDir":"","Lst_Name":"DOWNEY","Lst_Type":"DR","LstPosDir":"","ESN":"51","MSAGComm":"WARMINSTER TOWNSHIP","Post_Comm":"WARMINSTER","Post_Code":"18974","Post_Code4":"","Building":"","Floor":" ","Unit":" ","Room":"","Seat":" ","Addtl_Loc":" ","LandmkName":" ","Mile_Post":" ","Place_Type":" ","Placement":" ","Long":-75.0863478,"Lat":40.18779137,"Elev":"0","ParcelID":"49-009-028-013","Full_Addr":"90 DOWNEY DR","Comment":" ","Purpose":null,"DiscrpAgID":"buckscounty.org","created_user":null,"created_date":null,"last_edited_user":"DGALLOWAY","gc_exception":"","ADDRGUID":null,"RDNAME":"DOWNEY DR"}},{"type":"Feature","id":238142,"geometry":{"type":"Point","coordinates":[-75.0862878720599,40.1878240731246]},"properties":{"OBJECTID":238142,"Source":"","DateUpdate":"Tue, 12 Nov 2024 10:04:37 GMT","Effective":"Wed, 01 Jan 2020 00:00:01 GMT","Expire":"Sat, 01 Jan 2050 00:00:01 GMT","Site_NGUID":"SSAP23849292DOWNEYDR@buckscounty.org","Country":"US","State":"PA","County":"Bucks County","AddCode":"","AddDataURI":"","Inc_Muni":"Warminster Township","Uninc_Comm":"","Nbrhd_Comm":"","AddNum_Pre":"","Add_Number":"92","AddNum_Suf":"","St_PreMod":"","St_PreDir":"","St_PreTyp":"","St_PreSep":"","St_Name":"DOWNEY","St_PosTyp":"DRIVE","St_PosDir":"","St_PosMod":"","Lst_PreDir":"","Lst_Name":"DOWNEY","Lst_Type":"DR","LstPosDir":"","ESN":"51","MSAGComm":"WARMINSTER TOWNSHIP","Post_Comm":"WARMINSTER","Post_Code":"18974","Post_Code4":"","Building":"","Floor":" ","Unit":" ","Room":"","Seat":" ","Addtl_Loc":" ","LandmkName":" ","Mile_Post":" ","Place_Type":" ","Placement":" ","Long":-75.08628611,"Lat":40.18781596,"Elev":"0","ParcelID":"49-009-028-013","Full_Addr":"92 DOWNEY DR","Comment":" ","Purpose":null,"DiscrpAgID":"buckscounty.org","created_user":null,"created_date":null,"last_edited_user":"DGALLOWAY","gc_exception":"","ADDRGUID":null,"RDNAME":"DOWNEY DR"}},{"type":"Feature","id":238143,"geometry":{"type":"Point","coordinates":[-75.0862275224383,40.1878455879538]},"properties":{"OBJECTID":238143,"Source":"","DateUpdate":"Tue, 12 Nov 2024 10:04:37 GMT","Effective":"Wed, 01 Jan 2020 00:00:01 GMT","Expire":"Sat, 01 Jan 2050 00:00:01 GMT","Site_NGUID":"SSAP23849394DOWNEYDR@buckscounty.org","Country":"US","State":"PA","County":"Bucks County","AddCode":"","AddDataURI":"","Inc_Muni":"Warminster Township","Uninc_Comm":"","Nbrhd_Comm":"","AddNum_Pre":"","Add_Number":"94","AddNum_Suf":"","St_PreMod":"","St_PreDir":"","St_PreTyp":"","St_PreSep":"","St_Name":"DOWNEY","St_PosTyp":"DRIVE","St_PosDir":"","St_PosMod":"","Lst_PreDir":"","Lst_Name":"DOWNEY","Lst_Type":"DR","LstPosDir":"","ESN":"51","MSAGComm":"WARMINSTER TOWNSHIP","Post_Comm":"WARMINSTER","Post_Code":"18974","Post_Code4":"","Building":"","Floor":" ","Unit":" ","Room":"","Seat":" ","Addtl_Loc":" ","LandmkName":" ","Mile_Post":" ","Place_Type":" ","Placement":" ","Long":-75.08622576,"Lat":40.18783747,"Elev":"0","ParcelID":"49-009-028-013","Full_Addr":"94 DOWNEY DR","Comment":" ","Purpose":null,"DiscrpAgID":"buckscounty.org","created_user":null,"created_date":null,"last_edited_user":"DGALLOWAY","gc_exception":"","ADDRGUID":null,"RDNAME":"DOWNEY DR"}},{"type":"Feature","id":238144,"geometry":{"type":"Point","coordinates":[-75.0861631493281,40.187866077982]},"properties":{"OBJECTID":238144,"Source":"","DateUpdate":"Tue, 12 Nov 2024 10:04:37 GMT","Effective":"Wed, 01 Jan 2020 00:00:01 GMT","Expire":"Sat, 01 Jan 2050 00:00:01 GMT","Site_NGUID":"SSAP23849496DOWNEYDR@buckscounty.org","Country":"US","State":"PA","County":"Bucks County","AddCode":"","AddDataURI":"","Inc_Muni":"Warminster Township","Uninc_Comm":"","Nbrhd_Comm":"","AddNum_Pre":"","Add_Number":"96","AddNum_Suf":"","St_PreMod":"","St_PreDir":"","St_PreTyp":"","St_PreSep":"","St_Name":"DOWNEY","St_PosTyp":"DRIVE","St_PosDir":"","St_PosMod":"","Lst_PreDir":"","Lst_Name":"DOWNEY","Lst_Type":"DR","LstPosDir":"","ESN":"51","MSAGComm":"WARMINSTER TOWNSHIP","Post_Comm":"WARMINSTER","Post_Code":"18974","Post_Code4":"","Building":"","Floor":" ","Unit":" ","Room":"","Seat":" ","Addtl_Loc":" ","LandmkName":" ","Mile_Post":" ","Place_Type":" ","Placement":" ","Long":-75.08616139,"Lat":40.18785796,"Elev":"0","ParcelID":"49-009-028-013","Full_Addr":"96 DOWNEY DR","Comment":" ","Purpose":null,"DiscrpAgID":"buckscounty.org","created_user":null,"created_date":null,"last_edited_user":"DGALLOWAY","gc_exception":"","ADDRGUID":null,"RDNAME":"DOWNEY DR"}},{"type":"Feature","id":238145,"geometry":{"type":"Point","coordinates":[-75.0872494433455,40.1878466117466]},"properties":{"OBJECTID":238145,"Source":"","DateUpdate":"Tue, 12 Nov 2024 10:04:37 GMT","Effective":"Wed, 01 Jan 2020 00:00:01 GMT","Expire":"Sat, 01 Jan 2050 00:00:01 GMT","Site_NGUID":"SSAP23849575DOWNEYDR@buckscounty.org","Country":"US","State":"PA","County":"Bucks County","AddCode":"","AddDataURI":"","Inc_Muni":"Warminster Township","Uninc_Comm":"","Nbrhd_Comm":"","AddNum_Pre":"","Add_Number":"75","AddNum_Suf":"","St_PreMod":"","St_PreDir":"","St_PreTyp":"","St_PreSep":"","St_Name":"DOWNEY","St_PosTyp":"DRIVE","St_PosDir":"","St_PosMod":"","Lst_PreDir":"","Lst_Name":"DOWNEY","Lst_Type":"DR","LstPosDir":"","ESN":"51","MSAGComm":"WARMINSTER TOWNSHIP","Post_Comm":"WARMINSTER","Post_Code":"18974","Post_Code4":"","Building":"","Floor":" ","Unit":" ","Room":"","Seat":" ","Addtl_Loc":" ","LandmkName":" ","Mile_Post":" ","Place_Type":" ","Placement":" ","Long":-75.08724768,"Lat":40.1878385,"Elev":"0","ParcelID":"49-009-028-013","Full_Addr":"75 DOWNEY DR","Comment":" ","Purpose":null,"DiscrpAgID":"buckscounty.org","created_user":null,"created_date":null,"last_edited_user":"DGALLOWAY","gc_exception":"","ADDRGUID":null,"RDNAME":"DOWNEY DR"}},{"type":"Feature","id":238146,"geometry":{"type":"Point","coordinates":[-75.0864957414729,40.1882635873914]},"properties":{"OBJECTID":238146,"Source":"","DateUpdate":"Tue, 12 Nov 2024 10:04:37 GMT","Effective":"Wed, 01 Jan 2020 00:00:01 GMT","Expire":"Sat, 01 Jan 2050 00:00:01 GMT","Site_NGUID":"SSAP23849677DOWNEYDR@buckscounty.org","Country":"US","State":"PA","County":"Bucks County","AddCode":"","AddDataURI":"","Inc_Muni":"Warminster Township","Uninc_Comm":"","Nbrhd_Comm":"","AddNum_Pre":"","Add_Number":"77","AddNum_Suf":"","St_PreMod":"","St_PreDir":"","St_PreTyp":"","St_PreSep":"","St_Name":"DOWNEY","St_PosTyp":"DRIVE","St_PosDir":"","St_PosMod":"","Lst_PreDir":"","Lst_Name":"DOWNEY","Lst_Type":"DR","LstPosDir":"","ESN":"51","MSAGComm":"WARMINSTER TOWNSHIP","Post_Comm":"WARMINSTER","Post_Code":"18974","Post_Code4":"","Building":"","Floor":" ","Unit":" ","Room":"","Seat":" ","Addtl_Loc":" ","LandmkName":" ","Mile_Post":" ","Place_Type":" ","Placement":" ","Long":-75.08649398,"Lat":40.18825547,"Elev":"0","ParcelID":"49-009-028-013","Full_Addr":"77 DOWNEY DR","Comment":" ","Purpose":null,"DiscrpAgID":"buckscounty.org","created_user":null,"created_date":null,"last_edited_user":"DGALLOWAY","gc_exception":"","ADDRGUID":null,"RDNAME":"DOWNEY DR"}},{"type":"Feature","id":238147,"geometry":{"type":"Point","coordinates":[-75.0881305495839,40.1879111553977]},"properties":{"OBJECTID":238147,"Source":"","DateUpdate":"Tue, 12 Nov 2024 10:04:37 GMT","Effective":"Wed, 01 Jan 2020 00:00:01 GMT","Expire":"Sat, 01 Jan 2050 00:00:01 GMT","Site_NGUID":"SSAP2384972TENNENTST@buckscounty.org","Country":"US","State":"PA","County":"Bucks County","AddCode":"","AddDataURI":"","Inc_Muni":"Warminster Township","Uninc_Comm":"","Nbrhd_Comm":"","AddNum_Pre":"","Add_Number":"2","AddNum_Suf":"","St_PreMod":"","St_PreDir":"","St_PreTyp":"","St_PreSep":"","St_Name":"TENNENT","St_PosTyp":"STREET","St_PosDir":"","St_PosMod":"","Lst_PreDir":"","Lst_Name":"TENNENT","Lst_Type":"ST","LstPosDir":"","ESN":"51","MSAGComm":"WARMINSTER TOWNSHIP","Post_Comm":"WARMINSTER","Post_Code":"18974","Post_Code4":"","Building":"","Floor":" ","Unit":" ","Room":"","Seat":" ","Addtl_Loc":" ","LandmkName":" ","Mile_Post":" ","Place_Type":" ","Placement":" ","Long":-75.08812879,"Lat":40.18790304,"Elev":"0","ParcelID":"49-009-028-013","Full_Addr":"2 TENNENT ST","Comment":" ","Purpose":null,"DiscrpAgID":"buckscounty.org","created_user":null,"created_date":null,"last_edited_user":"DGALLOWAY","gc_exception":"","ADDRGUID":null,"RDNAME":"TENNENT ST"}},{"type":"Feature","id":238148,"geometry":{"type":"Point","coordinates":[-75.0880929979123,40.1878722249619]},"properties":{"OBJECTID":238148,"Source":"","DateUpdate":"Tue, 12 Nov 2024 10:04:37 GMT","Effective":"Wed, 01 Jan 2020 00:00:01 GMT","Expire":"Sat, 01 Jan 2050 00:00:01 GMT","Site_NGUID":"SSAP2384984TENNENTST@buckscounty.org","Country":"US","State":"PA","County":"Bucks County","AddCode":"","AddDataURI":"","Inc_Muni":"Warminster Township","Uninc_Comm":"","Nbrhd_Comm":"","AddNum_Pre":"","Add_Number":"4","AddNum_Suf":"","St_PreMod":"","St_PreDir":"","St_PreTyp":"","St_PreSep":"","St_Name":"TENNENT","St_PosTyp":"STREET","St_PosDir":"","St_PosMod":"","Lst_PreDir":"","Lst_Name":"TENNENT","Lst_Type":"ST","LstPosDir":"","ESN":"51","MSAGComm":"WARMINSTER TOWNSHIP","Post_Comm":"WARMINSTER","Post_Code":"18974","Post_Code4":"","Building":"","Floor":" ","Unit":" ","Room":"","Seat":" ","Addtl_Loc":" ","LandmkName":" ","Mile_Post":" ","Place_Type":" ","Placement":" ","Long":-75.08809124,"Lat":40.18786411,"Elev":"0","ParcelID":"49-009-028-013","Full_Addr":"4 TENNENT ST","Comment":" ","Purpose":null,"DiscrpAgID":"buckscounty.org","created_user":null,"created_date":null,"last_edited_user":"DGALLOWAY","gc_exception":"","ADDRGUID":null,"RDNAME":"TENNENT ST"}},{"type":"Feature","id":238149,"geometry":{"type":"Point","coordinates":[-75.0880554476816,40.1878291948726]},"properties":{"OBJECTID":238149,"Source":"","DateUpdate":"Tue, 12 Nov 2024 10:04:37 GMT","Effective":"Wed, 01 Jan 2020 00:00:01 GMT","Expire":"Sat, 01 Jan 2050 00:00:01 GMT","Site_NGUID":"SSAP2384996TENNENTST@buckscounty.org","Country":"US","State":"PA","County":"Bucks County","AddCode":"","AddDataURI":"","Inc_Muni":"Warminster Township","Uninc_Comm":"","Nbrhd_Comm":"","AddNum_Pre":"","Add_Number":"6","AddNum_Suf":"","St_PreMod":"","St_PreDir":"","St_PreTyp":"","St_PreSep":"","St_Name":"TENNENT","St_PosTyp":"STREET","St_PosDir":"","St_PosMod":"","Lst_PreDir":"","Lst_Name":"TENNENT","Lst_Type":"ST","LstPosDir":"","ESN":"51","MSAGComm":"WARMINSTER TOWNSHIP","Post_Comm":"WARMINSTER","Post_Code":"18974","Post_Code4":"","Building":"","Floor":" ","Unit":" ","Room":"","Seat":" ","Addtl_Loc":" ","LandmkName":" ","Mile_Post":" ","Place_Type":" ","Placement":" ","Long":-75.08805369,"Lat":40.18782108,"Elev":"0","ParcelID":"49-009-028-013","Full_Addr":"6 TENNENT ST","Comment":" ","Purpose":null,"DiscrpAgID":"buckscounty.org","created_user":null,"created_date":null,"last_edited_user":"DGALLOWAY","gc_exception":"","ADDRGUID":null,"RDNAME":"TENNENT ST"}},{"type":"Feature","id":238150,"geometry":{"type":"Point","coordinates":[-75.0880178962895,40.187786165644]},"properties":{"OBJECTID":238150,"Source":"","DateUpdate":"Tue, 12 Nov 2024 10:04:37 GMT","Effective":"Wed, 01 Jan 2020 00:00:01 GMT","Expire":"Sat, 01 Jan 2050 00:00:01 GMT","Site_NGUID":"SSAP2385008TENNENTST@buckscounty.org","Country":"US","State":"PA","County":"Bucks County","AddCode":"","AddDataURI":"","Inc_Muni":"Warminster Township","Uninc_Comm":"","Nbrhd_Comm":"","AddNum_Pre":"","Add_Number":"8","AddNum_Suf":"","St_PreMod":"","St_PreDir":"","St_PreTyp":"","St_PreSep":"","St_Name":"TENNENT","St_PosTyp":"STREET","St_PosDir":"","St_PosMod":"","Lst_PreDir":"","Lst_Name":"TENNENT","Lst_Type":"ST","LstPosDir":"","ESN":"51","MSAGComm":"WARMINSTER TOWNSHIP","Post_Comm":"WARMINSTER","Post_Code":"18974","Post_Code4":"","Building":"","Floor":" ","Unit":" ","Room":"","Seat":" ","Addtl_Loc":" ","LandmkName":" ","Mile_Post":" ","Place_Type":" ","Placement":" ","Long":-75.08801613,"Lat":40.18777805,"Elev":"0","ParcelID":"49-009-028-013","Full_Addr":"8 TENNENT ST","Comment":" ","Purpose":null,"DiscrpAgID":"buckscounty.org","created_user":null,"created_date":null,"last_edited_user":"DGALLOWAY","gc_exception":"","ADDRGUID":null,"RDNAME":"TENNENT ST"}},{"type":"Feature","id":238151,"geometry":{"type":"Point","coordinates":[-75.0878891503034,40.1875976542167]},"properties":{"OBJECTID":238151,"Source":"","DateUpdate":"Tue, 12 Nov 2024 10:04:37 GMT","Effective":"Wed, 01 Jan 2020 00:00:01 GMT","Expire":"Sat, 01 Jan 2050 00:00:01 GMT","Site_NGUID":"SSAP23850110TENNENTST@buckscounty.org","Country":"US","State":"PA","County":"Bucks County","AddCode":"","AddDataURI":"","Inc_Muni":"Warminster Township","Uninc_Comm":"","Nbrhd_Comm":"","AddNum_Pre":"","Add_Number":"10","AddNum_Suf":"","St_PreMod":"","St_PreDir":"","St_PreTyp":"","St_PreSep":"","St_Name":"TENNENT","St_PosTyp":"STREET","St_PosDir":"","St_PosMod":"","Lst_PreDir":"","Lst_Name":"TENNENT","Lst_Type":"ST","LstPosDir":"","ESN":"51","MSAGComm":"WARMINSTER TOWNSHIP","Post_Comm":"WARMINSTER","Post_Code":"18974","Post_Code4":"","Building":"","Floor":" ","Unit":" ","Room":"","Seat":" ","Addtl_Loc":" ","LandmkName":" ","Mile_Post":" ","Place_Type":" ","Placement":" ","Long":-75.08788739,"Lat":40.18758954,"Elev":"0","ParcelID":"49-009-028-013","Full_Addr":"10 TENNENT ST","Comment":" ","Purpose":null,"DiscrpAgID":"buckscounty.org","created_user":null,"created_date":null,"last_edited_user":"DGALLOWAY","gc_exception":"","ADDRGUID":null,"RDNAME":"TENNENT ST"}},{"type":"Feature","id":238152,"geometry":{"type":"Point","coordinates":[-75.0878542814593,40.1875505269226]},"properties":{"OBJECTID":238152,"Source":"","DateUpdate":"Tue, 12 Nov 2024 10:04:37 GMT","Effective":"Wed, 01 Jan 2020 00:00:01 GMT","Expire":"Sat, 01 Jan 2050 00:00:01 GMT","Site_NGUID":"SSAP23850212TENNENTST@buckscounty.org","Country":"US","State":"PA","County":"Bucks County","AddCode":"","AddDataURI":"","Inc_Muni":"Warminster Township","Uninc_Comm":"","Nbrhd_Comm":"","AddNum_Pre":"","Add_Number":"12","AddNum_Suf":"","St_PreMod":"","St_PreDir":"","St_PreTyp":"","St_PreSep":"","St_Name":"TENNENT","St_PosTyp":"STREET","St_PosDir":"","St_PosMod":"","Lst_PreDir":"","Lst_Name":"TENNENT","Lst_Type":"ST","LstPosDir":"","ESN":"51","MSAGComm":"WARMINSTER TOWNSHIP","Post_Comm":"WARMINSTER","Post_Code":"18974","Post_Code4":"","Building":"","Floor":" ","Unit":" ","Room":"","Seat":" ","Addtl_Loc":" ","LandmkName":" ","Mile_Post":" ","Place_Type":" ","Placement":" ","Long":-75.08785252,"Lat":40.18754241,"Elev":"0","ParcelID":"49-009-028-013","Full_Addr":"12 TENNENT ST","Comment":" ","Purpose":null,"DiscrpAgID":"buckscounty.org","created_user":null,"created_date":null,"last_edited_user":"DGALLOWAY","gc_exception":"","ADDRGUID":null,"RDNAME":"TENNENT ST"}},{"type":"Feature","id":238153,"geometry":{"type":"Point","coordinates":[-75.0878167305525,40.1875033988591]},"properties":{"OBJECTID":238153,"Source":"","DateUpdate":"Tue, 12 Nov 2024 10:04:37 GMT","Effective":"Wed, 01 Jan 2020 00:00:01 GMT","Expire":"Sat, 01 Jan 2050 00:00:01 GMT","Site_NGUID":"SSAP23850314TENNENTST@buckscounty.org","Country":"US","State":"PA","County":"Bucks County","AddCode":"","AddDataURI":"","Inc_Muni":"Warminster Township","Uninc_Comm":"","Nbrhd_Comm":"","AddNum_Pre":"","Add_Number":"14","AddNum_Suf":"","St_PreMod":"","St_PreDir":"","St_PreTyp":"","St_PreSep":"","St_Name":"TENNENT","St_PosTyp":"STREET","St_PosDir":"","St_PosMod":"","Lst_PreDir":"","Lst_Name":"TENNENT","Lst_Type":"ST","LstPosDir":"","ESN":"51","MSAGComm":"WARMINSTER TOWNSHIP","Post_Comm":"WARMINSTER","Post_Code":"18974","Post_Code4":"","Building":"","Floor":" ","Unit":" ","Room":"","Seat":" ","Addtl_Loc":" ","LandmkName":" ","Mile_Post":" ","Place_Type":" ","Placement":" ","Long":-75.08781497,"Lat":40.18749528,"Elev":"0","ParcelID":"49-009-028-013","Full_Addr":"14 TENNENT ST","Comment":" ","Purpose":null,"DiscrpAgID":"buckscounty.org","created_user":null,"created_date":null,"last_edited_user":"DGALLOWAY","gc_exception":"","ADDRGUID":null,"RDNAME":"TENNENT ST"}},{"type":"Feature","id":238154,"geometry":{"type":"Point","coordinates":[-75.0877845441502,40.1874665151852]},"properties":{"OBJECTID":238154,"Source":"","DateUpdate":"Tue, 12 Nov 2024 10:04:37 GMT","Effective":"Wed, 01 Jan 2020 00:00:01 GMT","Expire":"Sat, 01 Jan 2050 00:00:01 GMT","Site_NGUID":"SSAP23850416TENNENTST@buckscounty.org","Country":"US","State":"PA","County":"Bucks County","AddCode":"","AddDataURI":"","Inc_Muni":"Warminster Township","Uninc_Comm":"","Nbrhd_Comm":"","AddNum_Pre":"","Add_Number":"16","AddNum_Suf":"","St_PreMod":"","St_PreDir":"","St_PreTyp":"","St_PreSep":"","St_Name":"TENNENT","St_PosTyp":"STREET","St_PosDir":"","St_PosMod":"","Lst_PreDir":"","Lst_Name":"TENNENT","Lst_Type":"ST","LstPosDir":"","ESN":"51","MSAGComm":"WARMINSTER TOWNSHIP","Post_Comm":"WARMINSTER","Post_Code":"18974","Post_Code4":"","Building":"","Floor":" ","Unit":" ","Room":"","Seat":" ","Addtl_Loc":" ","LandmkName":" ","Mile_Post":" ","Place_Type":" ","Placement":" ","Long":-75.08778278,"Lat":40.1874584,"Elev":"0","ParcelID":"49-009-028-013","Full_Addr":"16 TENNENT ST","Comment":" ","Purpose":null,"DiscrpAgID":"buckscounty.org","created_user":null,"created_date":null,"last_edited_user":"DGALLOWAY","gc_exception":"","ADDRGUID":null,"RDNAME":"TENNENT ST"}},{"type":"Feature","id":238155,"geometry":{"type":"Point","coordinates":[-75.08818955788,40.1875423292966]},"properties":{"OBJECTID":238155,"Source":"","DateUpdate":"Tue, 12 Nov 2024 10:04:37 GMT","Effective":"Wed, 01 Jan 2020 00:00:01 GMT","Expire":"Sat, 01 Jan 2050 00:00:01 GMT","Site_NGUID":"SSAP23850511TENNENTST@buckscounty.org","Country":"US","State":"PA","County":"Bucks County","AddCode":"","AddDataURI":"","Inc_Muni":"Warminster Township","Uninc_Comm":"","Nbrhd_Comm":"","AddNum_Pre":"","Add_Number":"11","AddNum_Suf":"","St_PreMod":"","St_PreDir":"","St_PreTyp":"","St_PreSep":"","St_Name":"TENNENT","St_PosTyp":"STREET","St_PosDir":"","St_PosMod":"","Lst_PreDir":"","Lst_Name":"TENNENT","Lst_Type":"ST","LstPosDir":"","ESN":"51","MSAGComm":"WARMINSTER TOWNSHIP","Post_Comm":"WARMINSTER","Post_Code":"18974","Post_Code4":"","Building":"","Floor":" ","Unit":" ","Room":"","Seat":" ","Addtl_Loc":" ","LandmkName":" ","Mile_Post":" ","Place_Type":" ","Placement":" ","Long":-75.0881878,"Lat":40.18753421,"Elev":"0","ParcelID":"49-009-028-013","Full_Addr":"11 TENNENT ST","Comment":" ","Purpose":null,"DiscrpAgID":"buckscounty.org","created_user":null,"created_date":null,"last_edited_user":"DGALLOWAY","gc_exception":"","ADDRGUID":null,"RDNAME":"TENNENT ST"}},{"type":"Feature","id":238156,"geometry":{"type":"Point","coordinates":[-75.0881090915753,40.187425536285]},"properties":{"OBJECTID":238156,"Source":"","DateUpdate":"Tue, 12 Nov 2024 10:04:37 GMT","Effective":"Wed, 01 Jan 2020 00:00:01 GMT","Expire":"Sat, 01 Jan 2050 00:00:01 GMT","Site_NGUID":"SSAP23850615TENNENTST@buckscounty.org","Country":"US","State":"PA","County":"Bucks County","AddCode":"","AddDataURI":"","Inc_Muni":"Warminster Township","Uninc_Comm":"","Nbrhd_Comm":"","AddNum_Pre":"","Add_Number":"15","AddNum_Suf":"","St_PreMod":"","St_PreDir":"","St_PreTyp":"","St_PreSep":"","St_Name":"TENNENT","St_PosTyp":"STREET","St_PosDir":"","St_PosMod":"","Lst_PreDir":"","Lst_Name":"TENNENT","Lst_Type":"ST","LstPosDir":"","ESN":"51","MSAGComm":"WARMINSTER TOWNSHIP","Post_Comm":"WARMINSTER","Post_Code":"18974","Post_Code4":"","Building":"","Floor":" ","Unit":" ","Room":"","Seat":" ","Addtl_Loc":" ","LandmkName":" ","Mile_Post":" ","Place_Type":" ","Placement":" ","Long":-75.08810733,"Lat":40.18741742,"Elev":"0","ParcelID":"49-009-028-013","Full_Addr":"15 TENNENT ST","Comment":" ","Purpose":null,"DiscrpAgID":"buckscounty.org","created_user":null,"created_date":null,"last_edited_user":"DGALLOWAY","gc_exception":"","ADDRGUID":null,"RDNAME":"TENNENT ST"}},{"type":"Feature","id":238157,"geometry":{"type":"Point","coordinates":[-75.0880125320007,40.1873148881811]},"properties":{"OBJECTID":238157,"Source":"","DateUpdate":"Tue, 12 Nov 2024 10:04:37 GMT","Effective":"Wed, 01 Jan 2020 00:00:01 GMT","Expire":"Sat, 01 Jan 2050 00:00:01 GMT","Site_NGUID":"SSAP23850719TENNENTST@buckscounty.org","Country":"US","State":"PA","County":"Bucks County","AddCode":"","AddDataURI":"","Inc_Muni":"Warminster Township","Uninc_Comm":"","Nbrhd_Comm":"","AddNum_Pre":"","Add_Number":"19","AddNum_Suf":"","St_PreMod":"","St_PreDir":"","St_PreTyp":"","St_PreSep":"","St_Name":"TENNENT","St_PosTyp":"STREET","St_PosDir":"","St_PosMod":"","Lst_PreDir":"","Lst_Name":"TENNENT","Lst_Type":"ST","LstPosDir":"","ESN":"51","MSAGComm":"WARMINSTER TOWNSHIP","Post_Comm":"WARMINSTER","Post_Code":"18974","Post_Code4":"","Building":"","Floor":" ","Unit":" ","Room":"","Seat":" ","Addtl_Loc":" ","LandmkName":" ","Mile_Post":" ","Place_Type":" ","Placement":" ","Long":-75.08801077,"Lat":40.18730677,"Elev":"0","ParcelID":"49-009-028-013","Full_Addr":"19 TENNENT ST","Comment":" ","Purpose":null,"DiscrpAgID":"buckscounty.org","created_user":null,"created_date":null,"last_edited_user":"DGALLOWAY","gc_exception":"","ADDRGUID":null,"RDNAME":"TENNENT ST"}},{"type":"Feature","id":238158,"geometry":{"type":"Point","coordinates":[-75.0881466427121,40.1874870068051]},"properties":{"OBJECTID":238158,"Source":"","DateUpdate":"Tue, 12 Nov 2024 10:04:37 GMT","Effective":"Wed, 01 Jan 2020 00:00:01 GMT","Expire":"Sat, 01 Jan 2050 00:00:01 GMT","Site_NGUID":"SSAP23850813TENNENTST@buckscounty.org","Country":"US","State":"PA","County":"Bucks County","AddCode":"","AddDataURI":"","Inc_Muni":"Warminster Township","Uninc_Comm":"","Nbrhd_Comm":"","AddNum_Pre":"","Add_Number":"13","AddNum_Suf":"","St_PreMod":"","St_PreDir":"","St_PreTyp":"","St_PreSep":"","St_Name":"TENNENT","St_PosTyp":"STREET","St_PosDir":"","St_PosMod":"","Lst_PreDir":"","Lst_Name":"TENNENT","Lst_Type":"ST","LstPosDir":"","ESN":"51","MSAGComm":"WARMINSTER TOWNSHIP","Post_Comm":"WARMINSTER","Post_Code":"18974","Post_Code4":"","Building":"","Floor":" ","Unit":" ","Room":"","Seat":" ","Addtl_Loc":" ","LandmkName":" ","Mile_Post":" ","Place_Type":" ","Placement":" ","Long":-75.08814488,"Lat":40.18747889,"Elev":"0","ParcelID":"49-009-028-013","Full_Addr":"13 TENNENT ST","Comment":" ","Purpose":null,"DiscrpAgID":"buckscounty.org","created_user":null,"created_date":null,"last_edited_user":"DGALLOWAY","gc_exception":"","ADDRGUID":null,"RDNAME":"TENNENT ST"}},{"type":"Feature","id":238159,"geometry":{"type":"Point","coordinates":[-75.0880608123354,40.1873702122569]},"properties":{"OBJECTID":238159,"Source":"","DateUpdate":"Tue, 12 Nov 2024 10:04:37 GMT","Effective":"Wed, 01 Jan 2020 00:00:01 GMT","Expire":"Sat, 01 Jan 2050 00:00:01 GMT","Site_NGUID":"SSAP23850917TENNENTST@buckscounty.org","Country":"US","State":"PA","County":"Bucks County","AddCode":"","AddDataURI":"","Inc_Muni":"Warminster Township","Uninc_Comm":"","Nbrhd_Comm":"","AddNum_Pre":"","Add_Number":"17","AddNum_Suf":"","St_PreMod":"","St_PreDir":"","St_PreTyp":"","St_PreSep":"","St_Name":"TENNENT","St_PosTyp":"STREET","St_PosDir":"","St_PosMod":"","Lst_PreDir":"","Lst_Name":"TENNENT","Lst_Type":"ST","LstPosDir":"","ESN":"51","MSAGComm":"WARMINSTER TOWNSHIP","Post_Comm":"WARMINSTER","Post_Code":"18974","Post_Code4":"","Building":"","Floor":" ","Unit":" ","Room":"","Seat":" ","Addtl_Loc":" ","LandmkName":" ","Mile_Post":" ","Place_Type":" ","Placement":" ","Long":-75.08805905,"Lat":40.1873621,"Elev":"0","ParcelID":"49-009-028-013","Full_Addr":"17 TENNENT ST","Comment":" ","Purpose":null,"DiscrpAgID":"buckscounty.org","created_user":null,"created_date":null,"last_edited_user":"DGALLOWAY","gc_exception":"","ADDRGUID":null,"RDNAME":"TENNENT ST"}},{"type":"Feature","id":238160,"geometry":{"type":"Point","coordinates":[-75.0884738711831,40.1879377937345]},"properties":{"OBJECTID":238160,"Source":"","DateUpdate":"Tue, 12 Nov 2024 10:04:37 GMT","Effective":"Wed, 01 Jan 2020 00:00:01 GMT","Expire":"Sat, 01 Jan 2050 00:00:01 GMT","Site_NGUID":"SSAP23851021ALLENST@buckscounty.org","Country":"US","State":"PA","County":"Bucks County","AddCode":"","AddDataURI":"","Inc_Muni":"Warminster Township","Uninc_Comm":"","Nbrhd_Comm":"","AddNum_Pre":"","Add_Number":"21","AddNum_Suf":"","St_PreMod":"","St_PreDir":"","St_PreTyp":"","St_PreSep":"","St_Name":"ALLEN","St_PosTyp":"STREET","St_PosDir":"","St_PosMod":"","Lst_PreDir":"","Lst_Name":"ALLEN","Lst_Type":"ST","LstPosDir":"","ESN":"51","MSAGComm":"WARMINSTER TOWNSHIP","Post_Comm":"WARMINSTER","Post_Code":"18974","Post_Code4":"","Building":"","Floor":" ","Unit":" ","Room":"","Seat":" ","Addtl_Loc":" ","LandmkName":" ","Mile_Post":" ","Place_Type":" ","Placement":" ","Long":-75.08847211,"Lat":40.18792968,"Elev":"0","ParcelID":"49-009-028-013","Full_Addr":"21 ALLEN ST","Comment":" ","Purpose":null,"DiscrpAgID":"buckscounty.org","created_user":null,"created_date":null,"last_edited_user":"DGALLOWAY","gc_exception":"","ADDRGUID":null,"RDNAME":"ALLEN ST"}},{"type":"Feature","id":238161,"geometry":{"type":"Point","coordinates":[-75.0887528191195,40.187814851857]},"properties":{"OBJECTID":238161,"Source":"","DateUpdate":"Tue, 12 Nov 2024 10:04:37 GMT","Effective":"Wed, 01 Jan 2020 00:00:01 GMT","Expire":"Sat, 01 Jan 2050 00:00:01 GMT","Site_NGUID":"SSAP23851113ALLENST@buckscounty.org","Country":"US","State":"PA","County":"Bucks County","AddCode":"","AddDataURI":"","Inc_Muni":"Warminster Township","Uninc_Comm":"","Nbrhd_Comm":"","AddNum_Pre":"","Add_Number":"13","AddNum_Suf":"","St_PreMod":"","St_PreDir":"","St_PreTyp":"","St_PreSep":"","St_Name":"ALLEN","St_PosTyp":"STREET","St_PosDir":"","St_PosMod":"","Lst_PreDir":"","Lst_Name":"ALLEN","Lst_Type":"ST","LstPosDir":"","ESN":"51","MSAGComm":"WARMINSTER TOWNSHIP","Post_Comm":"WARMINSTER","Post_Code":"18974","Post_Code4":"","Building":"","Floor":" ","Unit":" ","Room":"","Seat":" ","Addtl_Loc":" ","LandmkName":" ","Mile_Post":" ","Place_Type":" ","Placement":" ","Long":-75.08875106,"Lat":40.18780674,"Elev":"0","ParcelID":"49-009-028-013","Full_Addr":"13 ALLEN ST","Comment":" ","Purpose":null,"DiscrpAgID":"buckscounty.org","created_user":null,"created_date":null,"last_edited_user":"DGALLOWAY","gc_exception":"","ADDRGUID":null,"RDNAME":"ALLEN ST"}},{"type":"Feature","id":238162,"geometry":{"type":"Point","coordinates":[-75.0886133451584,40.1878804207482]},"properties":{"OBJECTID":238162,"Source":"","DateUpdate":"Tue, 12 Nov 2024 10:04:37 GMT","Effective":"Wed, 01 Jan 2020 00:00:01 GMT","Expire":"Sat, 01 Jan 2050 00:00:01 GMT","Site_NGUID":"SSAP23851217ALLENST@buckscounty.org","Country":"US","State":"PA","County":"Bucks County","AddCode":"","AddDataURI":"","Inc_Muni":"Warminster Township","Uninc_Comm":"","Nbrhd_Comm":"","AddNum_Pre":"","Add_Number":"17","AddNum_Suf":"","St_PreMod":"","St_PreDir":"","St_PreTyp":"","St_PreSep":"","St_Name":"ALLEN","St_PosTyp":"STREET","St_PosDir":"","St_PosMod":"","Lst_PreDir":"","Lst_Name":"ALLEN","Lst_Type":"ST","LstPosDir":"","ESN":"51","MSAGComm":"WARMINSTER TOWNSHIP","Post_Comm":"WARMINSTER","Post_Code":"18974","Post_Code4":"","Building":"","Floor":" ","Unit":" ","Room":"","Seat":" ","Addtl_Loc":" ","LandmkName":" ","Mile_Post":" ","Place_Type":" ","Placement":" ","Long":-75.08861158,"Lat":40.18787231,"Elev":"0","ParcelID":"49-009-028-013","Full_Addr":"17 ALLEN ST","Comment":" ","Purpose":null,"DiscrpAgID":"buckscounty.org","created_user":null,"created_date":null,"last_edited_user":"DGALLOWAY","gc_exception":"","ADDRGUID":null,"RDNAME":"ALLEN ST"}},{"type":"Feature","id":238163,"geometry":{"type":"Point","coordinates":[-75.0886830814483,40.1878537822118]},"properties":{"OBJECTID":238163,"Source":"","DateUpdate":"Tue, 12 Nov 2024 10:04:37 GMT","Effective":"Wed, 01 Jan 2020 00:00:01 GMT","Expire":"Sat, 01 Jan 2050 00:00:01 GMT","Site_NGUID":"SSAP23851315ALLENST@buckscounty.org","Country":"US","State":"PA","County":"Bucks County","AddCode":"","AddDataURI":"","Inc_Muni":"Warminster Township","Uninc_Comm":"","Nbrhd_Comm":"","AddNum_Pre":"","Add_Number":"15","AddNum_Suf":"","St_PreMod":"","St_PreDir":"","St_PreTyp":"","St_PreSep":"","St_Name":"ALLEN","St_PosTyp":"STREET","St_PosDir":"","St_PosMod":"","Lst_PreDir":"","Lst_Name":"ALLEN","Lst_Type":"ST","LstPosDir":"","ESN":"51","MSAGComm":"WARMINSTER TOWNSHIP","Post_Comm":"WARMINSTER","Post_Code":"18974","Post_Code4":"","Building":"","Floor":" ","Unit":" ","Room":"","Seat":" ","Addtl_Loc":" ","LandmkName":" ","Mile_Post":" ","Place_Type":" ","Placement":" ","Long":-75.08868132,"Lat":40.18784567,"Elev":"0","ParcelID":"49-009-028-013","Full_Addr":"15 ALLEN ST","Comment":" ","Purpose":null,"DiscrpAgID":"buckscounty.org","created_user":null,"created_date":null,"last_edited_user":"DGALLOWAY","gc_exception":"","ADDRGUID":null,"RDNAME":"ALLEN ST"}},{"type":"Feature","id":238164,"geometry":{"type":"Point","coordinates":[-75.0885409259492,40.1879132043885]},"properties":{"OBJECTID":238164,"Source":"","DateUpdate":"Tue, 12 Nov 2024 10:04:37 GMT","Effective":"Wed, 01 Jan 2020 00:00:01 GMT","Expire":"Sat, 01 Jan 2050 00:00:01 GMT","Site_NGUID":"SSAP23851419ALLENST@buckscounty.org","Country":"US","State":"PA","County":"Bucks County","AddCode":"","AddDataURI":"","Inc_Muni":"Warminster Township","Uninc_Comm":"","Nbrhd_Comm":"","AddNum_Pre":"","Add_Number":"19","AddNum_Suf":"","St_PreMod":"","St_PreDir":"","St_PreTyp":"","St_PreSep":"","St_Name":"ALLEN","St_PosTyp":"STREET","St_PosDir":"","St_PosMod":"","Lst_PreDir":"","Lst_Name":"ALLEN","Lst_Type":"ST","LstPosDir":"","ESN":"51","MSAGComm":"WARMINSTER TOWNSHIP","Post_Comm":"WARMINSTER","Post_Code":"18974","Post_Code4":"","Building":"","Floor":" ","Unit":" ","Room":"","Seat":" ","Addtl_Loc":" ","LandmkName":" ","Mile_Post":" ","Place_Type":" ","Placement":" ","Long":-75.08853916,"Lat":40.18790509,"Elev":"0","ParcelID":"49-009-028-013","Full_Addr":"19 ALLEN ST","Comment":" ","Purpose":null,"DiscrpAgID":"buckscounty.org","created_user":null,"created_date":null,"last_edited_user":"DGALLOWAY","gc_exception":"","ADDRGUID":null,"RDNAME":"ALLEN ST"}},{"type":"Feature","id":238165,"geometry":{"type":"Point","coordinates":[-75.0890800492095,40.1874050464222]},"properties":{"OBJECTID":238165,"Source":"","DateUpdate":"Tue, 12 Nov 2024 10:04:37 GMT","Effective":"Wed, 01 Jan 2020 00:00:01 GMT","Expire":"Sat, 01 Jan 2050 00:00:01 GMT","Site_NGUID":"SSAP2385152ALLENST@buckscounty.org","Country":"US","State":"PA","County":"Bucks County","AddCode":"","AddDataURI":"","Inc_Muni":"Warminster Township","Uninc_Comm":"","Nbrhd_Comm":"","AddNum_Pre":"","Add_Number":"2","AddNum_Suf":"","St_PreMod":"","St_PreDir":"","St_PreTyp":"","St_PreSep":"","St_Name":"ALLEN","St_PosTyp":"STREET","St_PosDir":"","St_PosMod":"","Lst_PreDir":"","Lst_Name":"ALLEN","Lst_Type":"ST","LstPosDir":"","ESN":"51","MSAGComm":"WARMINSTER TOWNSHIP","Post_Comm":"WARMINSTER","Post_Code":"18974","Post_Code4":"","Building":"","Floor":" ","Unit":" ","Room":"","Seat":" ","Addtl_Loc":" ","LandmkName":" ","Mile_Post":" ","Place_Type":" ","Placement":" ","Long":-75.08907829,"Lat":40.18739693,"Elev":"0","ParcelID":"49-009-028-013","Full_Addr":"2 ALLEN ST","Comment":" ","Purpose":null,"DiscrpAgID":"buckscounty.org","created_user":null,"created_date":null,"last_edited_user":"DGALLOWAY","gc_exception":"","ADDRGUID":null,"RDNAME":"ALLEN ST"}},{"type":"Feature","id":238166,"geometry":{"type":"Point","coordinates":[-75.0890317708169,40.1874275850756]},"properties":{"OBJECTID":238166,"Source":"","DateUpdate":"Tue, 12 Nov 2024 10:04:37 GMT","Effective":"Wed, 01 Jan 2020 00:00:01 GMT","Expire":"Sat, 01 Jan 2050 00:00:01 GMT","Site_NGUID":"SSAP2385164ALLENST@buckscounty.org","Country":"US","State":"PA","County":"Bucks County","AddCode":"","AddDataURI":"","Inc_Muni":"Warminster Township","Uninc_Comm":"","Nbrhd_Comm":"","AddNum_Pre":"","Add_Number":"4","AddNum_Suf":"","St_PreMod":"","St_PreDir":"","St_PreTyp":"","St_PreSep":"","St_Name":"ALLEN","St_PosTyp":"STREET","St_PosDir":"","St_PosMod":"","Lst_PreDir":"","Lst_Name":"ALLEN","Lst_Type":"ST","LstPosDir":"","ESN":"51","MSAGComm":"WARMINSTER TOWNSHIP","Post_Comm":"WARMINSTER","Post_Code":"18974","Post_Code4":"","Building":"","Floor":" ","Unit":" ","Room":"","Seat":" ","Addtl_Loc":" ","LandmkName":" ","Mile_Post":" ","Place_Type":" ","Placement":" ","Long":-75.08903001,"Lat":40.18741947,"Elev":"0","ParcelID":"49-009-028-013","Full_Addr":"4 ALLEN ST","Comment":" ","Purpose":null,"DiscrpAgID":"buckscounty.org","created_user":null,"created_date":null,"last_edited_user":"DGALLOWAY","gc_exception":"","ADDRGUID":null,"RDNAME":"ALLEN ST"}},{"type":"Feature","id":238167,"geometry":{"type":"Point","coordinates":[-75.0889620332932,40.1874562727176]},"properties":{"OBJECTID":238167,"Source":"","DateUpdate":"Tue, 12 Nov 2024 10:04:37 GMT","Effective":"Wed, 01 Jan 2020 00:00:01 GMT","Expire":"Sat, 01 Jan 2050 00:00:01 GMT","Site_NGUID":"SSAP2385176ALLENST@buckscounty.org","Country":"US","State":"PA","County":"Bucks County","AddCode":"","AddDataURI":"","Inc_Muni":"Warminster Township","Uninc_Comm":"","Nbrhd_Comm":"","AddNum_Pre":"","Add_Number":"6","AddNum_Suf":"","St_PreMod":"","St_PreDir":"","St_PreTyp":"","St_PreSep":"","St_Name":"ALLEN","St_PosTyp":"STREET","St_PosDir":"","St_PosMod":"","Lst_PreDir":"","Lst_Name":"ALLEN","Lst_Type":"ST","LstPosDir":"","ESN":"51","MSAGComm":"WARMINSTER TOWNSHIP","Post_Comm":"WARMINSTER","Post_Code":"18974","Post_Code4":"","Building":"","Floor":" ","Unit":" ","Room":"","Seat":" ","Addtl_Loc":" ","LandmkName":" ","Mile_Post":" ","Place_Type":" ","Placement":" ","Long":-75.08896027,"Lat":40.18744816,"Elev":"0","ParcelID":"49-009-028-013","Full_Addr":"6 ALLEN ST","Comment":" ","Purpose":null,"DiscrpAgID":"buckscounty.org","created_user":null,"created_date":null,"last_edited_user":"DGALLOWAY","gc_exception":"","ADDRGUID":null,"RDNAME":"ALLEN ST"}},{"type":"Feature","id":238168,"geometry":{"type":"Point","coordinates":[-75.088892294572,40.1874849593899]},"properties":{"OBJECTID":238168,"Source":"","DateUpdate":"Tue, 12 Nov 2024 10:04:37 GMT","Effective":"Wed, 01 Jan 2020 00:00:01 GMT","Expire":"Sat, 01 Jan 2050 00:00:01 GMT","Site_NGUID":"SSAP2385188ALLENST@buckscounty.org","Country":"US","State":"PA","County":"Bucks County","AddCode":"","AddDataURI":"","Inc_Muni":"Warminster Township","Uninc_Comm":"","Nbrhd_Comm":"","AddNum_Pre":"","Add_Number":"8","AddNum_Suf":"","St_PreMod":"","St_PreDir":"","St_PreTyp":"","St_PreSep":"","St_Name":"ALLEN","St_PosTyp":"STREET","St_PosDir":"","St_PosMod":"","Lst_PreDir":"","Lst_Name":"ALLEN","Lst_Type":"ST","LstPosDir":"","ESN":"51","MSAGComm":"WARMINSTER TOWNSHIP","Post_Comm":"WARMINSTER","Post_Code":"18974","Post_Code4":"","Building":"","Floor":" ","Unit":" ","Room":"","Seat":" ","Addtl_Loc":" ","LandmkName":" ","Mile_Post":" ","Place_Type":" ","Placement":" ","Long":-75.08889053,"Lat":40.18747684,"Elev":"0","ParcelID":"49-009-028-013","Full_Addr":"8 ALLEN ST","Comment":" ","Purpose":null,"DiscrpAgID":"buckscounty.org","created_user":null,"created_date":null,"last_edited_user":"DGALLOWAY","gc_exception":"","ADDRGUID":null,"RDNAME":"ALLEN ST"}},{"type":"Feature","id":238169,"geometry":{"type":"Point","coordinates":[-75.0884604621184,40.1874255372705]},"properties":{"OBJECTID":238169,"Source":"","DateUpdate":"Tue, 12 Nov 2024 10:04:37 GMT","Effective":"Wed, 01 Jan 2020 00:00:01 GMT","Expire":"Sat, 01 Jan 2050 00:00:01 GMT","Site_NGUID":"SSAP2385192SHIELDST@buckscounty.org","Country":"US","State":"PA","County":"Bucks County","AddCode":"","AddDataURI":"","Inc_Muni":"Warminster Township","Uninc_Comm":"","Nbrhd_Comm":"","AddNum_Pre":"","Add_Number":"2","AddNum_Suf":"","St_PreMod":"","St_PreDir":"","St_PreTyp":"","St_PreSep":"","St_Name":"SHIELD","St_PosTyp":"STREET","St_PosDir":"","St_PosMod":"","Lst_PreDir":"","Lst_Name":"SHIELD","Lst_Type":"ST","LstPosDir":"","ESN":"51","MSAGComm":"WARMINSTER TOWNSHIP","Post_Comm":"WARMINSTER","Post_Code":"18974","Post_Code4":"","Building":"","Floor":" ","Unit":" ","Room":"","Seat":" ","Addtl_Loc":" ","LandmkName":" ","Mile_Post":" ","Place_Type":" ","Placement":" ","Long":-75.0884587,"Lat":40.18741742,"Elev":"0","ParcelID":"49-009-028-013","Full_Addr":"2 SHIELD ST","Comment":" ","Purpose":null,"DiscrpAgID":"buckscounty.org","created_user":null,"created_date":null,"last_edited_user":"DGALLOWAY","gc_exception":"","ADDRGUID":null,"RDNAME":"SHIELD ST"}},{"type":"Feature","id":238170,"geometry":{"type":"Point","coordinates":[-75.0884255915299,40.1873866058576]},"properties":{"OBJECTID":238170,"Source":"","DateUpdate":"Tue, 12 Nov 2024 10:04:37 GMT","Effective":"Wed, 01 Jan 2020 00:00:01 GMT","Expire":"Sat, 01 Jan 2050 00:00:01 GMT","Site_NGUID":"SSAP2385204SHIELDST@buckscounty.org","Country":"US","State":"PA","County":"Bucks County","AddCode":"","AddDataURI":"","Inc_Muni":"Warminster Township","Uninc_Comm":"","Nbrhd_Comm":"","AddNum_Pre":"","Add_Number":"4","AddNum_Suf":"","St_PreMod":"","St_PreDir":"","St_PreTyp":"","St_PreSep":"","St_Name":"SHIELD","St_PosTyp":"STREET","St_PosDir":"","St_PosMod":"","Lst_PreDir":"","Lst_Name":"SHIELD","Lst_Type":"ST","LstPosDir":"","ESN":"51","MSAGComm":"WARMINSTER TOWNSHIP","Post_Comm":"WARMINSTER","Post_Code":"18974","Post_Code4":"","Building":"","Floor":" ","Unit":" ","Room":"","Seat":" ","Addtl_Loc":" ","LandmkName":" ","Mile_Post":" ","Place_Type":" ","Placement":" ","Long":-75.08842383,"Lat":40.18737849,"Elev":"0","ParcelID":"49-009-028-013","Full_Addr":"4 SHIELD ST","Comment":" ","Purpose":null,"DiscrpAgID":"buckscounty.org","created_user":null,"created_date":null,"last_edited_user":"DGALLOWAY","gc_exception":"","ADDRGUID":null,"RDNAME":"SHIELD ST"}},{"type":"Feature","id":238171,"geometry":{"type":"Point","coordinates":[-75.0883880417919,40.1873312813704]},"properties":{"OBJECTID":238171,"Source":"","DateUpdate":"Tue, 12 Nov 2024 10:04:37 GMT","Effective":"Wed, 01 Jan 2020 00:00:01 GMT","Expire":"Sat, 01 Jan 2050 00:00:01 GMT","Site_NGUID":"SSAP2385216SHIELDST@buckscounty.org","Country":"US","State":"PA","County":"Bucks County","AddCode":"","AddDataURI":"","Inc_Muni":"Warminster Township","Uninc_Comm":"","Nbrhd_Comm":"","AddNum_Pre":"","Add_Number":"6","AddNum_Suf":"","St_PreMod":"","St_PreDir":"","St_PreTyp":"","St_PreSep":"","St_Name":"SHIELD","St_PosTyp":"STREET","St_PosDir":"","St_PosMod":"","Lst_PreDir":"","Lst_Name":"SHIELD","Lst_Type":"ST","LstPosDir":"","ESN":"51","MSAGComm":"WARMINSTER TOWNSHIP","Post_Comm":"WARMINSTER","Post_Code":"18974","Post_Code4":"","Building":"","Floor":" ","Unit":" ","Room":"","Seat":" ","Addtl_Loc":" ","LandmkName":" ","Mile_Post":" ","Place_Type":" ","Placement":" ","Long":-75.08838628,"Lat":40.18732317,"Elev":"0","ParcelID":"49-009-028-013","Full_Addr":"6 SHIELD ST","Comment":" ","Purpose":null,"DiscrpAgID":"buckscounty.org","created_user":null,"created_date":null,"last_edited_user":"DGALLOWAY","gc_exception":"","ADDRGUID":null,"RDNAME":"SHIELD ST"}},{"type":"Feature","id":238172,"geometry":{"type":"Point","coordinates":[-75.0883478078428,40.1872862025543]},"properties":{"OBJECTID":238172,"Source":"","DateUpdate":"Tue, 12 Nov 2024 10:04:37 GMT","Effective":"Wed, 01 Jan 2020 00:00:01 GMT","Expire":"Sat, 01 Jan 2050 00:00:01 GMT","Site_NGUID":"SSAP2385228SHIELDST@buckscounty.org","Country":"US","State":"PA","County":"Bucks County","AddCode":"","AddDataURI":"","Inc_Muni":"Warminster Township","Uninc_Comm":"","Nbrhd_Comm":"","AddNum_Pre":"","Add_Number":"8","AddNum_Suf":"","St_PreMod":"","St_PreDir":"","St_PreTyp":"","St_PreSep":"","St_Name":"SHIELD","St_PosTyp":"STREET","St_PosDir":"","St_PosMod":"","Lst_PreDir":"","Lst_Name":"SHIELD","Lst_Type":"ST","LstPosDir":"","ESN":"51","MSAGComm":"WARMINSTER TOWNSHIP","Post_Comm":"WARMINSTER","Post_Code":"18974","Post_Code4":"","Building":"","Floor":" ","Unit":" ","Room":"","Seat":" ","Addtl_Loc":" ","LandmkName":" ","Mile_Post":" ","Place_Type":" ","Placement":" ","Long":-75.08834605,"Lat":40.18727809,"Elev":"0","ParcelID":"49-009-028-013","Full_Addr":"8 SHIELD ST","Comment":" ","Purpose":null,"DiscrpAgID":"buckscounty.org","created_user":null,"created_date":null,"last_edited_user":"DGALLOWAY","gc_exception":"","ADDRGUID":null,"RDNAME":"SHIELD ST"}},{"type":"Feature","id":238173,"geometry":{"type":"Point","coordinates":[-75.0883156221851,40.1872390743716]},"properties":{"OBJECTID":238173,"Source":"","DateUpdate":"Tue, 12 Nov 2024 10:04:37 GMT","Effective":"Wed, 01 Jan 2020 00:00:01 GMT","Expire":"Sat, 01 Jan 2050 00:00:01 GMT","Site_NGUID":"SSAP23852310SHIELDST@buckscounty.org","Country":"US","State":"PA","County":"Bucks County","AddCode":"","AddDataURI":"","Inc_Muni":"Warminster Township","Uninc_Comm":"","Nbrhd_Comm":"","AddNum_Pre":"","Add_Number":"10","AddNum_Suf":"","St_PreMod":"","St_PreDir":"","St_PreTyp":"","St_PreSep":"","St_Name":"SHIELD","St_PosTyp":"STREET","St_PosDir":"","St_PosMod":"","Lst_PreDir":"","Lst_Name":"SHIELD","Lst_Type":"ST","LstPosDir":"","ESN":"51","MSAGComm":"WARMINSTER TOWNSHIP","Post_Comm":"WARMINSTER","Post_Code":"18974","Post_Code4":"","Building":"","Floor":" ","Unit":" ","Room":"","Seat":" ","Addtl_Loc":" ","LandmkName":" ","Mile_Post":" ","Place_Type":" ","Placement":" ","Long":-75.08831386,"Lat":40.18723096,"Elev":"0","ParcelID":"49-009-028-013","Full_Addr":"10 SHIELD ST","Comment":" ","Purpose":null,"DiscrpAgID":"buckscounty.org","created_user":null,"created_date":null,"last_edited_user":"DGALLOWAY","gc_exception":"","ADDRGUID":null,"RDNAME":"SHIELD ST"}},{"type":"Feature","id":238174,"geometry":{"type":"Point","coordinates":[-75.0882834347773,40.1871939941728]},"properties":{"OBJECTID":238174,"Source":"","DateUpdate":"Tue, 12 Nov 2024 10:04:37 GMT","Effective":"Wed, 01 Jan 2020 00:00:01 GMT","Expire":"Sat, 01 Jan 2050 00:00:01 GMT","Site_NGUID":"SSAP23852412SHIELDST@buckscounty.org","Country":"US","State":"PA","County":"Bucks County","AddCode":"","AddDataURI":"","Inc_Muni":"Warminster Township","Uninc_Comm":"","Nbrhd_Comm":"","AddNum_Pre":"","Add_Number":"12","AddNum_Suf":"","St_PreMod":"","St_PreDir":"","St_PreTyp":"","St_PreSep":"","St_Name":"SHIELD","St_PosTyp":"STREET","St_PosDir":"","St_PosMod":"","Lst_PreDir":"","Lst_Name":"SHIELD","Lst_Type":"ST","LstPosDir":"","ESN":"51","MSAGComm":"WARMINSTER TOWNSHIP","Post_Comm":"WARMINSTER","Post_Code":"18974","Post_Code4":"","Building":"","Floor":" ","Unit":" ","Room":"","Seat":" ","Addtl_Loc":" ","LandmkName":" ","Mile_Post":" ","Place_Type":" ","Placement":" ","Long":-75.08828167,"Lat":40.18718588,"Elev":"0","ParcelID":"49-009-028-013","Full_Addr":"12 SHIELD ST","Comment":" ","Purpose":null,"DiscrpAgID":"buckscounty.org","created_user":null,"created_date":null,"last_edited_user":"DGALLOWAY","gc_exception":"","ADDRGUID":null,"RDNAME":"SHIELD ST"}},{"type":"Feature","id":238175,"geometry":{"type":"Point","coordinates":[-75.0886884478591,40.1872718581795]},"properties":{"OBJECTID":238175,"Source":"","DateUpdate":"Tue, 12 Nov 2024 10:04:37 GMT","Effective":"Wed, 01 Jan 2020 00:00:01 GMT","Expire":"Sat, 01 Jan 2050 00:00:01 GMT","Site_NGUID":"SSAP2385251SHIELDST@buckscounty.org","Country":"US","State":"PA","County":"Bucks County","AddCode":"","AddDataURI":"","Inc_Muni":"Warminster Township","Uninc_Comm":"","Nbrhd_Comm":"","AddNum_Pre":"","Add_Number":"1","AddNum_Suf":"","St_PreMod":"","St_PreDir":"","St_PreTyp":"","St_PreSep":"","St_Name":"SHIELD","St_PosTyp":"STREET","St_PosDir":"","St_PosMod":"","Lst_PreDir":"","Lst_Name":"SHIELD","Lst_Type":"ST","LstPosDir":"","ESN":"51","MSAGComm":"WARMINSTER TOWNSHIP","Post_Comm":"WARMINSTER","Post_Code":"18974","Post_Code4":"","Building":"","Floor":" ","Unit":" ","Room":"","Seat":" ","Addtl_Loc":" ","LandmkName":" ","Mile_Post":" ","Place_Type":" ","Placement":" ","Long":-75.08868669,"Lat":40.18726374,"Elev":"0","ParcelID":"49-009-028-013","Full_Addr":"1 SHIELD ST","Comment":" ","Purpose":null,"DiscrpAgID":"buckscounty.org","created_user":null,"created_date":null,"last_edited_user":"DGALLOWAY","gc_exception":"","ADDRGUID":null,"RDNAME":"SHIELD ST"}},{"type":"Feature","id":238176,"geometry":{"type":"Point","coordinates":[-75.0886562611383,40.1872308786809]},"properties":{"OBJECTID":238176,"Source":"","DateUpdate":"Tue, 12 Nov 2024 10:04:37 GMT","Effective":"Wed, 01 Jan 2020 00:00:01 GMT","Expire":"Sat, 01 Jan 2050 00:00:01 GMT","Site_NGUID":"SSAP2385263SHIELDST@buckscounty.org","Country":"US","State":"PA","County":"Bucks County","AddCode":"","AddDataURI":"","Inc_Muni":"Warminster Township","Uninc_Comm":"","Nbrhd_Comm":"","AddNum_Pre":"","Add_Number":"3","AddNum_Suf":"","St_PreMod":"","St_PreDir":"","St_PreTyp":"","St_PreSep":"","St_Name":"SHIELD","St_PosTyp":"STREET","St_PosDir":"","St_PosMod":"","Lst_PreDir":"","Lst_Name":"SHIELD","Lst_Type":"ST","LstPosDir":"","ESN":"51","MSAGComm":"WARMINSTER TOWNSHIP","Post_Comm":"WARMINSTER","Post_Code":"18974","Post_Code4":"","Building":"","Floor":" ","Unit":" ","Room":"","Seat":" ","Addtl_Loc":" ","LandmkName":" ","Mile_Post":" ","Place_Type":" ","Placement":" ","Long":-75.0886545,"Lat":40.18722276,"Elev":"0","ParcelID":"49-009-028-013","Full_Addr":"3 SHIELD ST","Comment":" ","Purpose":null,"DiscrpAgID":"buckscounty.org","created_user":null,"created_date":null,"last_edited_user":"DGALLOWAY","gc_exception":"","ADDRGUID":null,"RDNAME":"SHIELD ST"}},{"type":"Feature","id":238177,"geometry":{"type":"Point","coordinates":[-75.0886187084386,40.1871919465866]},"properties":{"OBJECTID":238177,"Source":"","DateUpdate":"Tue, 12 Nov 2024 10:04:37 GMT","Effective":"Wed, 01 Jan 2020 00:00:01 GMT","Expire":"Sat, 01 Jan 2050 00:00:01 GMT","Site_NGUID":"SSAP2385275SHIELDST@buckscounty.org","Country":"US","State":"PA","County":"Bucks County","AddCode":"","AddDataURI":"","Inc_Muni":"Warminster Township","Uninc_Comm":"","Nbrhd_Comm":"","AddNum_Pre":"","Add_Number":"5","AddNum_Suf":"","St_PreMod":"","St_PreDir":"","St_PreTyp":"","St_PreSep":"","St_Name":"SHIELD","St_PosTyp":"STREET","St_PosDir":"","St_PosMod":"","Lst_PreDir":"","Lst_Name":"SHIELD","Lst_Type":"ST","LstPosDir":"","ESN":"51","MSAGComm":"WARMINSTER TOWNSHIP","Post_Comm":"WARMINSTER","Post_Code":"18974","Post_Code4":"","Building":"","Floor":" ","Unit":" ","Room":"","Seat":" ","Addtl_Loc":" ","LandmkName":" ","Mile_Post":" ","Place_Type":" ","Placement":" ","Long":-75.08861695,"Lat":40.18718383,"Elev":"0","ParcelID":"49-009-028-013","Full_Addr":"5 SHIELD ST","Comment":" ","Purpose":null,"DiscrpAgID":"buckscounty.org","created_user":null,"created_date":null,"last_edited_user":"DGALLOWAY","gc_exception":"","ADDRGUID":null,"RDNAME":"SHIELD ST"}},{"type":"Feature","id":238178,"geometry":{"type":"Point","coordinates":[-75.0885865231636,40.1871468674267]},"properties":{"OBJECTID":238178,"Source":"","DateUpdate":"Tue, 12 Nov 2024 10:04:37 GMT","Effective":"Wed, 01 Jan 2020 00:00:01 GMT","Expire":"Sat, 01 Jan 2050 00:00:01 GMT","Site_NGUID":"SSAP2385287SHIELDST@buckscounty.org","Country":"US","State":"PA","County":"Bucks County","AddCode":"","AddDataURI":"","Inc_Muni":"Warminster Township","Uninc_Comm":"","Nbrhd_Comm":"","AddNum_Pre":"","Add_Number":"7","AddNum_Suf":"","St_PreMod":"","St_PreDir":"","St_PreTyp":"","St_PreSep":"","St_Name":"SHIELD","St_PosTyp":"STREET","St_PosDir":"","St_PosMod":"","Lst_PreDir":"","Lst_Name":"SHIELD","Lst_Type":"ST","LstPosDir":"","ESN":"51","MSAGComm":"WARMINSTER TOWNSHIP","Post_Comm":"WARMINSTER","Post_Code":"18974","Post_Code4":"","Building":"","Floor":" ","Unit":" ","Room":"","Seat":" ","Addtl_Loc":" ","LandmkName":" ","Mile_Post":" ","Place_Type":" ","Placement":" ","Long":-75.08858476,"Lat":40.18713875,"Elev":"0","ParcelID":"49-009-028-013","Full_Addr":"7 SHIELD ST","Comment":" ","Purpose":null,"DiscrpAgID":"buckscounty.org","created_user":null,"created_date":null,"last_edited_user":"DGALLOWAY","gc_exception":"","ADDRGUID":null,"RDNAME":"SHIELD ST"}},{"type":"Feature","id":238179,"geometry":{"type":"Point","coordinates":[-75.0885570209899,40.1871099838624]},"properties":{"OBJECTID":238179,"Source":"","DateUpdate":"Tue, 12 Nov 2024 10:04:37 GMT","Effective":"Wed, 01 Jan 2020 00:00:01 GMT","Expire":"Sat, 01 Jan 2050 00:00:01 GMT","Site_NGUID":"SSAP2385299SHIELDST@buckscounty.org","Country":"US","State":"PA","County":"Bucks County","AddCode":"","AddDataURI":"","Inc_Muni":"Warminster Township","Uninc_Comm":"","Nbrhd_Comm":"","AddNum_Pre":"","Add_Number":"9","AddNum_Suf":"","St_PreMod":"","St_PreDir":"","St_PreTyp":"","St_PreSep":"","St_Name":"SHIELD","St_PosTyp":"STREET","St_PosDir":"","St_PosMod":"","Lst_PreDir":"","Lst_Name":"SHIELD","Lst_Type":"ST","LstPosDir":"","ESN":"51","MSAGComm":"WARMINSTER TOWNSHIP","Post_Comm":"WARMINSTER","Post_Code":"18974","Post_Code4":"","Building":"","Floor":" ","Unit":" ","Room":"","Seat":" ","Addtl_Loc":" ","LandmkName":" ","Mile_Post":" ","Place_Type":" ","Placement":" ","Long":-75.08855526,"Lat":40.18710187,"Elev":"0","ParcelID":"49-009-028-013","Full_Addr":"9 SHIELD ST","Comment":" ","Purpose":null,"DiscrpAgID":"buckscounty.org","created_user":null,"created_date":null,"last_edited_user":"DGALLOWAY","gc_exception":"","ADDRGUID":null,"RDNAME":"SHIELD ST"}},{"type":"Feature","id":238180,"geometry":{"type":"Point","coordinates":[-75.0885248340966,40.1870628557103]},"properties":{"OBJECTID":238180,"Source":"","DateUpdate":"Tue, 12 Nov 2024 10:04:37 GMT","Effective":"Wed, 01 Jan 2020 00:00:01 GMT","Expire":"Sat, 01 Jan 2050 00:00:01 GMT","Site_NGUID":"SSAP23853011SHIELDST@buckscounty.org","Country":"US","State":"PA","County":"Bucks County","AddCode":"","AddDataURI":"","Inc_Muni":"Warminster Township","Uninc_Comm":"","Nbrhd_Comm":"","AddNum_Pre":"","Add_Number":"11","AddNum_Suf":"","St_PreMod":"","St_PreDir":"","St_PreTyp":"","St_PreSep":"","St_Name":"SHIELD","St_PosTyp":"STREET","St_PosDir":"","St_PosMod":"","Lst_PreDir":"","Lst_Name":"SHIELD","Lst_Type":"ST","LstPosDir":"","ESN":"51","MSAGComm":"WARMINSTER TOWNSHIP","Post_Comm":"WARMINSTER","Post_Code":"18974","Post_Code4":"","Building":"","Floor":" ","Unit":" ","Room":"","Seat":" ","Addtl_Loc":" ","LandmkName":" ","Mile_Post":" ","Place_Type":" ","Placement":" ","Long":-75.08852307,"Lat":40.18705474,"Elev":"0","ParcelID":"49-009-028-013","Full_Addr":"11 SHIELD ST","Comment":" ","Purpose":null,"DiscrpAgID":"buckscounty.org","created_user":null,"created_date":null,"last_edited_user":"DGALLOWAY","gc_exception":"","ADDRGUID":null,"RDNAME":"SHIELD ST"}},{"type":"Feature","id":238181,"geometry":{"type":"Point","coordinates":[-75.0893804572256,40.1872575154762]},"properties":{"OBJECTID":238181,"Source":"","DateUpdate":"Tue, 12 Nov 2024 10:04:37 GMT","Effective":"Wed, 01 Jan 2020 00:00:01 GMT","Expire":"Sat, 01 Jan 2050 00:00:01 GMT","Site_NGUID":"SSAP2385311RUSHST@buckscounty.org","Country":"US","State":"PA","County":"Bucks County","AddCode":"","AddDataURI":"","Inc_Muni":"Warminster Township","Uninc_Comm":"","Nbrhd_Comm":"","AddNum_Pre":"","Add_Number":"1","AddNum_Suf":"","St_PreMod":"","St_PreDir":"","St_PreTyp":"","St_PreSep":"","St_Name":"RUSH","St_PosTyp":"STREET","St_PosDir":"","St_PosMod":"","Lst_PreDir":"","Lst_Name":"RUSH","Lst_Type":"ST","LstPosDir":"","ESN":"51","MSAGComm":"WARMINSTER TOWNSHIP","Post_Comm":"WARMINSTER","Post_Code":"18974","Post_Code4":"","Building":"","Floor":" ","Unit":" ","Room":"","Seat":" ","Addtl_Loc":" ","LandmkName":" ","Mile_Post":" ","Place_Type":" ","Placement":" ","Long":-75.0893787,"Lat":40.1872494,"Elev":"0","ParcelID":"49-009-028-013","Full_Addr":"1 RUSH ST","Comment":" ","Purpose":null,"DiscrpAgID":"buckscounty.org","created_user":null,"created_date":null,"last_edited_user":"DGALLOWAY","gc_exception":"","ADDRGUID":null,"RDNAME":"RUSH ST"}},{"type":"Feature","id":238182,"geometry":{"type":"Point","coordinates":[-75.0893509522988,40.1872165341934]},"properties":{"OBJECTID":238182,"Source":"","DateUpdate":"Tue, 12 Nov 2024 10:04:37 GMT","Effective":"Wed, 01 Jan 2020 00:00:01 GMT","Expire":"Sat, 01 Jan 2050 00:00:01 GMT","Site_NGUID":"SSAP2385323RUSHST@buckscounty.org","Country":"US","State":"PA","County":"Bucks County","AddCode":"","AddDataURI":"","Inc_Muni":"Warminster Township","Uninc_Comm":"","Nbrhd_Comm":"","AddNum_Pre":"","Add_Number":"3","AddNum_Suf":"","St_PreMod":"","St_PreDir":"","St_PreTyp":"","St_PreSep":"","St_Name":"RUSH","St_PosTyp":"STREET","St_PosDir":"","St_PosMod":"","Lst_PreDir":"","Lst_Name":"RUSH","Lst_Type":"ST","LstPosDir":"","ESN":"51","MSAGComm":"WARMINSTER TOWNSHIP","Post_Comm":"WARMINSTER","Post_Code":"18974","Post_Code4":"","Building":"","Floor":" ","Unit":" ","Room":"","Seat":" ","Addtl_Loc":" ","LandmkName":" ","Mile_Post":" ","Place_Type":" ","Placement":" ","Long":-75.08934919,"Lat":40.18720842,"Elev":"0","ParcelID":"49-009-028-013","Full_Addr":"3 RUSH ST","Comment":" ","Purpose":null,"DiscrpAgID":"buckscounty.org","created_user":null,"created_date":null,"last_edited_user":"DGALLOWAY","gc_exception":"","ADDRGUID":null,"RDNAME":"RUSH ST"}},{"type":"Feature","id":238183,"geometry":{"type":"Point","coordinates":[-75.0893187663357,40.1871796518747]},"properties":{"OBJECTID":238183,"Source":"","DateUpdate":"Tue, 12 Nov 2024 10:04:37 GMT","Effective":"Wed, 01 Jan 2020 00:00:01 GMT","Expire":"Sat, 01 Jan 2050 00:00:01 GMT","Site_NGUID":"SSAP2385335RUSHST@buckscounty.org","Country":"US","State":"PA","County":"Bucks County","AddCode":"","AddDataURI":"","Inc_Muni":"Warminster Township","Uninc_Comm":"","Nbrhd_Comm":"","AddNum_Pre":"","Add_Number":"5","AddNum_Suf":"","St_PreMod":"","St_PreDir":"","St_PreTyp":"","St_PreSep":"","St_Name":"RUSH","St_PosTyp":"STREET","St_PosDir":"","St_PosMod":"","Lst_PreDir":"","Lst_Name":"RUSH","Lst_Type":"ST","LstPosDir":"","ESN":"51","MSAGComm":"WARMINSTER TOWNSHIP","Post_Comm":"WARMINSTER","Post_Code":"18974","Post_Code4":"","Building":"","Floor":" ","Unit":" ","Room":"","Seat":" ","Addtl_Loc":" ","LandmkName":" ","Mile_Post":" ","Place_Type":" ","Placement":" ","Long":-75.089317,"Lat":40.18717154,"Elev":"0","ParcelID":"49-009-028-013","Full_Addr":"5 RUSH ST","Comment":" ","Purpose":null,"DiscrpAgID":"buckscounty.org","created_user":null,"created_date":null,"last_edited_user":"DGALLOWAY","gc_exception":"","ADDRGUID":null,"RDNAME":"RUSH ST"}},{"type":"Feature","id":238184,"geometry":{"type":"Point","coordinates":[-75.0892892620277,40.1871407195234]},"properties":{"OBJECTID":238184,"Source":"","DateUpdate":"Tue, 12 Nov 2024 10:04:37 GMT","Effective":"Wed, 01 Jan 2020 00:00:01 GMT","Expire":"Sat, 01 Jan 2050 00:00:01 GMT","Site_NGUID":"SSAP2385347RUSHST@buckscounty.org","Country":"US","State":"PA","County":"Bucks County","AddCode":"","AddDataURI":"","Inc_Muni":"Warminster Township","Uninc_Comm":"","Nbrhd_Comm":"","AddNum_Pre":"","Add_Number":"7","AddNum_Suf":"","St_PreMod":"","St_PreDir":"","St_PreTyp":"","St_PreSep":"","St_Name":"RUSH","St_PosTyp":"STREET","St_PosDir":"","St_PosMod":"","Lst_PreDir":"","Lst_Name":"RUSH","Lst_Type":"ST","LstPosDir":"","ESN":"51","MSAGComm":"WARMINSTER TOWNSHIP","Post_Comm":"WARMINSTER","Post_Code":"18974","Post_Code4":"","Building":"","Floor":" ","Unit":" ","Room":"","Seat":" ","Addtl_Loc":" ","LandmkName":" ","Mile_Post":" ","Place_Type":" ","Placement":" ","Long":-75.0892875,"Lat":40.18713261,"Elev":"0","ParcelID":"49-009-028-013","Full_Addr":"7 RUSH ST","Comment":" ","Purpose":null,"DiscrpAgID":"buckscounty.org","created_user":null,"created_date":null,"last_edited_user":"DGALLOWAY","gc_exception":"","ADDRGUID":null,"RDNAME":"RUSH ST"}},{"type":"Feature","id":238185,"geometry":{"type":"Point","coordinates":[-75.0891283281679,40.1869378636218]},"properties":{"OBJECTID":238185,"Source":"","DateUpdate":"Tue, 12 Nov 2024 10:04:37 GMT","Effective":"Wed, 01 Jan 2020 00:00:01 GMT","Expire":"Sat, 01 Jan 2050 00:00:01 GMT","Site_NGUID":"SSAP2385359RUSHST@buckscounty.org","Country":"US","State":"PA","County":"Bucks County","AddCode":"","AddDataURI":"","Inc_Muni":"Warminster Township","Uninc_Comm":"","Nbrhd_Comm":"","AddNum_Pre":"","Add_Number":"9","AddNum_Suf":"","St_PreMod":"","St_PreDir":"","St_PreTyp":"","St_PreSep":"","St_Name":"RUSH","St_PosTyp":"STREET","St_PosDir":"","St_PosMod":"","Lst_PreDir":"","Lst_Name":"RUSH","Lst_Type":"ST","LstPosDir":"","ESN":"51","MSAGComm":"WARMINSTER TOWNSHIP","Post_Comm":"WARMINSTER","Post_Code":"18974","Post_Code4":"","Building":"","Floor":" ","Unit":" ","Room":"","Seat":" ","Addtl_Loc":" ","LandmkName":" ","Mile_Post":" ","Place_Type":" ","Placement":" ","Long":-75.08912657,"Lat":40.18692975,"Elev":"0","ParcelID":"49-009-028-013","Full_Addr":"9 RUSH ST","Comment":" ","Purpose":null,"DiscrpAgID":"buckscounty.org","created_user":null,"created_date":null,"last_edited_user":"DGALLOWAY","gc_exception":"","ADDRGUID":null,"RDNAME":"RUSH ST"}},{"type":"Feature","id":238186,"geometry":{"type":"Point","coordinates":[-75.0890907788807,40.1868989317617]},"properties":{"OBJECTID":238186,"Source":"","DateUpdate":"Tue, 12 Nov 2024 10:04:37 GMT","Effective":"Wed, 01 Jan 2020 00:00:01 GMT","Expire":"Sat, 01 Jan 2050 00:00:01 GMT","Site_NGUID":"SSAP23853611RUSHST@buckscounty.org","Country":"US","State":"PA","County":"Bucks County","AddCode":"","AddDataURI":"","Inc_Muni":"Warminster Township","Uninc_Comm":"","Nbrhd_Comm":"","AddNum_Pre":"","Add_Number":"11","AddNum_Suf":"","St_PreMod":"","St_PreDir":"","St_PreTyp":"","St_PreSep":"","St_Name":"RUSH","St_PosTyp":"STREET","St_PosDir":"","St_PosMod":"","Lst_PreDir":"","Lst_Name":"RUSH","Lst_Type":"ST","LstPosDir":"","ESN":"51","MSAGComm":"WARMINSTER TOWNSHIP","Post_Comm":"WARMINSTER","Post_Code":"18974","Post_Code4":"","Building":"","Floor":" ","Unit":" ","Room":"","Seat":" ","Addtl_Loc":" ","LandmkName":" ","Mile_Post":" ","Place_Type":" ","Placement":" ","Long":-75.08908902,"Lat":40.18689082,"Elev":"0","ParcelID":"49-009-028-013","Full_Addr":"11 RUSH ST","Comment":" ","Purpose":null,"DiscrpAgID":"buckscounty.org","created_user":null,"created_date":null,"last_edited_user":"DGALLOWAY","gc_exception":"","ADDRGUID":null,"RDNAME":"RUSH ST"}},{"type":"Feature","id":238187,"geometry":{"type":"Point","coordinates":[-75.0890639570393,40.1868559013123]},"properties":{"OBJECTID":238187,"Source":"","DateUpdate":"Tue, 12 Nov 2024 10:04:37 GMT","Effective":"Wed, 01 Jan 2020 00:00:01 GMT","Expire":"Sat, 01 Jan 2050 00:00:01 GMT","Site_NGUID":"SSAP23853713RUSHST@buckscounty.org","Country":"US","State":"PA","County":"Bucks County","AddCode":"","AddDataURI":"","Inc_Muni":"Warminster Township","Uninc_Comm":"","Nbrhd_Comm":"","AddNum_Pre":"","Add_Number":"13","AddNum_Suf":"","St_PreMod":"","St_PreDir":"","St_PreTyp":"","St_PreSep":"","St_Name":"RUSH","St_PosTyp":"STREET","St_PosDir":"","St_PosMod":"","Lst_PreDir":"","Lst_Name":"RUSH","Lst_Type":"ST","LstPosDir":"","ESN":"51","MSAGComm":"WARMINSTER TOWNSHIP","Post_Comm":"WARMINSTER","Post_Code":"18974","Post_Code4":"","Building":"","Floor":" ","Unit":" ","Room":"","Seat":" ","Addtl_Loc":" ","LandmkName":" ","Mile_Post":" ","Place_Type":" ","Placement":" ","Long":-75.0890622,"Lat":40.18684779,"Elev":"0","ParcelID":"49-009-028-013","Full_Addr":"13 RUSH ST","Comment":" ","Purpose":null,"DiscrpAgID":"buckscounty.org","created_user":null,"created_date":null,"last_edited_user":"DGALLOWAY","gc_exception":"","ADDRGUID":null,"RDNAME":"RUSH ST"}},{"type":"Feature","id":238188,"geometry":{"type":"Point","coordinates":[-75.0890344528894,40.1868210676629]},"properties":{"OBJECTID":238188,"Source":"","DateUpdate":"Tue, 12 Nov 2024 10:04:37 GMT","Effective":"Wed, 01 Jan 2020 00:00:01 GMT","Expire":"Sat, 01 Jan 2050 00:00:01 GMT","Site_NGUID":"SSAP23853815RUSHST@buckscounty.org","Country":"US","State":"PA","County":"Bucks County","AddCode":"","AddDataURI":"","Inc_Muni":"Warminster Township","Uninc_Comm":"","Nbrhd_Comm":"","AddNum_Pre":"","Add_Number":"15","AddNum_Suf":"","St_PreMod":"","St_PreDir":"","St_PreTyp":"","St_PreSep":"","St_Name":"RUSH","St_PosTyp":"STREET","St_PosDir":"","St_PosMod":"","Lst_PreDir":"","Lst_Name":"RUSH","Lst_Type":"ST","LstPosDir":"","ESN":"51","MSAGComm":"WARMINSTER TOWNSHIP","Post_Comm":"WARMINSTER","Post_Code":"18974","Post_Code4":"","Building":"","Floor":" ","Unit":" ","Room":"","Seat":" ","Addtl_Loc":" ","LandmkName":" ","Mile_Post":" ","Place_Type":" ","Placement":" ","Long":-75.08903269,"Lat":40.18681295,"Elev":"0","ParcelID":"49-009-028-013","Full_Addr":"15 RUSH ST","Comment":" ","Purpose":null,"DiscrpAgID":"buckscounty.org","created_user":null,"created_date":null,"last_edited_user":"DGALLOWAY","gc_exception":"","ADDRGUID":null,"RDNAME":"RUSH ST"}},{"type":"Feature","id":238189,"geometry":{"type":"Point","coordinates":[-75.0889566675559,40.1871530143967]},"properties":{"OBJECTID":238189,"Source":"","DateUpdate":"Tue, 12 Nov 2024 10:04:37 GMT","Effective":"Wed, 01 Jan 2020 00:00:01 GMT","Expire":"Sat, 01 Jan 2050 00:00:01 GMT","Site_NGUID":"SSAP2385392RUSHST@buckscounty.org","Country":"US","State":"PA","County":"Bucks County","AddCode":"","AddDataURI":"","Inc_Muni":"Warminster Township","Uninc_Comm":"","Nbrhd_Comm":"","AddNum_Pre":"","Add_Number":"2","AddNum_Suf":"","St_PreMod":"","St_PreDir":"","St_PreTyp":"","St_PreSep":"","St_Name":"RUSH","St_PosTyp":"STREET","St_PosDir":"","St_PosMod":"","Lst_PreDir":"","Lst_Name":"RUSH","Lst_Type":"ST","LstPosDir":"","ESN":"51","MSAGComm":"WARMINSTER TOWNSHIP","Post_Comm":"WARMINSTER","Post_Code":"18974","Post_Code4":"","Building":"","Floor":" ","Unit":" ","Room":"","Seat":" ","Addtl_Loc":" ","LandmkName":" ","Mile_Post":" ","Place_Type":" ","Placement":" ","Long":-75.08895491,"Lat":40.1871449,"Elev":"0","ParcelID":"49-009-028-013","Full_Addr":"2 RUSH ST","Comment":" ","Purpose":null,"DiscrpAgID":"buckscounty.org","created_user":null,"created_date":null,"last_edited_user":"DGALLOWAY","gc_exception":"","ADDRGUID":null,"RDNAME":"RUSH ST"}},{"type":"Feature","id":238190,"geometry":{"type":"Point","coordinates":[-75.0889164350797,40.1871099838531]},"properties":{"OBJECTID":238190,"Source":"","DateUpdate":"Tue, 12 Nov 2024 10:04:37 GMT","Effective":"Wed, 01 Jan 2020 00:00:01 GMT","Expire":"Sat, 01 Jan 2050 00:00:01 GMT","Site_NGUID":"SSAP2385404RUSHST@buckscounty.org","Country":"US","State":"PA","County":"Bucks County","AddCode":"","AddDataURI":"","Inc_Muni":"Warminster Township","Uninc_Comm":"","Nbrhd_Comm":"","AddNum_Pre":"","Add_Number":"4","AddNum_Suf":"","St_PreMod":"","St_PreDir":"","St_PreTyp":"","St_PreSep":"","St_Name":"RUSH","St_PosTyp":"STREET","St_PosDir":"","St_PosMod":"","Lst_PreDir":"","Lst_Name":"RUSH","Lst_Type":"ST","LstPosDir":"","ESN":"51","MSAGComm":"WARMINSTER TOWNSHIP","Post_Comm":"WARMINSTER","Post_Code":"18974","Post_Code4":"","Building":"","Floor":" ","Unit":" ","Room":"","Seat":" ","Addtl_Loc":" ","LandmkName":" ","Mile_Post":" ","Place_Type":" ","Placement":" ","Long":-75.08891467,"Lat":40.18710187,"Elev":"0","ParcelID":"49-009-028-013","Full_Addr":"4 RUSH ST","Comment":" ","Purpose":null,"DiscrpAgID":"buckscounty.org","created_user":null,"created_date":null,"last_edited_user":"DGALLOWAY","gc_exception":"","ADDRGUID":null,"RDNAME":"RUSH ST"}},{"type":"Feature","id":238191,"geometry":{"type":"Point","coordinates":[-75.0888842489716,40.1870669545969]},"properties":{"OBJECTID":238191,"Source":"","DateUpdate":"Tue, 12 Nov 2024 10:04:37 GMT","Effective":"Wed, 01 Jan 2020 00:00:01 GMT","Expire":"Sat, 01 Jan 2050 00:00:01 GMT","Site_NGUID":"SSAP2385416RUSHST@buckscounty.org","Country":"US","State":"PA","County":"Bucks County","AddCode":"","AddDataURI":"","Inc_Muni":"Warminster Township","Uninc_Comm":"","Nbrhd_Comm":"","AddNum_Pre":"","Add_Number":"6","AddNum_Suf":"","St_PreMod":"","St_PreDir":"","St_PreTyp":"","St_PreSep":"","St_Name":"RUSH","St_PosTyp":"STREET","St_PosDir":"","St_PosMod":"","Lst_PreDir":"","Lst_Name":"RUSH","Lst_Type":"ST","LstPosDir":"","ESN":"51","MSAGComm":"WARMINSTER TOWNSHIP","Post_Comm":"WARMINSTER","Post_Code":"18974","Post_Code4":"","Building":"","Floor":" ","Unit":" ","Room":"","Seat":" ","Addtl_Loc":" ","LandmkName":" ","Mile_Post":" ","Place_Type":" ","Placement":" ","Long":-75.08888249,"Lat":40.18705884,"Elev":"0","ParcelID":"49-009-028-013","Full_Addr":"6 RUSH ST","Comment":" ","Purpose":null,"DiscrpAgID":"buckscounty.org","created_user":null,"created_date":null,"last_edited_user":"DGALLOWAY","gc_exception":"","ADDRGUID":null,"RDNAME":"RUSH ST"}},{"type":"Feature","id":238192,"geometry":{"type":"Point","coordinates":[-75.0888466963372,40.1870239247081]},"properties":{"OBJECTID":238192,"Source":"","DateUpdate":"Tue, 12 Nov 2024 10:04:37 GMT","Effective":"Wed, 01 Jan 2020 00:00:01 GMT","Expire":"Sat, 01 Jan 2050 00:00:01 GMT","Site_NGUID":"SSAP2385428RUSHST@buckscounty.org","Country":"US","State":"PA","County":"Bucks County","AddCode":"","AddDataURI":"","Inc_Muni":"Warminster Township","Uninc_Comm":"","Nbrhd_Comm":"","AddNum_Pre":"","Add_Number":"8","AddNum_Suf":"","St_PreMod":"","St_PreDir":"","St_PreTyp":"","St_PreSep":"","St_Name":"RUSH","St_PosTyp":"STREET","St_PosDir":"","St_PosMod":"","Lst_PreDir":"","Lst_Name":"RUSH","Lst_Type":"ST","LstPosDir":"","ESN":"51","MSAGComm":"WARMINSTER TOWNSHIP","Post_Comm":"WARMINSTER","Post_Code":"18974","Post_Code4":"","Building":"","Floor":" ","Unit":" ","Room":"","Seat":" ","Addtl_Loc":" ","LandmkName":" ","Mile_Post":" ","Place_Type":" ","Placement":" ","Long":-75.08884493,"Lat":40.18701581,"Elev":"0","ParcelID":"49-009-028-013","Full_Addr":"8 RUSH ST","Comment":" ","Purpose":null,"DiscrpAgID":"buckscounty.org","created_user":null,"created_date":null,"last_edited_user":"DGALLOWAY","gc_exception":"","ADDRGUID":null,"RDNAME":"RUSH ST"}},{"type":"Feature","id":238193,"geometry":{"type":"Point","coordinates":[-75.0888118282593,40.1869808937964]},"properties":{"OBJECTID":238193,"Source":"","DateUpdate":"Tue, 12 Nov 2024 10:04:37 GMT","Effective":"Wed, 01 Jan 2020 00:00:01 GMT","Expire":"Sat, 01 Jan 2050 00:00:01 GMT","Site_NGUID":"SSAP23854310RUSHST@buckscounty.org","Country":"US","State":"PA","County":"Bucks County","AddCode":"","AddDataURI":"","Inc_Muni":"Warminster Township","Uninc_Comm":"","Nbrhd_Comm":"","AddNum_Pre":"","Add_Number":"10","AddNum_Suf":"","St_PreMod":"","St_PreDir":"","St_PreTyp":"","St_PreSep":"","St_Name":"RUSH","St_PosTyp":"STREET","St_PosDir":"","St_PosMod":"","Lst_PreDir":"","Lst_Name":"RUSH","Lst_Type":"ST","LstPosDir":"","ESN":"51","MSAGComm":"WARMINSTER TOWNSHIP","Post_Comm":"WARMINSTER","Post_Code":"18974","Post_Code4":"","Building":"","Floor":" ","Unit":" ","Room":"","Seat":" ","Addtl_Loc":" ","LandmkName":" ","Mile_Post":" ","Place_Type":" ","Placement":" ","Long":-75.08881007,"Lat":40.18697278,"Elev":"0","ParcelID":"49-009-028-013","Full_Addr":"10 RUSH ST","Comment":" ","Purpose":null,"DiscrpAgID":"buckscounty.org","created_user":null,"created_date":null,"last_edited_user":"DGALLOWAY","gc_exception":"","ADDRGUID":null,"RDNAME":"RUSH ST"}},{"type":"Feature","id":238194,"geometry":{"type":"Point","coordinates":[-75.0887796411405,40.186937863583]},"properties":{"OBJECTID":238194,"Source":"","DateUpdate":"Tue, 12 Nov 2024 10:04:37 GMT","Effective":"Wed, 01 Jan 2020 00:00:01 GMT","Expire":"Sat, 01 Jan 2050 00:00:01 GMT","Site_NGUID":"SSAP23854412RUSHST@buckscounty.org","Country":"US","State":"PA","County":"Bucks County","AddCode":"","AddDataURI":"","Inc_Muni":"Warminster Township","Uninc_Comm":"","Nbrhd_Comm":"","AddNum_Pre":"","Add_Number":"12","AddNum_Suf":"","St_PreMod":"","St_PreDir":"","St_PreTyp":"","St_PreSep":"","St_Name":"RUSH","St_PosTyp":"STREET","St_PosDir":"","St_PosMod":"","Lst_PreDir":"","Lst_Name":"RUSH","Lst_Type":"ST","LstPosDir":"","ESN":"51","MSAGComm":"WARMINSTER TOWNSHIP","Post_Comm":"WARMINSTER","Post_Code":"18974","Post_Code4":"","Building":"","Floor":" ","Unit":" ","Room":"","Seat":" ","Addtl_Loc":" ","LandmkName":" ","Mile_Post":" ","Place_Type":" ","Placement":" ","Long":-75.08877788,"Lat":40.18692975,"Elev":"0","ParcelID":"49-009-028-013","Full_Addr":"12 RUSH ST","Comment":" ","Purpose":null,"DiscrpAgID":"buckscounty.org","created_user":null,"created_date":null,"last_edited_user":"DGALLOWAY","gc_exception":"","ADDRGUID":null,"RDNAME":"RUSH ST"}},{"type":"Feature","id":238195,"geometry":{"type":"Point","coordinates":[-75.0897868129645,40.1869112257887]},"properties":{"OBJECTID":238195,"Source":"","DateUpdate":"Tue, 12 Nov 2024 10:04:37 GMT","Effective":"Wed, 01 Jan 2020 00:00:01 GMT","Expire":"Sat, 01 Jan 2050 00:00:01 GMT","Site_NGUID":"SSAP2385452POTTERST@buckscounty.org","Country":"US","State":"PA","County":"Bucks County","AddCode":"","AddDataURI":"","Inc_Muni":"Warminster Township","Uninc_Comm":"","Nbrhd_Comm":"","AddNum_Pre":"","Add_Number":"2","AddNum_Suf":"","St_PreMod":"","St_PreDir":"","St_PreTyp":"","St_PreSep":"","St_Name":"POTTER","St_PosTyp":"STREET","St_PosDir":"","St_PosMod":"","Lst_PreDir":"","Lst_Name":"POTTER","Lst_Type":"ST","LstPosDir":"","ESN":"51","MSAGComm":"WARMINSTER TOWNSHIP","Post_Comm":"WARMINSTER","Post_Code":"18974","Post_Code4":"","Building":"","Floor":" ","Unit":" ","Room":"","Seat":" ","Addtl_Loc":" ","LandmkName":" ","Mile_Post":" ","Place_Type":" ","Placement":" ","Long":-75.08978505,"Lat":40.18690311,"Elev":"0","ParcelID":"49-009-028-013","Full_Addr":"2 POTTER ST","Comment":" ","Purpose":null,"DiscrpAgID":"buckscounty.org","created_user":null,"created_date":null,"last_edited_user":"DGALLOWAY","gc_exception":"","ADDRGUID":null,"RDNAME":"POTTER ST"}},{"type":"Feature","id":238196,"geometry":{"type":"Point","coordinates":[-75.089757307857,40.1868743433771]},"properties":{"OBJECTID":238196,"Source":"","DateUpdate":"Tue, 12 Nov 2024 10:04:37 GMT","Effective":"Wed, 01 Jan 2020 00:00:01 GMT","Expire":"Sat, 01 Jan 2050 00:00:01 GMT","Site_NGUID":"SSAP2385464POTTERST@buckscounty.org","Country":"US","State":"PA","County":"Bucks County","AddCode":"","AddDataURI":"","Inc_Muni":"Warminster Township","Uninc_Comm":"","Nbrhd_Comm":"","AddNum_Pre":"","Add_Number":"4","AddNum_Suf":"","St_PreMod":"","St_PreDir":"","St_PreTyp":"","St_PreSep":"","St_Name":"POTTER","St_PosTyp":"STREET","St_PosDir":"","St_PosMod":"","Lst_PreDir":"","Lst_Name":"POTTER","Lst_Type":"ST","LstPosDir":"","ESN":"51","MSAGComm":"WARMINSTER TOWNSHIP","Post_Comm":"WARMINSTER","Post_Code":"18974","Post_Code4":"","Building":"","Floor":" ","Unit":" ","Room":"","Seat":" ","Addtl_Loc":" ","LandmkName":" ","Mile_Post":" ","Place_Type":" ","Placement":" ","Long":-75.08975555,"Lat":40.18686623,"Elev":"0","ParcelID":"49-009-028-013","Full_Addr":"4 POTTER ST","Comment":" ","Purpose":null,"DiscrpAgID":"buckscounty.org","created_user":null,"created_date":null,"last_edited_user":"DGALLOWAY","gc_exception":"","ADDRGUID":null,"RDNAME":"POTTER ST"}},{"type":"Feature","id":238197,"geometry":{"type":"Point","coordinates":[-75.0897278039908,40.1868374600848]},"properties":{"OBJECTID":238197,"Source":"","DateUpdate":"Tue, 12 Nov 2024 10:04:37 GMT","Effective":"Wed, 01 Jan 2020 00:00:01 GMT","Expire":"Sat, 01 Jan 2050 00:00:01 GMT","Site_NGUID":"SSAP2385476POTTERST@buckscounty.org","Country":"US","State":"PA","County":"Bucks County","AddCode":"","AddDataURI":"","Inc_Muni":"Warminster Township","Uninc_Comm":"","Nbrhd_Comm":"","AddNum_Pre":"","Add_Number":"6","AddNum_Suf":"","St_PreMod":"","St_PreDir":"","St_PreTyp":"","St_PreSep":"","St_Name":"POTTER","St_PosTyp":"STREET","St_PosDir":"","St_PosMod":"","Lst_PreDir":"","Lst_Name":"POTTER","Lst_Type":"ST","LstPosDir":"","ESN":"51","MSAGComm":"WARMINSTER TOWNSHIP","Post_Comm":"WARMINSTER","Post_Code":"18974","Post_Code4":"","Building":"","Floor":" ","Unit":" ","Room":"","Seat":" ","Addtl_Loc":" ","LandmkName":" ","Mile_Post":" ","Place_Type":" ","Placement":" ","Long":-75.08972604,"Lat":40.186829349999996,"Elev":"0","ParcelID":"49-009-028-013","Full_Addr":"6 POTTER ST","Comment":" ","Purpose":null,"DiscrpAgID":"buckscounty.org","created_user":null,"created_date":null,"last_edited_user":"DGALLOWAY","gc_exception":"","ADDRGUID":null,"RDNAME":"POTTER ST"}},{"type":"Feature","id":238198,"geometry":{"type":"Point","coordinates":[-75.0896982984583,40.1867985269096]},"properties":{"OBJECTID":238198,"Source":"","DateUpdate":"Tue, 12 Nov 2024 10:04:37 GMT","Effective":"Wed, 01 Jan 2020 00:00:01 GMT","Expire":"Sat, 01 Jan 2050 00:00:01 GMT","Site_NGUID":"SSAP2385488POTTERST@buckscounty.org","Country":"US","State":"PA","County":"Bucks County","AddCode":"","AddDataURI":"","Inc_Muni":"Warminster Township","Uninc_Comm":"","Nbrhd_Comm":"","AddNum_Pre":"","Add_Number":"8","AddNum_Suf":"","St_PreMod":"","St_PreDir":"","St_PreTyp":"","St_PreSep":"","St_Name":"POTTER","St_PosTyp":"STREET","St_PosDir":"","St_PosMod":"","Lst_PreDir":"","Lst_Name":"POTTER","Lst_Type":"ST","LstPosDir":"","ESN":"51","MSAGComm":"WARMINSTER TOWNSHIP","Post_Comm":"WARMINSTER","Post_Code":"18974","Post_Code4":"","Building":"","Floor":" ","Unit":" ","Room":"","Seat":" ","Addtl_Loc":" ","LandmkName":" ","Mile_Post":" ","Place_Type":" ","Placement":" ","Long":-75.08969654,"Lat":40.18679041,"Elev":"0","ParcelID":"49-009-028-013","Full_Addr":"8 POTTER ST","Comment":" ","Purpose":null,"DiscrpAgID":"buckscounty.org","created_user":null,"created_date":null,"last_edited_user":"DGALLOWAY","gc_exception":"","ADDRGUID":null,"RDNAME":"POTTER ST"}},{"type":"Feature","id":238199,"geometry":{"type":"Point","coordinates":[-75.0859780761718,40.1862457917144]},"properties":{"OBJECTID":238199,"Source":"","DateUpdate":"Tue, 12 Nov 2024 10:04:37 GMT","Effective":"Wed, 01 Jan 2020 00:00:01 GMT","Expire":"Sat, 01 Jan 2050 00:00:01 GMT","Site_NGUID":"SSAP23854953GRIERST@buckscounty.org","Country":"US","State":"PA","County":"Bucks County","AddCode":"","AddDataURI":"","Inc_Muni":"Warminster Township","Uninc_Comm":"","Nbrhd_Comm":"","AddNum_Pre":"","Add_Number":"53","AddNum_Suf":"","St_PreMod":"","St_PreDir":"","St_PreTyp":"","St_PreSep":"","St_Name":"GRIER","St_PosTyp":"STREET","St_PosDir":"","St_PosMod":"","Lst_PreDir":"","Lst_Name":"GRIER","Lst_Type":"ST","LstPosDir":"","ESN":"51","MSAGComm":"WARMINSTER TOWNSHIP","Post_Comm":"WARMINSTER","Post_Code":"18974","Post_Code4":"","Building":"","Floor":" ","Unit":" ","Room":"","Seat":" ","Addtl_Loc":" ","LandmkName":" ","Mile_Post":" ","Place_Type":" ","Placement":" ","Long":-75.08597632,"Lat":40.18623768,"Elev":"0","ParcelID":"49-009-028-008","Full_Addr":"53 GRIER ST","Comment":" ","Purpose":null,"DiscrpAgID":"buckscounty.org","created_user":null,"created_date":null,"last_edited_user":"DGALLOWAY","gc_exception":"","ADDRGUID":null,"RDNAME":"GRIER ST"}},{"type":"Feature","id":238200,"geometry":{"type":"Point","coordinates":[-75.086030379282,40.1862212030315]},"properties":{"OBJECTID":238200,"Source":"","DateUpdate":"Tue, 12 Nov 2024 10:04:37 GMT","Effective":"Wed, 01 Jan 2020 00:00:01 GMT","Expire":"Sat, 01 Jan 2050 00:00:01 GMT","Site_NGUID":"SSAP23855051GRIERST@buckscounty.org","Country":"US","State":"PA","County":"Bucks County","AddCode":"","AddDataURI":"","Inc_Muni":"Warminster Township","Uninc_Comm":"","Nbrhd_Comm":"","AddNum_Pre":"","Add_Number":"51","AddNum_Suf":"","St_PreMod":"","St_PreDir":"","St_PreTyp":"","St_PreSep":"","St_Name":"GRIER","St_PosTyp":"STREET","St_PosDir":"","St_PosMod":"","Lst_PreDir":"","Lst_Name":"GRIER","Lst_Type":"ST","LstPosDir":"","ESN":"51","MSAGComm":"WARMINSTER TOWNSHIP","Post_Comm":"WARMINSTER","Post_Code":"18974","Post_Code4":"","Building":"","Floor":" ","Unit":" ","Room":"","Seat":" ","Addtl_Loc":" ","LandmkName":" ","Mile_Post":" ","Place_Type":" ","Placement":" ","Long":-75.08602862,"Lat":40.18621309,"Elev":"0","ParcelID":"49-009-028-008","Full_Addr":"51 GRIER ST","Comment":" ","Purpose":null,"DiscrpAgID":"buckscounty.org","created_user":null,"created_date":null,"last_edited_user":"DGALLOWAY","gc_exception":"","ADDRGUID":null,"RDNAME":"GRIER ST"}},{"type":"Feature","id":238201,"geometry":{"type":"Point","coordinates":[-75.0860907290002,40.1861955895609]},"properties":{"OBJECTID":238201,"Source":"","DateUpdate":"Tue, 12 Nov 2024 10:04:37 GMT","Effective":"Wed, 01 Jan 2020 00:00:01 GMT","Expire":"Sat, 01 Jan 2050 00:00:01 GMT","Site_NGUID":"SSAP23855149GRIERST@buckscounty.org","Country":"US","State":"PA","County":"Bucks County","AddCode":"","AddDataURI":"","Inc_Muni":"Warminster Township","Uninc_Comm":"","Nbrhd_Comm":"","AddNum_Pre":"","Add_Number":"49","AddNum_Suf":"","St_PreMod":"","St_PreDir":"","St_PreTyp":"","St_PreSep":"","St_Name":"GRIER","St_PosTyp":"STREET","St_PosDir":"","St_PosMod":"","Lst_PreDir":"","Lst_Name":"GRIER","Lst_Type":"ST","LstPosDir":"","ESN":"51","MSAGComm":"WARMINSTER TOWNSHIP","Post_Comm":"WARMINSTER","Post_Code":"18974","Post_Code4":"","Building":"","Floor":" ","Unit":" ","Room":"","Seat":" ","Addtl_Loc":" ","LandmkName":" ","Mile_Post":" ","Place_Type":" ","Placement":" ","Long":-75.08608897,"Lat":40.18618748,"Elev":"0","ParcelID":"49-009-028-008","Full_Addr":"49 GRIER ST","Comment":" ","Purpose":null,"DiscrpAgID":"buckscounty.org","created_user":null,"created_date":null,"last_edited_user":"DGALLOWAY","gc_exception":"","ADDRGUID":null,"RDNAME":"GRIER ST"}},{"type":"Feature","id":238202,"geometry":{"type":"Point","coordinates":[-75.0861416893327,40.1861740737952]},"properties":{"OBJECTID":238202,"Source":"","DateUpdate":"Tue, 12 Nov 2024 10:04:37 GMT","Effective":"Wed, 01 Jan 2020 00:00:01 GMT","Expire":"Sat, 01 Jan 2050 00:00:01 GMT","Site_NGUID":"SSAP23855247GRIERST@buckscounty.org","Country":"US","State":"PA","County":"Bucks County","AddCode":"","AddDataURI":"","Inc_Muni":"Warminster Township","Uninc_Comm":"","Nbrhd_Comm":"","AddNum_Pre":"","Add_Number":"47","AddNum_Suf":"","St_PreMod":"","St_PreDir":"","St_PreTyp":"","St_PreSep":"","St_Name":"GRIER","St_PosTyp":"STREET","St_PosDir":"","St_PosMod":"","Lst_PreDir":"","Lst_Name":"GRIER","Lst_Type":"ST","LstPosDir":"","ESN":"51","MSAGComm":"WARMINSTER TOWNSHIP","Post_Comm":"WARMINSTER","Post_Code":"18974","Post_Code4":"","Building":"","Floor":" ","Unit":" ","Room":"","Seat":" ","Addtl_Loc":" ","LandmkName":" ","Mile_Post":" ","Place_Type":" ","Placement":" ","Long":-75.08613993,"Lat":40.18616596,"Elev":"0","ParcelID":"49-009-028-008","Full_Addr":"47 GRIER ST","Comment":" ","Purpose":null,"DiscrpAgID":"buckscounty.org","created_user":null,"created_date":null,"last_edited_user":"DGALLOWAY","gc_exception":"","ADDRGUID":null,"RDNAME":"GRIER ST"}},{"type":"Feature","id":238203,"geometry":{"type":"Point","coordinates":[-75.086196675235,40.1861505094216]},"properties":{"OBJECTID":238203,"Source":"","DateUpdate":"Tue, 12 Nov 2024 10:04:37 GMT","Effective":"Wed, 01 Jan 2020 00:00:01 GMT","Expire":"Sat, 01 Jan 2050 00:00:01 GMT","Site_NGUID":"SSAP23855345GRIERST@buckscounty.org","Country":"US","State":"PA","County":"Bucks County","AddCode":"","AddDataURI":"","Inc_Muni":"Warminster Township","Uninc_Comm":"","Nbrhd_Comm":"","AddNum_Pre":"","Add_Number":"45","AddNum_Suf":"","St_PreMod":"","St_PreDir":"","St_PreTyp":"","St_PreSep":"","St_Name":"GRIER","St_PosTyp":"STREET","St_PosDir":"","St_PosMod":"","Lst_PreDir":"","Lst_Name":"GRIER","Lst_Type":"ST","LstPosDir":"","ESN":"51","MSAGComm":"WARMINSTER TOWNSHIP","Post_Comm":"WARMINSTER","Post_Code":"18974","Post_Code4":"","Building":"","Floor":" ","Unit":" ","Room":"","Seat":" ","Addtl_Loc":" ","LandmkName":" ","Mile_Post":" ","Place_Type":" ","Placement":" ","Long":-75.08619491,"Lat":40.1861424,"Elev":"0","ParcelID":"49-009-028-008","Full_Addr":"45 GRIER ST","Comment":" ","Purpose":null,"DiscrpAgID":"buckscounty.org","created_user":null,"created_date":null,"last_edited_user":"DGALLOWAY","gc_exception":"","ADDRGUID":null,"RDNAME":"GRIER ST"}},{"type":"Feature","id":238204,"geometry":{"type":"Point","coordinates":[-75.0856655990333,40.1863912757092]},"properties":{"OBJECTID":238204,"Source":"","DateUpdate":"Tue, 12 Nov 2024 10:04:37 GMT","Effective":"Wed, 01 Jan 2020 00:00:01 GMT","Expire":"Sat, 01 Jan 2050 00:00:01 GMT","Site_NGUID":"SSAP23855457GRIERST@buckscounty.org","Country":"US","State":"PA","County":"Bucks County","AddCode":"","AddDataURI":"","Inc_Muni":"Warminster Township","Uninc_Comm":"","Nbrhd_Comm":"","AddNum_Pre":"","Add_Number":"57","AddNum_Suf":"","St_PreMod":"","St_PreDir":"","St_PreTyp":"","St_PreSep":"","St_Name":"GRIER","St_PosTyp":"STREET","St_PosDir":"","St_PosMod":"","Lst_PreDir":"","Lst_Name":"GRIER","Lst_Type":"ST","LstPosDir":"","ESN":"51","MSAGComm":"WARMINSTER TOWNSHIP","Post_Comm":"WARMINSTER","Post_Code":"18974","Post_Code4":"","Building":"","Floor":" ","Unit":" ","Room":"","Seat":" ","Addtl_Loc":" ","LandmkName":" ","Mile_Post":" ","Place_Type":" ","Placement":" ","Long":-75.08566384,"Lat":40.18638316,"Elev":"0","ParcelID":"49-009-028-013","Full_Addr":"57 GRIER ST","Comment":" ","Purpose":null,"DiscrpAgID":"buckscounty.org","created_user":null,"created_date":null,"last_edited_user":"DGALLOWAY","gc_exception":"","ADDRGUID":null,"RDNAME":"GRIER ST"}},{"type":"Feature","id":238205,"geometry":{"type":"Point","coordinates":[-75.0857313053963,40.1869301876078]},"properties":{"OBJECTID":238205,"Source":"","DateUpdate":"Tue, 12 Nov 2024 10:04:37 GMT","Effective":"Wed, 01 Jan 2020 00:00:01 GMT","Expire":"Sat, 01 Jan 2050 00:00:01 GMT","Site_NGUID":"SSAP23855576FENTONST@buckscounty.org","Country":"US","State":"PA","County":"Bucks County","AddCode":"","AddDataURI":"","Inc_Muni":"Warminster Township","Uninc_Comm":"","Nbrhd_Comm":"","AddNum_Pre":"","Add_Number":"76","AddNum_Suf":"","St_PreMod":"","St_PreDir":"","St_PreTyp":"","St_PreSep":"","St_Name":"FENTON","St_PosTyp":"STREET","St_PosDir":"","St_PosMod":"","Lst_PreDir":"","Lst_Name":"FENTON","Lst_Type":"ST","LstPosDir":"","ESN":"51","MSAGComm":"WARMINSTER TOWNSHIP","Post_Comm":"WARMINSTER","Post_Code":"18974","Post_Code4":"","Building":"","Floor":" ","Unit":" ","Room":"","Seat":" ","Addtl_Loc":" ","LandmkName":" ","Mile_Post":" ","Place_Type":" ","Placement":" ","Long":-75.08572954,"Lat":40.18692207,"Elev":"0","ParcelID":"49-009-028-013","Full_Addr":"76 FENTON ST","Comment":" ","Purpose":null,"DiscrpAgID":"buckscounty.org","created_user":null,"created_date":null,"last_edited_user":"DGALLOWAY","gc_exception":"","ADDRGUID":null,"RDNAME":"FENTON ST"}},{"type":"Feature","id":238206,"geometry":{"type":"Point","coordinates":[-75.0858117711347,40.1869014997148]},"properties":{"OBJECTID":238206,"Source":"","DateUpdate":"Tue, 12 Nov 2024 10:04:37 GMT","Effective":"Wed, 01 Jan 2020 00:00:01 GMT","Expire":"Sat, 01 Jan 2050 00:00:01 GMT","Site_NGUID":"SSAP23855674FENTONST@buckscounty.org","Country":"US","State":"PA","County":"Bucks County","AddCode":"","AddDataURI":"","Inc_Muni":"Warminster Township","Uninc_Comm":"","Nbrhd_Comm":"","AddNum_Pre":"","Add_Number":"74","AddNum_Suf":"","St_PreMod":"","St_PreDir":"","St_PreTyp":"","St_PreSep":"","St_Name":"FENTON","St_PosTyp":"STREET","St_PosDir":"","St_PosMod":"","Lst_PreDir":"","Lst_Name":"FENTON","Lst_Type":"ST","LstPosDir":"","ESN":"51","MSAGComm":"WARMINSTER TOWNSHIP","Post_Comm":"WARMINSTER","Post_Code":"18974","Post_Code4":"","Building":"","Floor":" ","Unit":" ","Room":"","Seat":" ","Addtl_Loc":" ","LandmkName":" ","Mile_Post":" ","Place_Type":" ","Placement":" ","Long":-75.08581001,"Lat":40.18689339,"Elev":"0","ParcelID":"49-009-028-013","Full_Addr":"74 FENTON ST","Comment":" ","Purpose":null,"DiscrpAgID":"buckscounty.org","created_user":null,"created_date":null,"last_edited_user":"DGALLOWAY","gc_exception":"","ADDRGUID":null,"RDNAME":"FENTON ST"}},{"type":"Feature","id":238207,"geometry":{"type":"Point","coordinates":[-75.0858976024348,40.1868687155314]},"properties":{"OBJECTID":238207,"Source":"","DateUpdate":"Tue, 12 Nov 2024 10:04:37 GMT","Effective":"Wed, 01 Jan 2020 00:00:01 GMT","Expire":"Sat, 01 Jan 2050 00:00:01 GMT","Site_NGUID":"SSAP23855772FENTONST@buckscounty.org","Country":"US","State":"PA","County":"Bucks County","AddCode":"","AddDataURI":"","Inc_Muni":"Warminster Township","Uninc_Comm":"","Nbrhd_Comm":"","AddNum_Pre":"","Add_Number":"72","AddNum_Suf":"","St_PreMod":"","St_PreDir":"","St_PreTyp":"","St_PreSep":"","St_Name":"FENTON","St_PosTyp":"STREET","St_PosDir":"","St_PosMod":"","Lst_PreDir":"","Lst_Name":"FENTON","Lst_Type":"ST","LstPosDir":"","ESN":"51","MSAGComm":"WARMINSTER TOWNSHIP","Post_Comm":"WARMINSTER","Post_Code":"18974","Post_Code4":"","Building":"","Floor":" ","Unit":" ","Room":"","Seat":" ","Addtl_Loc":" ","LandmkName":" ","Mile_Post":" ","Place_Type":" ","Placement":" ","Long":-75.08589584,"Lat":40.1868606,"Elev":"0","ParcelID":"49-009-028-013","Full_Addr":"72 FENTON ST","Comment":" ","Purpose":null,"DiscrpAgID":"buckscounty.org","created_user":null,"created_date":null,"last_edited_user":"DGALLOWAY","gc_exception":"","ADDRGUID":null,"RDNAME":"FENTON ST"}},{"type":"Feature","id":238208,"geometry":{"type":"Point","coordinates":[-75.085978069168,40.1868400284495]},"properties":{"OBJECTID":238208,"Source":"","DateUpdate":"Tue, 12 Nov 2024 10:04:37 GMT","Effective":"Wed, 01 Jan 2020 00:00:01 GMT","Expire":"Sat, 01 Jan 2050 00:00:01 GMT","Site_NGUID":"SSAP23855870FENTONST@buckscounty.org","Country":"US","State":"PA","County":"Bucks County","AddCode":"","AddDataURI":"","Inc_Muni":"Warminster Township","Uninc_Comm":"","Nbrhd_Comm":"","AddNum_Pre":"","Add_Number":"70","AddNum_Suf":"","St_PreMod":"","St_PreDir":"","St_PreTyp":"","St_PreSep":"","St_Name":"FENTON","St_PosTyp":"STREET","St_PosDir":"","St_PosMod":"","Lst_PreDir":"","Lst_Name":"FENTON","Lst_Type":"ST","LstPosDir":"","ESN":"51","MSAGComm":"WARMINSTER TOWNSHIP","Post_Comm":"WARMINSTER","Post_Code":"18974","Post_Code4":"","Building":"","Floor":" ","Unit":" ","Room":"","Seat":" ","Addtl_Loc":" ","LandmkName":" ","Mile_Post":" ","Place_Type":" ","Placement":" ","Long":-75.08597631,"Lat":40.18683191,"Elev":"0","ParcelID":"49-009-028-013","Full_Addr":"70 FENTON ST","Comment":" ","Purpose":null,"DiscrpAgID":"buckscounty.org","created_user":null,"created_date":null,"last_edited_user":"DGALLOWAY","gc_exception":"","ADDRGUID":null,"RDNAME":"FENTON ST"}},{"type":"Feature","id":238209,"geometry":{"type":"Point","coordinates":[-75.0884457014904,40.1855429629351]},"properties":{"OBJECTID":238209,"Source":"","DateUpdate":"Tue, 12 Nov 2024 10:04:37 GMT","Effective":"Wed, 01 Jan 2020 00:00:01 GMT","Expire":"Sat, 01 Jan 2050 00:00:01 GMT","Site_NGUID":"SSAP23855916FENTONST@buckscounty.org","Country":"US","State":"PA","County":"Bucks County","AddCode":"","AddDataURI":"","Inc_Muni":"Warminster Township","Uninc_Comm":"","Nbrhd_Comm":"","AddNum_Pre":"","Add_Number":"16","AddNum_Suf":"","St_PreMod":"","St_PreDir":"","St_PreTyp":"","St_PreSep":"","St_Name":"FENTON","St_PosTyp":"STREET","St_PosDir":"","St_PosMod":"","Lst_PreDir":"","Lst_Name":"FENTON","Lst_Type":"ST","LstPosDir":"","ESN":"51","MSAGComm":"WARMINSTER TOWNSHIP","Post_Comm":"WARMINSTER","Post_Code":"18974","Post_Code4":"","Building":"","Floor":" ","Unit":" ","Room":"","Seat":" ","Addtl_Loc":" ","LandmkName":" ","Mile_Post":" ","Place_Type":" ","Placement":" ","Long":-75.08844394,"Lat":40.18553485,"Elev":"0","ParcelID":"49-009-028-013","Full_Addr":"16 FENTON ST","Comment":" ","Purpose":null,"DiscrpAgID":"buckscounty.org","created_user":null,"created_date":null,"last_edited_user":"DGALLOWAY","gc_exception":"","ADDRGUID":null,"RDNAME":"FENTON ST"}},{"type":"Feature","id":238210,"geometry":{"type":"Point","coordinates":[-75.0868792913723,40.1863154673534]},"properties":{"OBJECTID":238210,"Source":"","DateUpdate":"Tue, 12 Nov 2024 10:04:37 GMT","Effective":"Wed, 01 Jan 2020 00:00:01 GMT","Expire":"Sat, 01 Jan 2050 00:00:01 GMT","Site_NGUID":"SSAP23856046FENTONST@buckscounty.org","Country":"US","State":"PA","County":"Bucks County","AddCode":"","AddDataURI":"","Inc_Muni":"Warminster Township","Uninc_Comm":"","Nbrhd_Comm":"","AddNum_Pre":"","Add_Number":"46","AddNum_Suf":"","St_PreMod":"","St_PreDir":"","St_PreTyp":"","St_PreSep":"","St_Name":"FENTON","St_PosTyp":"STREET","St_PosDir":"","St_PosMod":"","Lst_PreDir":"","Lst_Name":"FENTON","Lst_Type":"ST","LstPosDir":"","ESN":"51","MSAGComm":"WARMINSTER TOWNSHIP","Post_Comm":"WARMINSTER","Post_Code":"18974","Post_Code4":"","Building":"","Floor":" ","Unit":" ","Room":"","Seat":" ","Addtl_Loc":" ","LandmkName":" ","Mile_Post":" ","Place_Type":" ","Placement":" ","Long":-75.08687753,"Lat":40.18630735,"Elev":"0","ParcelID":"49-009-028-013","Full_Addr":"46 FENTON ST","Comment":" ","Purpose":null,"DiscrpAgID":"buckscounty.org","created_user":null,"created_date":null,"last_edited_user":"DGALLOWAY","gc_exception":"","ADDRGUID":null,"RDNAME":"FENTON ST"}},{"type":"Feature","id":238211,"geometry":{"type":"Point","coordinates":[-75.0885610367948,40.1854855879098]},"properties":{"OBJECTID":238211,"Source":"","DateUpdate":"Tue, 12 Nov 2024 10:04:37 GMT","Effective":"Wed, 01 Jan 2020 00:00:01 GMT","Expire":"Sat, 01 Jan 2050 00:00:01 GMT","Site_NGUID":"SSAP23856112FENTONST@buckscounty.org","Country":"US","State":"PA","County":"Bucks County","AddCode":"","AddDataURI":"","Inc_Muni":"Warminster Township","Uninc_Comm":"","Nbrhd_Comm":"","AddNum_Pre":"","Add_Number":"12","AddNum_Suf":"","St_PreMod":"","St_PreDir":"","St_PreTyp":"","St_PreSep":"","St_Name":"FENTON","St_PosTyp":"STREET","St_PosDir":"","St_PosMod":"","Lst_PreDir":"","Lst_Name":"FENTON","Lst_Type":"ST","LstPosDir":"","ESN":"51","MSAGComm":"WARMINSTER TOWNSHIP","Post_Comm":"WARMINSTER","Post_Code":"18974","Post_Code4":"","Building":"","Floor":" ","Unit":" ","Room":"","Seat":" ","Addtl_Loc":" ","LandmkName":" ","Mile_Post":" ","Place_Type":" ","Placement":" ","Long":-75.08855928,"Lat":40.18547747,"Elev":"0","ParcelID":"49-009-028-013","Full_Addr":"12 FENTON ST","Comment":" ","Purpose":null,"DiscrpAgID":"buckscounty.org","created_user":null,"created_date":null,"last_edited_user":"DGALLOWAY","gc_exception":"","ADDRGUID":null,"RDNAME":"FENTON ST"}},{"type":"Feature","id":238212,"geometry":{"type":"Point","coordinates":[-75.0886173638682,40.1854589493818]},"properties":{"OBJECTID":238212,"Source":"","DateUpdate":"Tue, 12 Nov 2024 10:04:37 GMT","Effective":"Wed, 01 Jan 2020 00:00:01 GMT","Expire":"Sat, 01 Jan 2050 00:00:01 GMT","Site_NGUID":"SSAP23856210FENTONST@buckscounty.org","Country":"US","State":"PA","County":"Bucks County","AddCode":"","AddDataURI":"","Inc_Muni":"Warminster Township","Uninc_Comm":"","Nbrhd_Comm":"","AddNum_Pre":"","Add_Number":"10","AddNum_Suf":"","St_PreMod":"","St_PreDir":"","St_PreTyp":"","St_PreSep":"","St_Name":"FENTON","St_PosTyp":"STREET","St_PosDir":"","St_PosMod":"","Lst_PreDir":"","Lst_Name":"FENTON","Lst_Type":"ST","LstPosDir":"","ESN":"51","MSAGComm":"WARMINSTER TOWNSHIP","Post_Comm":"WARMINSTER","Post_Code":"18974","Post_Code4":"","Building":"","Floor":" ","Unit":" ","Room":"","Seat":" ","Addtl_Loc":" ","LandmkName":" ","Mile_Post":" ","Place_Type":" ","Placement":" ","Long":-75.0886156,"Lat":40.18545084,"Elev":"0","ParcelID":"49-009-028-013","Full_Addr":"10 FENTON ST","Comment":" ","Purpose":null,"DiscrpAgID":"buckscounty.org","created_user":null,"created_date":null,"last_edited_user":"DGALLOWAY","gc_exception":"","ADDRGUID":null,"RDNAME":"FENTON ST"}},{"type":"Feature","id":238213,"geometry":{"type":"Point","coordinates":[-75.0885020274831,40.1855163244365]},"properties":{"OBJECTID":238213,"Source":"","DateUpdate":"Tue, 12 Nov 2024 10:04:37 GMT","Effective":"Wed, 01 Jan 2020 00:00:01 GMT","Expire":"Sat, 01 Jan 2050 00:00:01 GMT","Site_NGUID":"SSAP23856314FENTONST@buckscounty.org","Country":"US","State":"PA","County":"Bucks County","AddCode":"","AddDataURI":"","Inc_Muni":"Warminster Township","Uninc_Comm":"","Nbrhd_Comm":"","AddNum_Pre":"","Add_Number":"14","AddNum_Suf":"","St_PreMod":"","St_PreDir":"","St_PreTyp":"","St_PreSep":"","St_Name":"FENTON","St_PosTyp":"STREET","St_PosDir":"","St_PosMod":"","Lst_PreDir":"","Lst_Name":"FENTON","Lst_Type":"ST","LstPosDir":"","ESN":"51","MSAGComm":"WARMINSTER TOWNSHIP","Post_Comm":"WARMINSTER","Post_Code":"18974","Post_Code4":"","Building":"","Floor":" ","Unit":" ","Room":"","Seat":" ","Addtl_Loc":" ","LandmkName":" ","Mile_Post":" ","Place_Type":" ","Placement":" ","Long":-75.08850027,"Lat":40.18550821,"Elev":"0","ParcelID":"49-009-028-013","Full_Addr":"14 FENTON ST","Comment":" ","Purpose":null,"DiscrpAgID":"buckscounty.org","created_user":null,"created_date":null,"last_edited_user":"DGALLOWAY","gc_exception":"","ADDRGUID":null,"RDNAME":"FENTON ST"}},{"type":"Feature","id":238214,"geometry":{"type":"Point","coordinates":[-75.0867720027549,40.1863769400888]},"properties":{"OBJECTID":238214,"Source":"","DateUpdate":"Tue, 12 Nov 2024 10:04:37 GMT","Effective":"Wed, 01 Jan 2020 00:00:01 GMT","Expire":"Sat, 01 Jan 2050 00:00:01 GMT","Site_NGUID":"SSAP23856452FENTONST@buckscounty.org","Country":"US","State":"PA","County":"Bucks County","AddCode":"","AddDataURI":"","Inc_Muni":"Warminster Township","Uninc_Comm":"","Nbrhd_Comm":"","AddNum_Pre":"","Add_Number":"52","AddNum_Suf":"","St_PreMod":"","St_PreDir":"","St_PreTyp":"","St_PreSep":"","St_Name":"FENTON","St_PosTyp":"STREET","St_PosDir":"","St_PosMod":"","Lst_PreDir":"","Lst_Name":"FENTON","Lst_Type":"ST","LstPosDir":"","ESN":"51","MSAGComm":"WARMINSTER TOWNSHIP","Post_Comm":"WARMINSTER","Post_Code":"18974","Post_Code4":"","Building":"","Floor":" ","Unit":" ","Room":"","Seat":" ","Addtl_Loc":" ","LandmkName":" ","Mile_Post":" ","Place_Type":" ","Placement":" ","Long":-75.08677024,"Lat":40.18636883,"Elev":"0","ParcelID":"49-009-028-013","Full_Addr":"52 FENTON ST","Comment":" ","Purpose":null,"DiscrpAgID":"buckscounty.org","created_user":null,"created_date":null,"last_edited_user":"DGALLOWAY","gc_exception":"","ADDRGUID":null,"RDNAME":"FENTON ST"}},{"type":"Feature","id":238215,"geometry":{"type":"Point","coordinates":[-75.086833693144,40.1863400565619]},"properties":{"OBJECTID":238215,"Source":"","DateUpdate":"Tue, 12 Nov 2024 10:04:37 GMT","Effective":"Wed, 01 Jan 2020 00:00:01 GMT","Expire":"Sat, 01 Jan 2050 00:00:01 GMT","Site_NGUID":"SSAP23856550FENTONST@buckscounty.org","Country":"US","State":"PA","County":"Bucks County","AddCode":"","AddDataURI":"","Inc_Muni":"Warminster Township","Uninc_Comm":"","Nbrhd_Comm":"","AddNum_Pre":"","Add_Number":"50","AddNum_Suf":"","St_PreMod":"","St_PreDir":"","St_PreTyp":"","St_PreSep":"","St_Name":"FENTON","St_PosTyp":"STREET","St_PosDir":"","St_PosMod":"","Lst_PreDir":"","Lst_Name":"FENTON","Lst_Type":"ST","LstPosDir":"","ESN":"51","MSAGComm":"WARMINSTER TOWNSHIP","Post_Comm":"WARMINSTER","Post_Code":"18974","Post_Code4":"","Building":"","Floor":" ","Unit":" ","Room":"","Seat":" ","Addtl_Loc":" ","LandmkName":" ","Mile_Post":" ","Place_Type":" ","Placement":" ","Long":-75.08683193,"Lat":40.18633194,"Elev":"0","ParcelID":"49-009-028-013","Full_Addr":"50 FENTON ST","Comment":" ","Purpose":null,"DiscrpAgID":"buckscounty.org","created_user":null,"created_date":null,"last_edited_user":"DGALLOWAY","gc_exception":"","ADDRGUID":null,"RDNAME":"FENTON ST"}},{"type":"Feature","id":238216,"geometry":{"type":"Point","coordinates":[-75.0869356174508,40.1862785840109]},"properties":{"OBJECTID":238216,"Source":"","DateUpdate":"Tue, 12 Nov 2024 10:04:37 GMT","Effective":"Wed, 01 Jan 2020 00:00:01 GMT","Expire":"Sat, 01 Jan 2050 00:00:01 GMT","Site_NGUID":"SSAP23856644FENTONST@buckscounty.org","Country":"US","State":"PA","County":"Bucks County","AddCode":"","AddDataURI":"","Inc_Muni":"Warminster Township","Uninc_Comm":"","Nbrhd_Comm":"","AddNum_Pre":"","Add_Number":"44","AddNum_Suf":"","St_PreMod":"","St_PreDir":"","St_PreTyp":"","St_PreSep":"","St_Name":"FENTON","St_PosTyp":"STREET","St_PosDir":"","St_PosMod":"","Lst_PreDir":"","Lst_Name":"FENTON","Lst_Type":"ST","LstPosDir":"","ESN":"51","MSAGComm":"WARMINSTER TOWNSHIP","Post_Comm":"WARMINSTER","Post_Code":"18974","Post_Code4":"","Building":"","Floor":" ","Unit":" ","Room":"","Seat":" ","Addtl_Loc":" ","LandmkName":" ","Mile_Post":" ","Place_Type":" ","Placement":" ","Long":-75.08693386,"Lat":40.18627047,"Elev":"0","ParcelID":"49-009-028-013","Full_Addr":"44 FENTON ST","Comment":" ","Purpose":null,"DiscrpAgID":"buckscounty.org","created_user":null,"created_date":null,"last_edited_user":"DGALLOWAY","gc_exception":"","ADDRGUID":null,"RDNAME":"FENTON ST"}},{"type":"Feature","id":238217,"geometry":{"type":"Point","coordinates":[-75.0870026725143,40.1862396521307]},"properties":{"OBJECTID":238217,"Source":"","DateUpdate":"Tue, 12 Nov 2024 10:04:37 GMT","Effective":"Wed, 01 Jan 2020 00:00:01 GMT","Expire":"Sat, 01 Jan 2050 00:00:01 GMT","Site_NGUID":"SSAP23856742FENTONST@buckscounty.org","Country":"US","State":"PA","County":"Bucks County","AddCode":"","AddDataURI":"","Inc_Muni":"Warminster Township","Uninc_Comm":"","Nbrhd_Comm":"","AddNum_Pre":"","Add_Number":"42","AddNum_Suf":"","St_PreMod":"","St_PreDir":"","St_PreTyp":"","St_PreSep":"","St_Name":"FENTON","St_PosTyp":"STREET","St_PosDir":"","St_PosMod":"","Lst_PreDir":"","Lst_Name":"FENTON","Lst_Type":"ST","LstPosDir":"","ESN":"51","MSAGComm":"WARMINSTER TOWNSHIP","Post_Comm":"WARMINSTER","Post_Code":"18974","Post_Code4":"","Building":"","Floor":" ","Unit":" ","Room":"","Seat":" ","Addtl_Loc":" ","LandmkName":" ","Mile_Post":" ","Place_Type":" ","Placement":" ","Long":-75.08700091,"Lat":40.18623154,"Elev":"0","ParcelID":"49-009-028-013","Full_Addr":"42 FENTON ST","Comment":" ","Purpose":null,"DiscrpAgID":"buckscounty.org","created_user":null,"created_date":null,"last_edited_user":"DGALLOWAY","gc_exception":"","ADDRGUID":null,"RDNAME":"FENTON ST"}},{"type":"Feature","id":238218,"geometry":{"type":"Point","coordinates":[-75.0872306604566,40.1861023629635]},"properties":{"OBJECTID":238218,"Source":"","DateUpdate":"Tue, 12 Nov 2024 10:04:37 GMT","Effective":"Wed, 01 Jan 2020 00:00:01 GMT","Expire":"Sat, 01 Jan 2050 00:00:01 GMT","Site_NGUID":"SSAP23856840FENTONST@buckscounty.org","Country":"US","State":"PA","County":"Bucks County","AddCode":"","AddDataURI":"","Inc_Muni":"Warminster Township","Uninc_Comm":"","Nbrhd_Comm":"","AddNum_Pre":"","Add_Number":"40","AddNum_Suf":"","St_PreMod":"","St_PreDir":"","St_PreTyp":"","St_PreSep":"","St_Name":"FENTON","St_PosTyp":"STREET","St_PosDir":"","St_PosMod":"","Lst_PreDir":"","Lst_Name":"FENTON","Lst_Type":"ST","LstPosDir":"","ESN":"51","MSAGComm":"WARMINSTER TOWNSHIP","Post_Comm":"WARMINSTER","Post_Code":"18974","Post_Code4":"","Building":"","Floor":" ","Unit":" ","Room":"","Seat":" ","Addtl_Loc":" ","LandmkName":" ","Mile_Post":" ","Place_Type":" ","Placement":" ","Long":-75.0872289,"Lat":40.18609425,"Elev":"0","ParcelID":"49-009-028-013","Full_Addr":"40 FENTON ST","Comment":" ","Purpose":null,"DiscrpAgID":"buckscounty.org","created_user":null,"created_date":null,"last_edited_user":"DGALLOWAY","gc_exception":"","ADDRGUID":null,"RDNAME":"FENTON ST"}},{"type":"Feature","id":238219,"geometry":{"type":"Point","coordinates":[-75.0872762581095,40.1860818732662]},"properties":{"OBJECTID":238219,"Source":"","DateUpdate":"Tue, 12 Nov 2024 10:04:37 GMT","Effective":"Wed, 01 Jan 2020 00:00:01 GMT","Expire":"Sat, 01 Jan 2050 00:00:01 GMT","Site_NGUID":"SSAP23856938FENTONST@buckscounty.org","Country":"US","State":"PA","County":"Bucks County","AddCode":"","AddDataURI":"","Inc_Muni":"Warminster Township","Uninc_Comm":"","Nbrhd_Comm":"","AddNum_Pre":"","Add_Number":"38","AddNum_Suf":"","St_PreMod":"","St_PreDir":"","St_PreTyp":"","St_PreSep":"","St_Name":"FENTON","St_PosTyp":"STREET","St_PosDir":"","St_PosMod":"","Lst_PreDir":"","Lst_Name":"FENTON","Lst_Type":"ST","LstPosDir":"","ESN":"51","MSAGComm":"WARMINSTER TOWNSHIP","Post_Comm":"WARMINSTER","Post_Code":"18974","Post_Code4":"","Building":"","Floor":" ","Unit":" ","Room":"","Seat":" ","Addtl_Loc":" ","LandmkName":" ","Mile_Post":" ","Place_Type":" ","Placement":" ","Long":-75.0872745,"Lat":40.18607376,"Elev":"0","ParcelID":"49-009-028-013","Full_Addr":"38 FENTON ST","Comment":" ","Purpose":null,"DiscrpAgID":"buckscounty.org","created_user":null,"created_date":null,"last_edited_user":"DGALLOWAY","gc_exception":"","ADDRGUID":null,"RDNAME":"FENTON ST"}},{"type":"Feature","id":238220,"geometry":{"type":"Point","coordinates":[-75.0873808649894,40.1860306449028]},"properties":{"OBJECTID":238220,"Source":"","DateUpdate":"Tue, 12 Nov 2024 10:04:37 GMT","Effective":"Wed, 01 Jan 2020 00:00:01 GMT","Expire":"Sat, 01 Jan 2050 00:00:01 GMT","Site_NGUID":"SSAP23857034FENTONST@buckscounty.org","Country":"US","State":"PA","County":"Bucks County","AddCode":"","AddDataURI":"","Inc_Muni":"Warminster Township","Uninc_Comm":"","Nbrhd_Comm":"","AddNum_Pre":"","Add_Number":"34","AddNum_Suf":"","St_PreMod":"","St_PreDir":"","St_PreTyp":"","St_PreSep":"","St_Name":"FENTON","St_PosTyp":"STREET","St_PosDir":"","St_PosMod":"","Lst_PreDir":"","Lst_Name":"FENTON","Lst_Type":"ST","LstPosDir":"","ESN":"51","MSAGComm":"WARMINSTER TOWNSHIP","Post_Comm":"WARMINSTER","Post_Code":"18974","Post_Code4":"","Building":"","Floor":" ","Unit":" ","Room":"","Seat":" ","Addtl_Loc":" ","LandmkName":" ","Mile_Post":" ","Place_Type":" ","Placement":" ","Long":-75.0873791,"Lat":40.18602253,"Elev":"0","ParcelID":"49-009-028-013","Full_Addr":"34 FENTON ST","Comment":" ","Purpose":null,"DiscrpAgID":"buckscounty.org","created_user":null,"created_date":null,"last_edited_user":"DGALLOWAY","gc_exception":"","ADDRGUID":null,"RDNAME":"FENTON ST"}},{"type":"Feature","id":238221,"geometry":{"type":"Point","coordinates":[-75.0876356749191,40.1859097496714]},"properties":{"OBJECTID":238221,"Source":"","DateUpdate":"Tue, 12 Nov 2024 10:04:37 GMT","Effective":"Wed, 01 Jan 2020 00:00:01 GMT","Expire":"Sat, 01 Jan 2050 00:00:01 GMT","Site_NGUID":"SSAP23857132FENTONST@buckscounty.org","Country":"US","State":"PA","County":"Bucks County","AddCode":"","AddDataURI":"","Inc_Muni":"Warminster Township","Uninc_Comm":"","Nbrhd_Comm":"","AddNum_Pre":"","Add_Number":"32","AddNum_Suf":"","St_PreMod":"","St_PreDir":"","St_PreTyp":"","St_PreSep":"","St_Name":"FENTON","St_PosTyp":"STREET","St_PosDir":"","St_PosMod":"","Lst_PreDir":"","Lst_Name":"FENTON","Lst_Type":"ST","LstPosDir":"","ESN":"51","MSAGComm":"WARMINSTER TOWNSHIP","Post_Comm":"WARMINSTER","Post_Code":"18974","Post_Code4":"","Building":"","Floor":" ","Unit":" ","Room":"","Seat":" ","Addtl_Loc":" ","LandmkName":" ","Mile_Post":" ","Place_Type":" ","Placement":" ","Long":-75.08763391,"Lat":40.18590164,"Elev":"0","ParcelID":"49-009-028-013","Full_Addr":"32 FENTON ST","Comment":" ","Purpose":null,"DiscrpAgID":"buckscounty.org","created_user":null,"created_date":null,"last_edited_user":"DGALLOWAY","gc_exception":"","ADDRGUID":null,"RDNAME":"FENTON ST"}},{"type":"Feature","id":238222,"geometry":{"type":"Point","coordinates":[-75.0876839539742,40.1858872089266]},"properties":{"OBJECTID":238222,"Source":"","DateUpdate":"Tue, 12 Nov 2024 10:04:37 GMT","Effective":"Wed, 01 Jan 2020 00:00:01 GMT","Expire":"Sat, 01 Jan 2050 00:00:01 GMT","Site_NGUID":"SSAP23857230FENTONST@buckscounty.org","Country":"US","State":"PA","County":"Bucks County","AddCode":"","AddDataURI":"","Inc_Muni":"Warminster Township","Uninc_Comm":"","Nbrhd_Comm":"","AddNum_Pre":"","Add_Number":"30","AddNum_Suf":"","St_PreMod":"","St_PreDir":"","St_PreTyp":"","St_PreSep":"","St_Name":"FENTON","St_PosTyp":"STREET","St_PosDir":"","St_PosMod":"","Lst_PreDir":"","Lst_Name":"FENTON","Lst_Type":"ST","LstPosDir":"","ESN":"51","MSAGComm":"WARMINSTER TOWNSHIP","Post_Comm":"WARMINSTER","Post_Code":"18974","Post_Code4":"","Building":"","Floor":" ","Unit":" ","Room":"","Seat":" ","Addtl_Loc":" ","LandmkName":" ","Mile_Post":" ","Place_Type":" ","Placement":" ","Long":-75.08768219,"Lat":40.18587909,"Elev":"0","ParcelID":"49-009-028-013","Full_Addr":"30 FENTON ST","Comment":" ","Purpose":null,"DiscrpAgID":"buckscounty.org","created_user":null,"created_date":null,"last_edited_user":"DGALLOWAY","gc_exception":"","ADDRGUID":null,"RDNAME":"FENTON ST"}},{"type":"Feature","id":238223,"geometry":{"type":"Point","coordinates":[-75.0877429632719,40.1858585226412]},"properties":{"OBJECTID":238223,"Source":"","DateUpdate":"Tue, 12 Nov 2024 10:04:37 GMT","Effective":"Wed, 01 Jan 2020 00:00:01 GMT","Expire":"Sat, 01 Jan 2050 00:00:01 GMT","Site_NGUID":"SSAP23857328FENTONST@buckscounty.org","Country":"US","State":"PA","County":"Bucks County","AddCode":"","AddDataURI":"","Inc_Muni":"Warminster Township","Uninc_Comm":"","Nbrhd_Comm":"","AddNum_Pre":"","Add_Number":"28","AddNum_Suf":"","St_PreMod":"","St_PreDir":"","St_PreTyp":"","St_PreSep":"","St_Name":"FENTON","St_PosTyp":"STREET","St_PosDir":"","St_PosMod":"","Lst_PreDir":"","Lst_Name":"FENTON","Lst_Type":"ST","LstPosDir":"","ESN":"51","MSAGComm":"WARMINSTER TOWNSHIP","Post_Comm":"WARMINSTER","Post_Code":"18974","Post_Code4":"","Building":"","Floor":" ","Unit":" ","Room":"","Seat":" ","Addtl_Loc":" ","LandmkName":" ","Mile_Post":" ","Place_Type":" ","Placement":" ","Long":-75.0877412,"Lat":40.18585041,"Elev":"0","ParcelID":"49-009-028-013","Full_Addr":"28 FENTON ST","Comment":" ","Purpose":null,"DiscrpAgID":"buckscounty.org","created_user":null,"created_date":null,"last_edited_user":"DGALLOWAY","gc_exception":"","ADDRGUID":null,"RDNAME":"FENTON ST"}},{"type":"Feature","id":238224,"geometry":{"type":"Point","coordinates":[-75.0877966063805,40.1858359824697]},"properties":{"OBJECTID":238224,"Source":"","DateUpdate":"Tue, 12 Nov 2024 10:04:37 GMT","Effective":"Wed, 01 Jan 2020 00:00:01 GMT","Expire":"Sat, 01 Jan 2050 00:00:01 GMT","Site_NGUID":"SSAP23857426FENTONST@buckscounty.org","Country":"US","State":"PA","County":"Bucks County","AddCode":"","AddDataURI":"","Inc_Muni":"Warminster Township","Uninc_Comm":"","Nbrhd_Comm":"","AddNum_Pre":"","Add_Number":"26","AddNum_Suf":"","St_PreMod":"","St_PreDir":"","St_PreTyp":"","St_PreSep":"","St_Name":"FENTON","St_PosTyp":"STREET","St_PosDir":"","St_PosMod":"","Lst_PreDir":"","Lst_Name":"FENTON","Lst_Type":"ST","LstPosDir":"","ESN":"51","MSAGComm":"WARMINSTER TOWNSHIP","Post_Comm":"WARMINSTER","Post_Code":"18974","Post_Code4":"","Building":"","Floor":" ","Unit":" ","Room":"","Seat":" ","Addtl_Loc":" ","LandmkName":" ","Mile_Post":" ","Place_Type":" ","Placement":" ","Long":-75.08779485,"Lat":40.18582787,"Elev":"0","ParcelID":"49-009-028-013","Full_Addr":"26 FENTON ST","Comment":" ","Purpose":null,"DiscrpAgID":"buckscounty.org","created_user":null,"created_date":null,"last_edited_user":"DGALLOWAY","gc_exception":"","ADDRGUID":null,"RDNAME":"FENTON ST"}},{"type":"Feature","id":238225,"geometry":{"type":"Point","coordinates":[-75.0882284419981,40.1856392687873]},"properties":{"OBJECTID":238225,"Source":"","DateUpdate":"Tue, 12 Nov 2024 10:04:37 GMT","Effective":"Wed, 01 Jan 2020 00:00:01 GMT","Expire":"Sat, 01 Jan 2050 00:00:01 GMT","Site_NGUID":"SSAP23857518FENTONST@buckscounty.org","Country":"US","State":"PA","County":"Bucks County","AddCode":"","AddDataURI":"","Inc_Muni":"Warminster Township","Uninc_Comm":"","Nbrhd_Comm":"","AddNum_Pre":"","Add_Number":"18","AddNum_Suf":"","St_PreMod":"","St_PreDir":"","St_PreTyp":"","St_PreSep":"","St_Name":"FENTON","St_PosTyp":"STREET","St_PosDir":"","St_PosMod":"","Lst_PreDir":"","Lst_Name":"FENTON","Lst_Type":"ST","LstPosDir":"","ESN":"51","MSAGComm":"WARMINSTER TOWNSHIP","Post_Comm":"WARMINSTER","Post_Code":"18974","Post_Code4":"","Building":"","Floor":" ","Unit":" ","Room":"","Seat":" ","Addtl_Loc":" ","LandmkName":" ","Mile_Post":" ","Place_Type":" ","Placement":" ","Long":-75.08822668,"Lat":40.18563115,"Elev":"0","ParcelID":"49-009-028-013","Full_Addr":"18 FENTON ST","Comment":" ","Purpose":null,"DiscrpAgID":"buckscounty.org","created_user":null,"created_date":null,"last_edited_user":"DGALLOWAY","gc_exception":"","ADDRGUID":null,"RDNAME":"FENTON ST"}},{"type":"Feature","id":238226,"geometry":{"type":"Point","coordinates":[-75.0880487341011,40.1857253320756]},"properties":{"OBJECTID":238226,"Source":"","DateUpdate":"Tue, 12 Nov 2024 10:04:37 GMT","Effective":"Wed, 01 Jan 2020 00:00:01 GMT","Expire":"Sat, 01 Jan 2050 00:00:01 GMT","Site_NGUID":"SSAP23857624FENTONST@buckscounty.org","Country":"US","State":"PA","County":"Bucks County","AddCode":"","AddDataURI":"","Inc_Muni":"Warminster Township","Uninc_Comm":"","Nbrhd_Comm":"","AddNum_Pre":"","Add_Number":"24","AddNum_Suf":"","St_PreMod":"","St_PreDir":"","St_PreTyp":"","St_PreSep":"","St_Name":"FENTON","St_PosTyp":"STREET","St_PosDir":"","St_PosMod":"","Lst_PreDir":"","Lst_Name":"FENTON","Lst_Type":"ST","LstPosDir":"","ESN":"51","MSAGComm":"WARMINSTER TOWNSHIP","Post_Comm":"WARMINSTER","Post_Code":"18974","Post_Code4":"","Building":"","Floor":" ","Unit":" ","Room":"","Seat":" ","Addtl_Loc":" ","LandmkName":" ","Mile_Post":" ","Place_Type":" ","Placement":" ","Long":-75.08804697,"Lat":40.18571722,"Elev":"0","ParcelID":"49-009-028-013","Full_Addr":"24 FENTON ST","Comment":" ","Purpose":null,"DiscrpAgID":"buckscounty.org","created_user":null,"created_date":null,"last_edited_user":"DGALLOWAY","gc_exception":"","ADDRGUID":null,"RDNAME":"FENTON ST"}},{"type":"Feature","id":238227,"geometry":{"type":"Point","coordinates":[-75.0881023793853,40.1857027909154]},"properties":{"OBJECTID":238227,"Source":"","DateUpdate":"Tue, 12 Nov 2024 10:04:37 GMT","Effective":"Wed, 01 Jan 2020 00:00:01 GMT","Expire":"Sat, 01 Jan 2050 00:00:01 GMT","Site_NGUID":"SSAP23857722FENTONST@buckscounty.org","Country":"US","State":"PA","County":"Bucks County","AddCode":"","AddDataURI":"","Inc_Muni":"Warminster Township","Uninc_Comm":"","Nbrhd_Comm":"","AddNum_Pre":"","Add_Number":"22","AddNum_Suf":"","St_PreMod":"","St_PreDir":"","St_PreTyp":"","St_PreSep":"","St_Name":"FENTON","St_PosTyp":"STREET","St_PosDir":"","St_PosMod":"","Lst_PreDir":"","Lst_Name":"FENTON","Lst_Type":"ST","LstPosDir":"","ESN":"51","MSAGComm":"WARMINSTER TOWNSHIP","Post_Comm":"WARMINSTER","Post_Code":"18974","Post_Code4":"","Building":"","Floor":" ","Unit":" ","Room":"","Seat":" ","Addtl_Loc":" ","LandmkName":" ","Mile_Post":" ","Place_Type":" ","Placement":" ","Long":-75.08810062,"Lat":40.18569468,"Elev":"0","ParcelID":"49-009-028-013","Full_Addr":"22 FENTON ST","Comment":" ","Purpose":null,"DiscrpAgID":"buckscounty.org","created_user":null,"created_date":null,"last_edited_user":"DGALLOWAY","gc_exception":"","ADDRGUID":null,"RDNAME":"FENTON ST"}},{"type":"Feature","id":238228,"geometry":{"type":"Point","coordinates":[-75.0874720593024,40.1862478475621]},"properties":{"OBJECTID":238228,"Source":"","DateUpdate":"Tue, 12 Nov 2024 10:04:37 GMT","Effective":"Wed, 01 Jan 2020 00:00:01 GMT","Expire":"Sat, 01 Jan 2050 00:00:01 GMT","Site_NGUID":"SSAP23857843FENTONST@buckscounty.org","Country":"US","State":"PA","County":"Bucks County","AddCode":"","AddDataURI":"","Inc_Muni":"Warminster Township","Uninc_Comm":"","Nbrhd_Comm":"","AddNum_Pre":"","Add_Number":"43","AddNum_Suf":"","St_PreMod":"","St_PreDir":"","St_PreTyp":"","St_PreSep":"","St_Name":"FENTON","St_PosTyp":"STREET","St_PosDir":"","St_PosMod":"","Lst_PreDir":"","Lst_Name":"FENTON","Lst_Type":"ST","LstPosDir":"","ESN":"51","MSAGComm":"WARMINSTER TOWNSHIP","Post_Comm":"WARMINSTER","Post_Code":"18974","Post_Code4":"","Building":"","Floor":" ","Unit":" ","Room":"","Seat":" ","Addtl_Loc":" ","LandmkName":" ","Mile_Post":" ","Place_Type":" ","Placement":" ","Long":-75.0874703,"Lat":40.18623973,"Elev":"0","ParcelID":"49-009-028-013","Full_Addr":"43 FENTON ST","Comment":" ","Purpose":null,"DiscrpAgID":"buckscounty.org","created_user":null,"created_date":null,"last_edited_user":"DGALLOWAY","gc_exception":"","ADDRGUID":null,"RDNAME":"FENTON ST"}},{"type":"Feature","id":238229,"geometry":{"type":"Point","coordinates":[-75.0874237795368,40.1862785839541]},"properties":{"OBJECTID":238229,"Source":"","DateUpdate":"Tue, 12 Nov 2024 10:04:37 GMT","Effective":"Wed, 01 Jan 2020 00:00:01 GMT","Expire":"Sat, 01 Jan 2050 00:00:01 GMT","Site_NGUID":"SSAP23857945FENTONST@buckscounty.org","Country":"US","State":"PA","County":"Bucks County","AddCode":"","AddDataURI":"","Inc_Muni":"Warminster Township","Uninc_Comm":"","Nbrhd_Comm":"","AddNum_Pre":"","Add_Number":"45","AddNum_Suf":"","St_PreMod":"","St_PreDir":"","St_PreTyp":"","St_PreSep":"","St_Name":"FENTON","St_PosTyp":"STREET","St_PosDir":"","St_PosMod":"","Lst_PreDir":"","Lst_Name":"FENTON","Lst_Type":"ST","LstPosDir":"","ESN":"51","MSAGComm":"WARMINSTER TOWNSHIP","Post_Comm":"WARMINSTER","Post_Code":"18974","Post_Code4":"","Building":"","Floor":" ","Unit":" ","Room":"","Seat":" ","Addtl_Loc":" ","LandmkName":" ","Mile_Post":" ","Place_Type":" ","Placement":" ","Long":-75.08742202,"Lat":40.18627047,"Elev":"0","ParcelID":"49-009-028-013","Full_Addr":"45 FENTON ST","Comment":" ","Purpose":null,"DiscrpAgID":"buckscounty.org","created_user":null,"created_date":null,"last_edited_user":"DGALLOWAY","gc_exception":"","ADDRGUID":null,"RDNAME":"FENTON ST"}},{"type":"Feature","id":238230,"geometry":{"type":"Point","coordinates":[-75.0873701362129,40.1863072716674]},"properties":{"OBJECTID":238230,"Source":"","DateUpdate":"Tue, 12 Nov 2024 10:04:37 GMT","Effective":"Wed, 01 Jan 2020 00:00:01 GMT","Expire":"Sat, 01 Jan 2050 00:00:01 GMT","Site_NGUID":"SSAP23858047FENTONST@buckscounty.org","Country":"US","State":"PA","County":"Bucks County","AddCode":"","AddDataURI":"","Inc_Muni":"Warminster Township","Uninc_Comm":"","Nbrhd_Comm":"","AddNum_Pre":"","Add_Number":"47","AddNum_Suf":"","St_PreMod":"","St_PreDir":"","St_PreTyp":"","St_PreSep":"","St_Name":"FENTON","St_PosTyp":"STREET","St_PosDir":"","St_PosMod":"","Lst_PreDir":"","Lst_Name":"FENTON","Lst_Type":"ST","LstPosDir":"","ESN":"51","MSAGComm":"WARMINSTER TOWNSHIP","Post_Comm":"WARMINSTER","Post_Code":"18974","Post_Code4":"","Building":"","Floor":" ","Unit":" ","Room":"","Seat":" ","Addtl_Loc":" ","LandmkName":" ","Mile_Post":" ","Place_Type":" ","Placement":" ","Long":-75.08736838,"Lat":40.18629916,"Elev":"0","ParcelID":"49-009-028-013","Full_Addr":"47 FENTON ST","Comment":" ","Purpose":null,"DiscrpAgID":"buckscounty.org","created_user":null,"created_date":null,"last_edited_user":"DGALLOWAY","gc_exception":"","ADDRGUID":null,"RDNAME":"FENTON ST"}},{"type":"Feature","id":238231,"geometry":{"type":"Point","coordinates":[-75.0873164914508,40.186329810712]},"properties":{"OBJECTID":238231,"Source":"","DateUpdate":"Tue, 12 Nov 2024 10:04:37 GMT","Effective":"Wed, 01 Jan 2020 00:00:01 GMT","Expire":"Sat, 01 Jan 2050 00:00:01 GMT","Site_NGUID":"SSAP23858149FENTONST@buckscounty.org","Country":"US","State":"PA","County":"Bucks County","AddCode":"","AddDataURI":"","Inc_Muni":"Warminster Township","Uninc_Comm":"","Nbrhd_Comm":"","AddNum_Pre":"","Add_Number":"49","AddNum_Suf":"","St_PreMod":"","St_PreDir":"","St_PreTyp":"","St_PreSep":"","St_Name":"FENTON","St_PosTyp":"STREET","St_PosDir":"","St_PosMod":"","Lst_PreDir":"","Lst_Name":"FENTON","Lst_Type":"ST","LstPosDir":"","ESN":"51","MSAGComm":"WARMINSTER TOWNSHIP","Post_Comm":"WARMINSTER","Post_Code":"18974","Post_Code4":"","Building":"","Floor":" ","Unit":" ","Room":"","Seat":" ","Addtl_Loc":" ","LandmkName":" ","Mile_Post":" ","Place_Type":" ","Placement":" ","Long":-75.08731473,"Lat":40.1863217,"Elev":"0","ParcelID":"49-009-028-013","Full_Addr":"49 FENTON ST","Comment":" ","Purpose":null,"DiscrpAgID":"buckscounty.org","created_user":null,"created_date":null,"last_edited_user":"DGALLOWAY","gc_exception":"","ADDRGUID":null,"RDNAME":"FENTON ST"}},{"type":"Feature","id":238232,"geometry":{"type":"Point","coordinates":[-75.087523021614,40.1862191599629]},"properties":{"OBJECTID":238232,"Source":"","DateUpdate":"Tue, 12 Nov 2024 10:04:37 GMT","Effective":"Wed, 01 Jan 2020 00:00:01 GMT","Expire":"Sat, 01 Jan 2050 00:00:01 GMT","Site_NGUID":"SSAP23858241FENTONST@buckscounty.org","Country":"US","State":"PA","County":"Bucks County","AddCode":"","AddDataURI":"","Inc_Muni":"Warminster Township","Uninc_Comm":"","Nbrhd_Comm":"","AddNum_Pre":"","Add_Number":"41","AddNum_Suf":"","St_PreMod":"","St_PreDir":"","St_PreTyp":"","St_PreSep":"","St_Name":"FENTON","St_PosTyp":"STREET","St_PosDir":"","St_PosMod":"","Lst_PreDir":"","Lst_Name":"FENTON","Lst_Type":"ST","LstPosDir":"","ESN":"51","MSAGComm":"WARMINSTER TOWNSHIP","Post_Comm":"WARMINSTER","Post_Code":"18974","Post_Code4":"","Building":"","Floor":" ","Unit":" ","Room":"","Seat":" ","Addtl_Loc":" ","LandmkName":" ","Mile_Post":" ","Place_Type":" ","Placement":" ","Long":-75.08752126,"Lat":40.18621105,"Elev":"0","ParcelID":"49-009-028-013","Full_Addr":"41 FENTON ST","Comment":" ","Purpose":null,"DiscrpAgID":"buckscounty.org","created_user":null,"created_date":null,"last_edited_user":"DGALLOWAY","gc_exception":"","ADDRGUID":null,"RDNAME":"FENTON ST"}},{"type":"Feature","id":238233,"geometry":{"type":"Point","coordinates":[-75.0880299596822,40.185997860527]},"properties":{"OBJECTID":238233,"Source":"","DateUpdate":"Tue, 12 Nov 2024 10:04:37 GMT","Effective":"Wed, 01 Jan 2020 00:00:01 GMT","Expire":"Sat, 01 Jan 2050 00:00:01 GMT","Site_NGUID":"SSAP23858329FENTONST@buckscounty.org","Country":"US","State":"PA","County":"Bucks County","AddCode":"","AddDataURI":"","Inc_Muni":"Warminster Township","Uninc_Comm":"","Nbrhd_Comm":"","AddNum_Pre":"","Add_Number":"29","AddNum_Suf":"","St_PreMod":"","St_PreDir":"","St_PreTyp":"","St_PreSep":"","St_Name":"FENTON","St_PosTyp":"STREET","St_PosDir":"","St_PosMod":"","Lst_PreDir":"","Lst_Name":"FENTON","Lst_Type":"ST","LstPosDir":"","ESN":"51","MSAGComm":"WARMINSTER TOWNSHIP","Post_Comm":"WARMINSTER","Post_Code":"18974","Post_Code4":"","Building":"","Floor":" ","Unit":" ","Room":"","Seat":" ","Addtl_Loc":" ","LandmkName":" ","Mile_Post":" ","Place_Type":" ","Placement":" ","Long":-75.0880282,"Lat":40.18598975,"Elev":"0","ParcelID":"49-009-028-013","Full_Addr":"29 FENTON ST","Comment":" ","Purpose":null,"DiscrpAgID":"buckscounty.org","created_user":null,"created_date":null,"last_edited_user":"DGALLOWAY","gc_exception":"","ADDRGUID":null,"RDNAME":"FENTON ST"}},{"type":"Feature","id":238234,"geometry":{"type":"Point","coordinates":[-75.0879602213661,40.1860285964596]},"properties":{"OBJECTID":238234,"Source":"","DateUpdate":"Tue, 12 Nov 2024 10:04:37 GMT","Effective":"Wed, 01 Jan 2020 00:00:01 GMT","Expire":"Sat, 01 Jan 2050 00:00:01 GMT","Site_NGUID":"SSAP23858433FENTONST@buckscounty.org","Country":"US","State":"PA","County":"Bucks County","AddCode":"","AddDataURI":"","Inc_Muni":"Warminster Township","Uninc_Comm":"","Nbrhd_Comm":"","AddNum_Pre":"","Add_Number":"33","AddNum_Suf":"","St_PreMod":"","St_PreDir":"","St_PreTyp":"","St_PreSep":"","St_Name":"FENTON","St_PosTyp":"STREET","St_PosDir":"","St_PosMod":"","Lst_PreDir":"","Lst_Name":"FENTON","Lst_Type":"ST","LstPosDir":"","ESN":"51","MSAGComm":"WARMINSTER TOWNSHIP","Post_Comm":"WARMINSTER","Post_Code":"18974","Post_Code4":"","Building":"","Floor":" ","Unit":" ","Room":"","Seat":" ","Addtl_Loc":" ","LandmkName":" ","Mile_Post":" ","Place_Type":" ","Placement":" ","Long":-75.08795846,"Lat":40.18602048,"Elev":"0","ParcelID":"49-009-028-013","Full_Addr":"33 FENTON ST","Comment":" ","Purpose":null,"DiscrpAgID":"buckscounty.org","created_user":null,"created_date":null,"last_edited_user":"DGALLOWAY","gc_exception":"","ADDRGUID":null,"RDNAME":"FENTON ST"}},{"type":"Feature","id":238235,"geometry":{"type":"Point","coordinates":[-75.0878958493499,40.1860634299862]},"properties":{"OBJECTID":238235,"Source":"","DateUpdate":"Tue, 12 Nov 2024 10:04:37 GMT","Effective":"Wed, 01 Jan 2020 00:00:01 GMT","Expire":"Sat, 01 Jan 2050 00:00:01 GMT","Site_NGUID":"SSAP23858535FENTONST@buckscounty.org","Country":"US","State":"PA","County":"Bucks County","AddCode":"","AddDataURI":"","Inc_Muni":"Warminster Township","Uninc_Comm":"","Nbrhd_Comm":"","AddNum_Pre":"","Add_Number":"35","AddNum_Suf":"","St_PreMod":"","St_PreDir":"","St_PreTyp":"","St_PreSep":"","St_Name":"FENTON","St_PosTyp":"STREET","St_PosDir":"","St_PosMod":"","Lst_PreDir":"","Lst_Name":"FENTON","Lst_Type":"ST","LstPosDir":"","ESN":"51","MSAGComm":"WARMINSTER TOWNSHIP","Post_Comm":"WARMINSTER","Post_Code":"18974","Post_Code4":"","Building":"","Floor":" ","Unit":" ","Room":"","Seat":" ","Addtl_Loc":" ","LandmkName":" ","Mile_Post":" ","Place_Type":" ","Placement":" ","Long":-75.08789409,"Lat":40.18605532,"Elev":"0","ParcelID":"49-009-028-013","Full_Addr":"35 FENTON ST","Comment":" ","Purpose":null,"DiscrpAgID":"buckscounty.org","created_user":null,"created_date":null,"last_edited_user":"DGALLOWAY","gc_exception":"","ADDRGUID":null,"RDNAME":"FENTON ST"}},{"type":"Feature","id":238236,"geometry":{"type":"Point","coordinates":[-75.0878368400342,40.1860880202813]},"properties":{"OBJECTID":238236,"Source":"","DateUpdate":"Tue, 12 Nov 2024 10:04:37 GMT","Effective":"Wed, 01 Jan 2020 00:00:01 GMT","Expire":"Sat, 01 Jan 2050 00:00:01 GMT","Site_NGUID":"SSAP23858639FENTONST@buckscounty.org","Country":"US","State":"PA","County":"Bucks County","AddCode":"","AddDataURI":"","Inc_Muni":"Warminster Township","Uninc_Comm":"","Nbrhd_Comm":"","AddNum_Pre":"","Add_Number":"39","AddNum_Suf":"","St_PreMod":"","St_PreDir":"","St_PreTyp":"","St_PreSep":"","St_Name":"FENTON","St_PosTyp":"STREET","St_PosDir":"","St_PosMod":"","Lst_PreDir":"","Lst_Name":"FENTON","Lst_Type":"ST","LstPosDir":"","ESN":"51","MSAGComm":"WARMINSTER TOWNSHIP","Post_Comm":"WARMINSTER","Post_Code":"18974","Post_Code4":"","Building":"","Floor":" ","Unit":" ","Room":"","Seat":" ","Addtl_Loc":" ","LandmkName":" ","Mile_Post":" ","Place_Type":" ","Placement":" ","Long":-75.08783508,"Lat":40.18607991,"Elev":"0","ParcelID":"49-009-028-013","Full_Addr":"39 FENTON ST","Comment":" ","Purpose":null,"DiscrpAgID":"buckscounty.org","created_user":null,"created_date":null,"last_edited_user":"DGALLOWAY","gc_exception":"","ADDRGUID":null,"RDNAME":"FENTON ST"}},{"type":"Feature","id":238237,"geometry":{"type":"Point","coordinates":[-75.0872735759947,40.1863564480123]},"properties":{"OBJECTID":238237,"Source":"","DateUpdate":"Tue, 12 Nov 2024 10:04:37 GMT","Effective":"Wed, 01 Jan 2020 00:00:01 GMT","Expire":"Sat, 01 Jan 2050 00:00:01 GMT","Site_NGUID":"SSAP23858751FENTONST@buckscounty.org","Country":"US","State":"PA","County":"Bucks County","AddCode":"","AddDataURI":"","Inc_Muni":"Warminster Township","Uninc_Comm":"","Nbrhd_Comm":"","AddNum_Pre":"","Add_Number":"51","AddNum_Suf":"","St_PreMod":"","St_PreDir":"","St_PreTyp":"","St_PreSep":"","St_Name":"FENTON","St_PosTyp":"STREET","St_PosDir":"","St_PosMod":"","Lst_PreDir":"","Lst_Name":"FENTON","Lst_Type":"ST","LstPosDir":"","ESN":"51","MSAGComm":"WARMINSTER TOWNSHIP","Post_Comm":"WARMINSTER","Post_Code":"18974","Post_Code4":"","Building":"","Floor":" ","Unit":" ","Room":"","Seat":" ","Addtl_Loc":" ","LandmkName":" ","Mile_Post":" ","Place_Type":" ","Placement":" ","Long":-75.08727181,"Lat":40.18634833,"Elev":"0","ParcelID":"49-009-028-013","Full_Addr":"51 FENTON ST","Comment":" ","Purpose":null,"DiscrpAgID":"buckscounty.org","created_user":null,"created_date":null,"last_edited_user":"DGALLOWAY","gc_exception":"","ADDRGUID":null,"RDNAME":"FENTON ST"}},{"type":"Feature","id":238238,"geometry":{"type":"Point","coordinates":[-75.0858064072356,40.1871555807676]},"properties":{"OBJECTID":238238,"Source":"","DateUpdate":"Tue, 12 Nov 2024 10:04:37 GMT","Effective":"Wed, 01 Jan 2020 00:00:01 GMT","Expire":"Sat, 01 Jan 2050 00:00:01 GMT","Site_NGUID":"SSAP23858879FENTONST@buckscounty.org","Country":"US","State":"PA","County":"Bucks County","AddCode":"","AddDataURI":"","Inc_Muni":"Warminster Township","Uninc_Comm":"","Nbrhd_Comm":"","AddNum_Pre":"","Add_Number":"79","AddNum_Suf":"","St_PreMod":"","St_PreDir":"","St_PreTyp":"","St_PreSep":"","St_Name":"FENTON","St_PosTyp":"STREET","St_PosDir":"","St_PosMod":"","Lst_PreDir":"","Lst_Name":"FENTON","Lst_Type":"ST","LstPosDir":"","ESN":"51","MSAGComm":"WARMINSTER TOWNSHIP","Post_Comm":"WARMINSTER","Post_Code":"18974","Post_Code4":"","Building":"","Floor":" ","Unit":" ","Room":"","Seat":" ","Addtl_Loc":" ","LandmkName":" ","Mile_Post":" ","Place_Type":" ","Placement":" ","Long":-75.08580465,"Lat":40.18714747,"Elev":"0","ParcelID":"49-009-028-013","Full_Addr":"79 FENTON ST","Comment":" ","Purpose":null,"DiscrpAgID":"buckscounty.org","created_user":null,"created_date":null,"last_edited_user":"DGALLOWAY","gc_exception":"","ADDRGUID":null,"RDNAME":"FENTON ST"}},{"type":"Feature","id":238239,"geometry":{"type":"Point","coordinates":[-75.0858654152288,40.1871391889978]},"properties":{"OBJECTID":238239,"Source":"","DateUpdate":"Tue, 12 Nov 2024 10:04:37 GMT","Effective":"Wed, 01 Jan 2020 00:00:01 GMT","Expire":"Sat, 01 Jan 2050 00:00:01 GMT","Site_NGUID":"SSAP23858977FENTONST@buckscounty.org","Country":"US","State":"PA","County":"Bucks County","AddCode":"","AddDataURI":"","Inc_Muni":"Warminster Township","Uninc_Comm":"","Nbrhd_Comm":"","AddNum_Pre":"","Add_Number":"77","AddNum_Suf":"","St_PreMod":"","St_PreDir":"","St_PreTyp":"","St_PreSep":"","St_Name":"FENTON","St_PosTyp":"STREET","St_PosDir":"","St_PosMod":"","Lst_PreDir":"","Lst_Name":"FENTON","Lst_Type":"ST","LstPosDir":"","ESN":"51","MSAGComm":"WARMINSTER TOWNSHIP","Post_Comm":"WARMINSTER","Post_Code":"18974","Post_Code4":"","Building":"","Floor":" ","Unit":" ","Room":"","Seat":" ","Addtl_Loc":" ","LandmkName":" ","Mile_Post":" ","Place_Type":" ","Placement":" ","Long":-75.08586365,"Lat":40.18713107,"Elev":"0","ParcelID":"49-009-028-013","Full_Addr":"77 FENTON ST","Comment":" ","Purpose":null,"DiscrpAgID":"buckscounty.org","created_user":null,"created_date":null,"last_edited_user":"DGALLOWAY","gc_exception":"","ADDRGUID":null,"RDNAME":"FENTON ST"}},{"type":"Feature","id":238240,"geometry":{"type":"Point","coordinates":[-75.0859324718418,40.1871166483434]},"properties":{"OBJECTID":238240,"Source":"","DateUpdate":"Tue, 12 Nov 2024 10:04:37 GMT","Effective":"Wed, 01 Jan 2020 00:00:01 GMT","Expire":"Sat, 01 Jan 2050 00:00:01 GMT","Site_NGUID":"SSAP23859075FENTONST@buckscounty.org","Country":"US","State":"PA","County":"Bucks County","AddCode":"","AddDataURI":"","Inc_Muni":"Warminster Township","Uninc_Comm":"","Nbrhd_Comm":"","AddNum_Pre":"","Add_Number":"75","AddNum_Suf":"","St_PreMod":"","St_PreDir":"","St_PreTyp":"","St_PreSep":"","St_Name":"FENTON","St_PosTyp":"STREET","St_PosDir":"","St_PosMod":"","Lst_PreDir":"","Lst_Name":"FENTON","Lst_Type":"ST","LstPosDir":"","ESN":"51","MSAGComm":"WARMINSTER TOWNSHIP","Post_Comm":"WARMINSTER","Post_Code":"18974","Post_Code4":"","Building":"","Floor":" ","Unit":" ","Room":"","Seat":" ","Addtl_Loc":" ","LandmkName":" ","Mile_Post":" ","Place_Type":" ","Placement":" ","Long":-75.08593071,"Lat":40.18710853,"Elev":"0","ParcelID":"49-009-028-013","Full_Addr":"75 FENTON ST","Comment":" ","Purpose":null,"DiscrpAgID":"buckscounty.org","created_user":null,"created_date":null,"last_edited_user":"DGALLOWAY","gc_exception":"","ADDRGUID":null,"RDNAME":"FENTON ST"}},{"type":"Feature","id":238241,"geometry":{"type":"Point","coordinates":[-75.0859941614532,40.1870982074623]},"properties":{"OBJECTID":238241,"Source":"","DateUpdate":"Tue, 12 Nov 2024 10:04:37 GMT","Effective":"Wed, 01 Jan 2020 00:00:01 GMT","Expire":"Sat, 01 Jan 2050 00:00:01 GMT","Site_NGUID":"SSAP23859173FENTONST@buckscounty.org","Country":"US","State":"PA","County":"Bucks County","AddCode":"","AddDataURI":"","Inc_Muni":"Warminster Township","Uninc_Comm":"","Nbrhd_Comm":"","AddNum_Pre":"","Add_Number":"73","AddNum_Suf":"","St_PreMod":"","St_PreDir":"","St_PreTyp":"","St_PreSep":"","St_Name":"FENTON","St_PosTyp":"STREET","St_PosDir":"","St_PosMod":"","Lst_PreDir":"","Lst_Name":"FENTON","Lst_Type":"ST","LstPosDir":"","ESN":"51","MSAGComm":"WARMINSTER TOWNSHIP","Post_Comm":"WARMINSTER","Post_Code":"18974","Post_Code4":"","Building":"","Floor":" ","Unit":" ","Room":"","Seat":" ","Addtl_Loc":" ","LandmkName":" ","Mile_Post":" ","Place_Type":" ","Placement":" ","Long":-75.0859924,"Lat":40.18709009,"Elev":"0","ParcelID":"49-009-028-013","Full_Addr":"73 FENTON ST","Comment":" ","Purpose":null,"DiscrpAgID":"buckscounty.org","created_user":null,"created_date":null,"last_edited_user":"DGALLOWAY","gc_exception":"","ADDRGUID":null,"RDNAME":"FENTON ST"}},{"type":"Feature","id":238242,"geometry":{"type":"Point","coordinates":[-75.0868497865145,40.1866310247152]},"properties":{"OBJECTID":238242,"Source":"","DateUpdate":"Tue, 12 Nov 2024 10:04:37 GMT","Effective":"Wed, 01 Jan 2020 00:00:01 GMT","Expire":"Sat, 01 Jan 2050 00:00:01 GMT","Site_NGUID":"SSAP23859259FENTONST@buckscounty.org","Country":"US","State":"PA","County":"Bucks County","AddCode":"","AddDataURI":"","Inc_Muni":"Warminster Township","Uninc_Comm":"","Nbrhd_Comm":"","AddNum_Pre":"","Add_Number":"59","AddNum_Suf":"","St_PreMod":"","St_PreDir":"","St_PreTyp":"","St_PreSep":"","St_Name":"FENTON","St_PosTyp":"STREET","St_PosDir":"","St_PosMod":"","Lst_PreDir":"","Lst_Name":"FENTON","Lst_Type":"ST","LstPosDir":"","ESN":"51","MSAGComm":"WARMINSTER TOWNSHIP","Post_Comm":"WARMINSTER","Post_Code":"18974","Post_Code4":"","Building":"","Floor":" ","Unit":" ","Room":"","Seat":" ","Addtl_Loc":" ","LandmkName":" ","Mile_Post":" ","Place_Type":" ","Placement":" ","Long":-75.08684803,"Lat":40.18662291,"Elev":"0","ParcelID":"49-009-028-013","Full_Addr":"59 FENTON ST","Comment":" ","Purpose":null,"DiscrpAgID":"buckscounty.org","created_user":null,"created_date":null,"last_edited_user":"DGALLOWAY","gc_exception":"","ADDRGUID":null,"RDNAME":"FENTON ST"}},{"type":"Feature","id":238243,"geometry":{"type":"Point","coordinates":[-75.0869490274845,40.1865675032981]},"properties":{"OBJECTID":238243,"Source":"","DateUpdate":"Tue, 12 Nov 2024 10:04:37 GMT","Effective":"Wed, 01 Jan 2020 00:00:01 GMT","Expire":"Sat, 01 Jan 2050 00:00:01 GMT","Site_NGUID":"SSAP23859353FENTONST@buckscounty.org","Country":"US","State":"PA","County":"Bucks County","AddCode":"","AddDataURI":"","Inc_Muni":"Warminster Township","Uninc_Comm":"","Nbrhd_Comm":"","AddNum_Pre":"","Add_Number":"53","AddNum_Suf":"","St_PreMod":"","St_PreDir":"","St_PreTyp":"","St_PreSep":"","St_Name":"FENTON","St_PosTyp":"STREET","St_PosDir":"","St_PosMod":"","Lst_PreDir":"","Lst_Name":"FENTON","Lst_Type":"ST","LstPosDir":"","ESN":"51","MSAGComm":"WARMINSTER TOWNSHIP","Post_Comm":"WARMINSTER","Post_Code":"18974","Post_Code4":"","Building":"","Floor":" ","Unit":" ","Room":"","Seat":" ","Addtl_Loc":" ","LandmkName":" ","Mile_Post":" ","Place_Type":" ","Placement":" ","Long":-75.08694727,"Lat":40.18655939,"Elev":"0","ParcelID":"49-009-028-013","Full_Addr":"53 FENTON ST","Comment":" ","Purpose":null,"DiscrpAgID":"buckscounty.org","created_user":null,"created_date":null,"last_edited_user":"DGALLOWAY","gc_exception":"","ADDRGUID":null,"RDNAME":"FENTON ST"}},{"type":"Feature","id":238244,"geometry":{"type":"Point","coordinates":[-75.088403898047,40.1863980730869]},"properties":{"OBJECTID":238244,"Source":"","DateUpdate":"Tue, 12 Nov 2024 10:04:37 GMT","Effective":"Wed, 01 Jan 2020 00:00:01 GMT","Expire":"Sat, 01 Jan 2050 00:00:01 GMT","Site_NGUID":"SSAP2385949EVANSST@buckscounty.org","Country":"US","State":"PA","County":"Bucks County","AddCode":"","AddDataURI":"","Inc_Muni":"Warminster Township","Uninc_Comm":"","Nbrhd_Comm":"","AddNum_Pre":"","Add_Number":"9","AddNum_Suf":"","St_PreMod":"","St_PreDir":"","St_PreTyp":"","St_PreSep":"","St_Name":"EVANS","St_PosTyp":"STREET","St_PosDir":"","St_PosMod":"","Lst_PreDir":"","Lst_Name":"EVANS","Lst_Type":"ST","LstPosDir":"","ESN":"51","MSAGComm":"WARMINSTER TOWNSHIP","Post_Comm":"WARMINSTER","Post_Code":"18974","Post_Code4":"","Building":"","Floor":" ","Unit":" ","Room":"","Seat":" ","Addtl_Loc":" ","LandmkName":" ","Mile_Post":" ","Place_Type":" ","Placement":" ","Long":-75.08840214,"Lat":40.18638996,"Elev":"0","ParcelID":"49-009-028-013","Full_Addr":"9 EVANS ST","Comment":" ","Purpose":null,"DiscrpAgID":"buckscounty.org","created_user":null,"created_date":null,"last_edited_user":"DGALLOWAY","gc_exception":"","ADDRGUID":null,"RDNAME":"EVANS ST"}},{"type":"Feature","id":238245,"geometry":{"type":"Point","coordinates":[-75.0883395255251,40.1864267600441]},"properties":{"OBJECTID":238245,"Source":"","DateUpdate":"Tue, 12 Nov 2024 10:04:37 GMT","Effective":"Wed, 01 Jan 2020 00:00:01 GMT","Expire":"Sat, 01 Jan 2050 00:00:01 GMT","Site_NGUID":"SSAP23859511EVANSST@buckscounty.org","Country":"US","State":"PA","County":"Bucks County","AddCode":"","AddDataURI":"","Inc_Muni":"Warminster Township","Uninc_Comm":"","Nbrhd_Comm":"","AddNum_Pre":"","Add_Number":"11","AddNum_Suf":"","St_PreMod":"","St_PreDir":"","St_PreTyp":"","St_PreSep":"","St_Name":"EVANS","St_PosTyp":"STREET","St_PosDir":"","St_PosMod":"","Lst_PreDir":"","Lst_Name":"EVANS","Lst_Type":"ST","LstPosDir":"","ESN":"51","MSAGComm":"WARMINSTER TOWNSHIP","Post_Comm":"WARMINSTER","Post_Code":"18974","Post_Code4":"","Building":"","Floor":" ","Unit":" ","Room":"","Seat":" ","Addtl_Loc":" ","LandmkName":" ","Mile_Post":" ","Place_Type":" ","Placement":" ","Long":-75.08833776,"Lat":40.18641865,"Elev":"0","ParcelID":"49-009-028-013","Full_Addr":"11 EVANS ST","Comment":" ","Purpose":null,"DiscrpAgID":"buckscounty.org","created_user":null,"created_date":null,"last_edited_user":"DGALLOWAY","gc_exception":"","ADDRGUID":null,"RDNAME":"EVANS ST"}},{"type":"Feature","id":238246,"geometry":{"type":"Point","coordinates":[-75.0882805180533,40.1864636424248]},"properties":{"OBJECTID":238246,"Source":"","DateUpdate":"Tue, 12 Nov 2024 10:04:37 GMT","Effective":"Wed, 01 Jan 2020 00:00:01 GMT","Expire":"Sat, 01 Jan 2050 00:00:01 GMT","Site_NGUID":"SSAP23859613EVANSST@buckscounty.org","Country":"US","State":"PA","County":"Bucks County","AddCode":"","AddDataURI":"","Inc_Muni":"Warminster Township","Uninc_Comm":"","Nbrhd_Comm":"","AddNum_Pre":"","Add_Number":"13","AddNum_Suf":"","St_PreMod":"","St_PreDir":"","St_PreTyp":"","St_PreSep":"","St_Name":"EVANS","St_PosTyp":"STREET","St_PosDir":"","St_PosMod":"","Lst_PreDir":"","Lst_Name":"EVANS","Lst_Type":"ST","LstPosDir":"","ESN":"51","MSAGComm":"WARMINSTER TOWNSHIP","Post_Comm":"WARMINSTER","Post_Code":"18974","Post_Code4":"","Building":"","Floor":" ","Unit":" ","Room":"","Seat":" ","Addtl_Loc":" ","LandmkName":" ","Mile_Post":" ","Place_Type":" ","Placement":" ","Long":-75.08827876,"Lat":40.18645553,"Elev":"0","ParcelID":"49-009-028-013","Full_Addr":"13 EVANS ST","Comment":" ","Purpose":null,"DiscrpAgID":"buckscounty.org","created_user":null,"created_date":null,"last_edited_user":"DGALLOWAY","gc_exception":"","ADDRGUID":null,"RDNAME":"EVANS ST"}},{"type":"Feature","id":238247,"geometry":{"type":"Point","coordinates":[-75.0882107790001,40.1864882316917]},"properties":{"OBJECTID":238247,"Source":"","DateUpdate":"Tue, 12 Nov 2024 10:04:37 GMT","Effective":"Wed, 01 Jan 2020 00:00:01 GMT","Expire":"Sat, 01 Jan 2050 00:00:01 GMT","Site_NGUID":"SSAP23859715EVANSST@buckscounty.org","Country":"US","State":"PA","County":"Bucks County","AddCode":"","AddDataURI":"","Inc_Muni":"Warminster Township","Uninc_Comm":"","Nbrhd_Comm":"","AddNum_Pre":"","Add_Number":"15","AddNum_Suf":"","St_PreMod":"","St_PreDir":"","St_PreTyp":"","St_PreSep":"","St_Name":"EVANS","St_PosTyp":"STREET","St_PosDir":"","St_PosMod":"","Lst_PreDir":"","Lst_Name":"EVANS","Lst_Type":"ST","LstPosDir":"","ESN":"51","MSAGComm":"WARMINSTER TOWNSHIP","Post_Comm":"WARMINSTER","Post_Code":"18974","Post_Code4":"","Building":"","Floor":" ","Unit":" ","Room":"","Seat":" ","Addtl_Loc":" ","LandmkName":" ","Mile_Post":" ","Place_Type":" ","Placement":" ","Long":-75.08820902,"Lat":40.18648012,"Elev":"0","ParcelID":"49-009-028-013","Full_Addr":"15 EVANS ST","Comment":" ","Purpose":null,"DiscrpAgID":"buckscounty.org","created_user":null,"created_date":null,"last_edited_user":"DGALLOWAY","gc_exception":"","ADDRGUID":null,"RDNAME":"EVANS ST"}},{"type":"Feature","id":238248,"geometry":{"type":"Point","coordinates":[-75.0881517706732,40.1865128203739]},"properties":{"OBJECTID":238248,"Source":"","DateUpdate":"Tue, 12 Nov 2024 10:04:37 GMT","Effective":"Wed, 01 Jan 2020 00:00:01 GMT","Expire":"Sat, 01 Jan 2050 00:00:01 GMT","Site_NGUID":"SSAP23859817EVANSST@buckscounty.org","Country":"US","State":"PA","County":"Bucks County","AddCode":"","AddDataURI":"","Inc_Muni":"Warminster Township","Uninc_Comm":"","Nbrhd_Comm":"","AddNum_Pre":"","Add_Number":"17","AddNum_Suf":"","St_PreMod":"","St_PreDir":"","St_PreTyp":"","St_PreSep":"","St_Name":"EVANS","St_PosTyp":"STREET","St_PosDir":"","St_PosMod":"","Lst_PreDir":"","Lst_Name":"EVANS","Lst_Type":"ST","LstPosDir":"","ESN":"51","MSAGComm":"WARMINSTER TOWNSHIP","Post_Comm":"WARMINSTER","Post_Code":"18974","Post_Code4":"","Building":"","Floor":" ","Unit":" ","Room":"","Seat":" ","Addtl_Loc":" ","LandmkName":" ","Mile_Post":" ","Place_Type":" ","Placement":" ","Long":-75.08815001,"Lat":40.18650471,"Elev":"0","ParcelID":"49-009-028-013","Full_Addr":"17 EVANS ST","Comment":" ","Purpose":null,"DiscrpAgID":"buckscounty.org","created_user":null,"created_date":null,"last_edited_user":"DGALLOWAY","gc_exception":"","ADDRGUID":null,"RDNAME":"EVANS ST"}},{"type":"Feature","id":238249,"geometry":{"type":"Point","coordinates":[-75.0881034905153,40.1865415081025]},"properties":{"OBJECTID":238249,"Source":"","DateUpdate":"Tue, 12 Nov 2024 10:04:37 GMT","Effective":"Wed, 01 Jan 2020 00:00:01 GMT","Expire":"Sat, 01 Jan 2050 00:00:01 GMT","Site_NGUID":"SSAP23859919EVANSST@buckscounty.org","Country":"US","State":"PA","County":"Bucks County","AddCode":"","AddDataURI":"","Inc_Muni":"Warminster Township","Uninc_Comm":"","Nbrhd_Comm":"","AddNum_Pre":"","Add_Number":"19","AddNum_Suf":"","St_PreMod":"","St_PreDir":"","St_PreTyp":"","St_PreSep":"","St_Name":"EVANS","St_PosTyp":"STREET","St_PosDir":"","St_PosMod":"","Lst_PreDir":"","Lst_Name":"EVANS","Lst_Type":"ST","LstPosDir":"","ESN":"51","MSAGComm":"WARMINSTER TOWNSHIP","Post_Comm":"WARMINSTER","Post_Code":"18974","Post_Code4":"","Building":"","Floor":" ","Unit":" ","Room":"","Seat":" ","Addtl_Loc":" ","LandmkName":" ","Mile_Post":" ","Place_Type":" ","Placement":" ","Long":-75.08810173,"Lat":40.18653339,"Elev":"0","ParcelID":"49-009-028-013","Full_Addr":"19 EVANS ST","Comment":" ","Purpose":null,"DiscrpAgID":"buckscounty.org","created_user":null,"created_date":null,"last_edited_user":"DGALLOWAY","gc_exception":"","ADDRGUID":null,"RDNAME":"EVANS ST"}},{"type":"Feature","id":238250,"geometry":{"type":"Point","coordinates":[-75.0882657651471,40.1861972640017]},"properties":{"OBJECTID":238250,"Source":"","DateUpdate":"Tue, 12 Nov 2024 10:04:37 GMT","Effective":"Wed, 01 Jan 2020 00:00:01 GMT","Expire":"Sat, 01 Jan 2050 00:00:01 GMT","Site_NGUID":"SSAP23860010EVANSST@buckscounty.org","Country":"US","State":"PA","County":"Bucks County","AddCode":"","AddDataURI":"","Inc_Muni":"Warminster Township","Uninc_Comm":"","Nbrhd_Comm":"","AddNum_Pre":"","Add_Number":"10","AddNum_Suf":"","St_PreMod":"","St_PreDir":"","St_PreTyp":"","St_PreSep":"","St_Name":"EVANS","St_PosTyp":"STREET","St_PosDir":"","St_PosMod":"","Lst_PreDir":"","Lst_Name":"EVANS","Lst_Type":"ST","LstPosDir":"","ESN":"51","MSAGComm":"WARMINSTER TOWNSHIP","Post_Comm":"WARMINSTER","Post_Code":"18974","Post_Code4":"","Building":"","Floor":" ","Unit":" ","Room":"","Seat":" ","Addtl_Loc":" ","LandmkName":" ","Mile_Post":" ","Place_Type":" ","Placement":" ","Long":-75.088264,"Lat":40.18618915,"Elev":"0","ParcelID":"49-009-028-013","Full_Addr":"10 EVANS ST","Comment":" ","Purpose":null,"DiscrpAgID":"buckscounty.org","created_user":null,"created_date":null,"last_edited_user":"DGALLOWAY","gc_exception":"","ADDRGUID":null,"RDNAME":"EVANS ST"}},{"type":"Feature","id":238251,"geometry":{"type":"Point","coordinates":[-75.0882054154764,40.1862218523244]},"properties":{"OBJECTID":238251,"Source":"","DateUpdate":"Tue, 12 Nov 2024 10:04:37 GMT","Effective":"Wed, 01 Jan 2020 00:00:01 GMT","Expire":"Sat, 01 Jan 2050 00:00:01 GMT","Site_NGUID":"SSAP23860112EVANSST@buckscounty.org","Country":"US","State":"PA","County":"Bucks County","AddCode":"","AddDataURI":"","Inc_Muni":"Warminster Township","Uninc_Comm":"","Nbrhd_Comm":"","AddNum_Pre":"","Add_Number":"12","AddNum_Suf":"","St_PreMod":"","St_PreDir":"","St_PreTyp":"","St_PreSep":"","St_Name":"EVANS","St_PosTyp":"STREET","St_PosDir":"","St_PosMod":"","Lst_PreDir":"","Lst_Name":"EVANS","Lst_Type":"ST","LstPosDir":"","ESN":"51","MSAGComm":"WARMINSTER TOWNSHIP","Post_Comm":"WARMINSTER","Post_Code":"18974","Post_Code4":"","Building":"","Floor":" ","Unit":" ","Room":"","Seat":" ","Addtl_Loc":" ","LandmkName":" ","Mile_Post":" ","Place_Type":" ","Placement":" ","Long":-75.08820365,"Lat":40.18621374,"Elev":"0","ParcelID":"49-009-028-013","Full_Addr":"12 EVANS ST","Comment":" ","Purpose":null,"DiscrpAgID":"buckscounty.org","created_user":null,"created_date":null,"last_edited_user":"DGALLOWAY","gc_exception":"","ADDRGUID":null,"RDNAME":"EVANS ST"}},{"type":"Feature","id":238252,"geometry":{"type":"Point","coordinates":[-75.0881410420113,40.1862536134523]},"properties":{"OBJECTID":238252,"Source":"","DateUpdate":"Tue, 12 Nov 2024 10:04:37 GMT","Effective":"Wed, 01 Jan 2020 00:00:01 GMT","Expire":"Sat, 01 Jan 2050 00:00:01 GMT","Site_NGUID":"SSAP23860214EVANSST@buckscounty.org","Country":"US","State":"PA","County":"Bucks County","AddCode":"","AddDataURI":"","Inc_Muni":"Warminster Township","Uninc_Comm":"","Nbrhd_Comm":"","AddNum_Pre":"","Add_Number":"14","AddNum_Suf":"","St_PreMod":"","St_PreDir":"","St_PreTyp":"","St_PreSep":"","St_Name":"EVANS","St_PosTyp":"STREET","St_PosDir":"","St_PosMod":"","Lst_PreDir":"","Lst_Name":"EVANS","Lst_Type":"ST","LstPosDir":"","ESN":"51","MSAGComm":"WARMINSTER TOWNSHIP","Post_Comm":"WARMINSTER","Post_Code":"18974","Post_Code4":"","Building":"","Floor":" ","Unit":" ","Room":"","Seat":" ","Addtl_Loc":" ","LandmkName":" ","Mile_Post":" ","Place_Type":" ","Placement":" ","Long":-75.08813928,"Lat":40.1862455,"Elev":"0","ParcelID":"49-009-028-013","Full_Addr":"14 EVANS ST","Comment":" ","Purpose":null,"DiscrpAgID":"buckscounty.org","created_user":null,"created_date":null,"last_edited_user":"DGALLOWAY","gc_exception":"","ADDRGUID":null,"RDNAME":"EVANS ST"}},{"type":"Feature","id":238253,"geometry":{"type":"Point","coordinates":[-75.088082033532,40.1862792265597]},"properties":{"OBJECTID":238253,"Source":"","DateUpdate":"Tue, 12 Nov 2024 10:04:37 GMT","Effective":"Wed, 01 Jan 2020 00:00:01 GMT","Expire":"Sat, 01 Jan 2050 00:00:01 GMT","Site_NGUID":"SSAP23860316EVANSST@buckscounty.org","Country":"US","State":"PA","County":"Bucks County","AddCode":"","AddDataURI":"","Inc_Muni":"Warminster Township","Uninc_Comm":"","Nbrhd_Comm":"","AddNum_Pre":"","Add_Number":"16","AddNum_Suf":"","St_PreMod":"","St_PreDir":"","St_PreTyp":"","St_PreSep":"","St_Name":"EVANS","St_PosTyp":"STREET","St_PosDir":"","St_PosMod":"","Lst_PreDir":"","Lst_Name":"EVANS","Lst_Type":"ST","LstPosDir":"","ESN":"51","MSAGComm":"WARMINSTER TOWNSHIP","Post_Comm":"WARMINSTER","Post_Code":"18974","Post_Code4":"","Building":"","Floor":" ","Unit":" ","Room":"","Seat":" ","Addtl_Loc":" ","LandmkName":" ","Mile_Post":" ","Place_Type":" ","Placement":" ","Long":-75.08808027,"Lat":40.18627111,"Elev":"0","ParcelID":"49-009-028-013","Full_Addr":"16 EVANS ST","Comment":" ","Purpose":null,"DiscrpAgID":"buckscounty.org","created_user":null,"created_date":null,"last_edited_user":"DGALLOWAY","gc_exception":"","ADDRGUID":null,"RDNAME":"EVANS ST"}},{"type":"Feature","id":238254,"geometry":{"type":"Point","coordinates":[-75.0879586525523,40.1863366006897]},"properties":{"OBJECTID":238254,"Source":"","DateUpdate":"Tue, 12 Nov 2024 10:04:37 GMT","Effective":"Wed, 01 Jan 2020 00:00:01 GMT","Expire":"Sat, 01 Jan 2050 00:00:01 GMT","Site_NGUID":"SSAP23860420EVANSST@buckscounty.org","Country":"US","State":"PA","County":"Bucks County","AddCode":"","AddDataURI":"","Inc_Muni":"Warminster Township","Uninc_Comm":"","Nbrhd_Comm":"","AddNum_Pre":"","Add_Number":"20","AddNum_Suf":"","St_PreMod":"","St_PreDir":"","St_PreTyp":"","St_PreSep":"","St_Name":"EVANS","St_PosTyp":"STREET","St_PosDir":"","St_PosMod":"","Lst_PreDir":"","Lst_Name":"EVANS","Lst_Type":"ST","LstPosDir":"","ESN":"51","MSAGComm":"WARMINSTER TOWNSHIP","Post_Comm":"WARMINSTER","Post_Code":"18974","Post_Code4":"","Building":"","Floor":" ","Unit":" ","Room":"","Seat":" ","Addtl_Loc":" ","LandmkName":" ","Mile_Post":" ","Place_Type":" ","Placement":" ","Long":-75.08795689,"Lat":40.18632849,"Elev":"0","ParcelID":"49-009-028-013","Full_Addr":"20 EVANS ST","Comment":" ","Purpose":null,"DiscrpAgID":"buckscounty.org","created_user":null,"created_date":null,"last_edited_user":"DGALLOWAY","gc_exception":"","ADDRGUID":null,"RDNAME":"EVANS ST"}},{"type":"Feature","id":238255,"geometry":{"type":"Point","coordinates":[-75.0876636096654,40.1864800360963]},"properties":{"OBJECTID":238255,"Source":"","DateUpdate":"Tue, 12 Nov 2024 10:04:37 GMT","Effective":"Wed, 01 Jan 2020 00:00:01 GMT","Expire":"Sat, 01 Jan 2050 00:00:01 GMT","Site_NGUID":"SSAP23860524EVANSST@buckscounty.org","Country":"US","State":"PA","County":"Bucks County","AddCode":"","AddDataURI":"","Inc_Muni":"Warminster Township","Uninc_Comm":"","Nbrhd_Comm":"","AddNum_Pre":"","Add_Number":"24","AddNum_Suf":"","St_PreMod":"","St_PreDir":"","St_PreTyp":"","St_PreSep":"","St_Name":"EVANS","St_PosTyp":"STREET","St_PosDir":"","St_PosMod":"","Lst_PreDir":"","Lst_Name":"EVANS","Lst_Type":"ST","LstPosDir":"","ESN":"51","MSAGComm":"WARMINSTER TOWNSHIP","Post_Comm":"WARMINSTER","Post_Code":"18974","Post_Code4":"","Building":"","Floor":" ","Unit":" ","Room":"","Seat":" ","Addtl_Loc":" ","LandmkName":" ","Mile_Post":" ","Place_Type":" ","Placement":" ","Long":-75.08766185,"Lat":40.18647192,"Elev":"0","ParcelID":"49-009-028-013","Full_Addr":"24 EVANS ST","Comment":" ","Purpose":null,"DiscrpAgID":"buckscounty.org","created_user":null,"created_date":null,"last_edited_user":"DGALLOWAY","gc_exception":"","ADDRGUID":null,"RDNAME":"EVANS ST"}},{"type":"Feature","id":238256,"geometry":{"type":"Point","coordinates":[-75.0876046002892,40.1865107712871]},"properties":{"OBJECTID":238256,"Source":"","DateUpdate":"Tue, 12 Nov 2024 10:04:37 GMT","Effective":"Wed, 01 Jan 2020 00:00:01 GMT","Expire":"Sat, 01 Jan 2050 00:00:01 GMT","Site_NGUID":"SSAP23860626EVANSST@buckscounty.org","Country":"US","State":"PA","County":"Bucks County","AddCode":"","AddDataURI":"","Inc_Muni":"Warminster Township","Uninc_Comm":"","Nbrhd_Comm":"","AddNum_Pre":"","Add_Number":"26","AddNum_Suf":"","St_PreMod":"","St_PreDir":"","St_PreTyp":"","St_PreSep":"","St_Name":"EVANS","St_PosTyp":"STREET","St_PosDir":"","St_PosMod":"","Lst_PreDir":"","Lst_Name":"EVANS","Lst_Type":"ST","LstPosDir":"","ESN":"51","MSAGComm":"WARMINSTER TOWNSHIP","Post_Comm":"WARMINSTER","Post_Code":"18974","Post_Code4":"","Building":"","Floor":" ","Unit":" ","Room":"","Seat":" ","Addtl_Loc":" ","LandmkName":" ","Mile_Post":" ","Place_Type":" ","Placement":" ","Long":-75.08760284,"Lat":40.18650266,"Elev":"0","ParcelID":"49-009-028-013","Full_Addr":"26 EVANS ST","Comment":" ","Purpose":null,"DiscrpAgID":"buckscounty.org","created_user":null,"created_date":null,"last_edited_user":"DGALLOWAY","gc_exception":"","ADDRGUID":null,"RDNAME":"EVANS ST"}},{"type":"Feature","id":238257,"geometry":{"type":"Point","coordinates":[-75.0875590030273,40.1865363852699]},"properties":{"OBJECTID":238257,"Source":"","DateUpdate":"Tue, 12 Nov 2024 10:04:37 GMT","Effective":"Wed, 01 Jan 2020 00:00:01 GMT","Expire":"Sat, 01 Jan 2050 00:00:01 GMT","Site_NGUID":"SSAP23860728EVANSST@buckscounty.org","Country":"US","State":"PA","County":"Bucks County","AddCode":"","AddDataURI":"","Inc_Muni":"Warminster Township","Uninc_Comm":"","Nbrhd_Comm":"","AddNum_Pre":"","Add_Number":"28","AddNum_Suf":"","St_PreMod":"","St_PreDir":"","St_PreTyp":"","St_PreSep":"","St_Name":"EVANS","St_PosTyp":"STREET","St_PosDir":"","St_PosMod":"","Lst_PreDir":"","Lst_Name":"EVANS","Lst_Type":"ST","LstPosDir":"","ESN":"51","MSAGComm":"WARMINSTER TOWNSHIP","Post_Comm":"WARMINSTER","Post_Code":"18974","Post_Code4":"","Building":"","Floor":" ","Unit":" ","Room":"","Seat":" ","Addtl_Loc":" ","LandmkName":" ","Mile_Post":" ","Place_Type":" ","Placement":" ","Long":-75.08755724,"Lat":40.18652827,"Elev":"0","ParcelID":"49-009-028-013","Full_Addr":"28 EVANS ST","Comment":" ","Purpose":null,"DiscrpAgID":"buckscounty.org","created_user":null,"created_date":null,"last_edited_user":"DGALLOWAY","gc_exception":"","ADDRGUID":null,"RDNAME":"EVANS ST"}},{"type":"Feature","id":238258,"geometry":{"type":"Point","coordinates":[-75.0873417440142,40.186656255026]},"properties":{"OBJECTID":238258,"Source":"","DateUpdate":"Tue, 12 Nov 2024 10:04:37 GMT","Effective":"Wed, 01 Jan 2020 00:00:01 GMT","Expire":"Sat, 01 Jan 2050 00:00:01 GMT","Site_NGUID":"SSAP23860830EVANSST@buckscounty.org","Country":"US","State":"PA","County":"Bucks County","AddCode":"","AddDataURI":"","Inc_Muni":"Warminster Township","Uninc_Comm":"","Nbrhd_Comm":"","AddNum_Pre":"","Add_Number":"30","AddNum_Suf":"","St_PreMod":"","St_PreDir":"","St_PreTyp":"","St_PreSep":"","St_Name":"EVANS","St_PosTyp":"STREET","St_PosDir":"","St_PosMod":"","Lst_PreDir":"","Lst_Name":"EVANS","Lst_Type":"ST","LstPosDir":"","ESN":"51","MSAGComm":"WARMINSTER TOWNSHIP","Post_Comm":"WARMINSTER","Post_Code":"18974","Post_Code4":"","Building":"","Floor":" ","Unit":" ","Room":"","Seat":" ","Addtl_Loc":" ","LandmkName":" ","Mile_Post":" ","Place_Type":" ","Placement":" ","Long":-75.08733998,"Lat":40.18664814,"Elev":"0","ParcelID":"49-009-028-013","Full_Addr":"30 EVANS ST","Comment":" ","Purpose":null,"DiscrpAgID":"buckscounty.org","created_user":null,"created_date":null,"last_edited_user":"DGALLOWAY","gc_exception":"","ADDRGUID":null,"RDNAME":"EVANS ST"}},{"type":"Feature","id":238259,"geometry":{"type":"Point","coordinates":[-75.087292123067,40.1866880163508]},"properties":{"OBJECTID":238259,"Source":"","DateUpdate":"Tue, 12 Nov 2024 10:04:37 GMT","Effective":"Wed, 01 Jan 2020 00:00:01 GMT","Expire":"Sat, 01 Jan 2050 00:00:01 GMT","Site_NGUID":"SSAP23860932EVANSST@buckscounty.org","Country":"US","State":"PA","County":"Bucks County","AddCode":"","AddDataURI":"","Inc_Muni":"Warminster Township","Uninc_Comm":"","Nbrhd_Comm":"","AddNum_Pre":"","Add_Number":"32","AddNum_Suf":"","St_PreMod":"","St_PreDir":"","St_PreTyp":"","St_PreSep":"","St_Name":"EVANS","St_PosTyp":"STREET","St_PosDir":"","St_PosMod":"","Lst_PreDir":"","Lst_Name":"EVANS","Lst_Type":"ST","LstPosDir":"","ESN":"51","MSAGComm":"WARMINSTER TOWNSHIP","Post_Comm":"WARMINSTER","Post_Code":"18974","Post_Code4":"","Building":"","Floor":" ","Unit":" ","Room":"","Seat":" ","Addtl_Loc":" ","LandmkName":" ","Mile_Post":" ","Place_Type":" ","Placement":" ","Long":-75.08729036,"Lat":40.1866799,"Elev":"0","ParcelID":"49-009-028-013","Full_Addr":"32 EVANS ST","Comment":" ","Purpose":null,"DiscrpAgID":"buckscounty.org","created_user":null,"created_date":null,"last_edited_user":"DGALLOWAY","gc_exception":"","ADDRGUID":null,"RDNAME":"EVANS ST"}},{"type":"Feature","id":238260,"geometry":{"type":"Point","coordinates":[-75.0872398204788,40.1867218258298]},"properties":{"OBJECTID":238260,"Source":"","DateUpdate":"Tue, 12 Nov 2024 10:04:37 GMT","Effective":"Wed, 01 Jan 2020 00:00:01 GMT","Expire":"Sat, 01 Jan 2050 00:00:01 GMT","Site_NGUID":"SSAP23861034EVANSST@buckscounty.org","Country":"US","State":"PA","County":"Bucks County","AddCode":"","AddDataURI":"","Inc_Muni":"Warminster Township","Uninc_Comm":"","Nbrhd_Comm":"","AddNum_Pre":"","Add_Number":"34","AddNum_Suf":"","St_PreMod":"","St_PreDir":"","St_PreTyp":"","St_PreSep":"","St_Name":"EVANS","St_PosTyp":"STREET","St_PosDir":"","St_PosMod":"","Lst_PreDir":"","Lst_Name":"EVANS","Lst_Type":"ST","LstPosDir":"","ESN":"51","MSAGComm":"WARMINSTER TOWNSHIP","Post_Comm":"WARMINSTER","Post_Code":"18974","Post_Code4":"","Building":"","Floor":" ","Unit":" ","Room":"","Seat":" ","Addtl_Loc":" ","LandmkName":" ","Mile_Post":" ","Place_Type":" ","Placement":" ","Long":-75.08723806,"Lat":40.18671371,"Elev":"0","ParcelID":"49-009-028-013","Full_Addr":"34 EVANS ST","Comment":" ","Purpose":null,"DiscrpAgID":"buckscounty.org","created_user":null,"created_date":null,"last_edited_user":"DGALLOWAY","gc_exception":"","ADDRGUID":null,"RDNAME":"EVANS ST"}},{"type":"Feature","id":238261,"geometry":{"type":"Point","coordinates":[-75.0871861765556,40.1867546104243]},"properties":{"OBJECTID":238261,"Source":"","DateUpdate":"Tue, 12 Nov 2024 10:04:37 GMT","Effective":"Wed, 01 Jan 2020 00:00:01 GMT","Expire":"Sat, 01 Jan 2050 00:00:01 GMT","Site_NGUID":"SSAP23861136EVANSST@buckscounty.org","Country":"US","State":"PA","County":"Bucks County","AddCode":"","AddDataURI":"","Inc_Muni":"Warminster Township","Uninc_Comm":"","Nbrhd_Comm":"","AddNum_Pre":"","Add_Number":"36","AddNum_Suf":"","St_PreMod":"","St_PreDir":"","St_PreTyp":"","St_PreSep":"","St_Name":"EVANS","St_PosTyp":"STREET","St_PosDir":"","St_PosMod":"","Lst_PreDir":"","Lst_Name":"EVANS","Lst_Type":"ST","LstPosDir":"","ESN":"51","MSAGComm":"WARMINSTER TOWNSHIP","Post_Comm":"WARMINSTER","Post_Code":"18974","Post_Code4":"","Building":"","Floor":" ","Unit":" ","Room":"","Seat":" ","Addtl_Loc":" ","LandmkName":" ","Mile_Post":" ","Place_Type":" ","Placement":" ","Long":-75.08718442,"Lat":40.1867465,"Elev":"0","ParcelID":"49-009-028-013","Full_Addr":"36 EVANS ST","Comment":" ","Purpose":null,"DiscrpAgID":"buckscounty.org","created_user":null,"created_date":null,"last_edited_user":"DGALLOWAY","gc_exception":"","ADDRGUID":null,"RDNAME":"EVANS ST"}},{"type":"Feature","id":238262,"geometry":{"type":"Point","coordinates":[-75.0869447770316,40.1869021421124]},"properties":{"OBJECTID":238262,"Source":"","DateUpdate":"Tue, 12 Nov 2024 10:04:37 GMT","Effective":"Wed, 01 Jan 2020 00:00:01 GMT","Expire":"Sat, 01 Jan 2050 00:00:01 GMT","Site_NGUID":"SSAP23861238EVANSST@buckscounty.org","Country":"US","State":"PA","County":"Bucks County","AddCode":"","AddDataURI":"","Inc_Muni":"Warminster Township","Uninc_Comm":"","Nbrhd_Comm":"","AddNum_Pre":"","Add_Number":"38","AddNum_Suf":"","St_PreMod":"","St_PreDir":"","St_PreTyp":"","St_PreSep":"","St_Name":"EVANS","St_PosTyp":"STREET","St_PosDir":"","St_PosMod":"","Lst_PreDir":"","Lst_Name":"EVANS","Lst_Type":"ST","LstPosDir":"","ESN":"51","MSAGComm":"WARMINSTER TOWNSHIP","Post_Comm":"WARMINSTER","Post_Code":"18974","Post_Code4":"","Building":"","Floor":" ","Unit":" ","Room":"","Seat":" ","Addtl_Loc":" ","LandmkName":" ","Mile_Post":" ","Place_Type":" ","Placement":" ","Long":-75.08694302,"Lat":40.18689403,"Elev":"0","ParcelID":"49-009-028-013","Full_Addr":"38 EVANS ST","Comment":" ","Purpose":null,"DiscrpAgID":"buckscounty.org","created_user":null,"created_date":null,"last_edited_user":"DGALLOWAY","gc_exception":"","ADDRGUID":null,"RDNAME":"EVANS ST"}},{"type":"Feature","id":238263,"geometry":{"type":"Point","coordinates":[-75.0868964970355,40.1869349272291]},"properties":{"OBJECTID":238263,"Source":"","DateUpdate":"Tue, 12 Nov 2024 10:04:37 GMT","Effective":"Wed, 01 Jan 2020 00:00:01 GMT","Expire":"Sat, 01 Jan 2050 00:00:01 GMT","Site_NGUID":"SSAP23861340EVANSST@buckscounty.org","Country":"US","State":"PA","County":"Bucks County","AddCode":"","AddDataURI":"","Inc_Muni":"Warminster Township","Uninc_Comm":"","Nbrhd_Comm":"","AddNum_Pre":"","Add_Number":"40","AddNum_Suf":"","St_PreMod":"","St_PreDir":"","St_PreTyp":"","St_PreSep":"","St_Name":"EVANS","St_PosTyp":"STREET","St_PosDir":"","St_PosMod":"","Lst_PreDir":"","Lst_Name":"EVANS","Lst_Type":"ST","LstPosDir":"","ESN":"51","MSAGComm":"WARMINSTER TOWNSHIP","Post_Comm":"WARMINSTER","Post_Code":"18974","Post_Code4":"","Building":"","Floor":" ","Unit":" ","Room":"","Seat":" ","Addtl_Loc":" ","LandmkName":" ","Mile_Post":" ","Place_Type":" ","Placement":" ","Long":-75.08689474,"Lat":40.18692681,"Elev":"0","ParcelID":"49-009-028-013","Full_Addr":"40 EVANS ST","Comment":" ","Purpose":null,"DiscrpAgID":"buckscounty.org","created_user":null,"created_date":null,"last_edited_user":"DGALLOWAY","gc_exception":"","ADDRGUID":null,"RDNAME":"EVANS ST"}},{"type":"Feature","id":238264,"geometry":{"type":"Point","coordinates":[-75.0868428527774,40.186967711663]},"properties":{"OBJECTID":238264,"Source":"","DateUpdate":"Tue, 12 Nov 2024 10:04:37 GMT","Effective":"Wed, 01 Jan 2020 00:00:01 GMT","Expire":"Sat, 01 Jan 2050 00:00:01 GMT","Site_NGUID":"SSAP23861442EVANSST@buckscounty.org","Country":"US","State":"PA","County":"Bucks County","AddCode":"","AddDataURI":"","Inc_Muni":"Warminster Township","Uninc_Comm":"","Nbrhd_Comm":"","AddNum_Pre":"","Add_Number":"42","AddNum_Suf":"","St_PreMod":"","St_PreDir":"","St_PreTyp":"","St_PreSep":"","St_Name":"EVANS","St_PosTyp":"STREET","St_PosDir":"","St_PosMod":"","Lst_PreDir":"","Lst_Name":"EVANS","Lst_Type":"ST","LstPosDir":"","ESN":"51","MSAGComm":"WARMINSTER TOWNSHIP","Post_Comm":"WARMINSTER","Post_Code":"18974","Post_Code4":"","Building":"","Floor":" ","Unit":" ","Room":"","Seat":" ","Addtl_Loc":" ","LandmkName":" ","Mile_Post":" ","Place_Type":" ","Placement":" ","Long":-75.08684109,"Lat":40.1869596,"Elev":"0","ParcelID":"49-009-028-013","Full_Addr":"42 EVANS ST","Comment":" ","Purpose":null,"DiscrpAgID":"buckscounty.org","created_user":null,"created_date":null,"last_edited_user":"DGALLOWAY","gc_exception":"","ADDRGUID":null,"RDNAME":"EVANS ST"}},{"type":"Feature","id":238265,"geometry":{"type":"Point","coordinates":[-75.0867945738235,40.1870004976642]},"properties":{"OBJECTID":238265,"Source":"","DateUpdate":"Tue, 12 Nov 2024 10:04:37 GMT","Effective":"Wed, 01 Jan 2020 00:00:01 GMT","Expire":"Sat, 01 Jan 2050 00:00:01 GMT","Site_NGUID":"SSAP23861544EVANSST@buckscounty.org","Country":"US","State":"PA","County":"Bucks County","AddCode":"","AddDataURI":"","Inc_Muni":"Warminster Township","Uninc_Comm":"","Nbrhd_Comm":"","AddNum_Pre":"","Add_Number":"44","AddNum_Suf":"","St_PreMod":"","St_PreDir":"","St_PreTyp":"","St_PreSep":"","St_Name":"EVANS","St_PosTyp":"STREET","St_PosDir":"","St_PosMod":"","Lst_PreDir":"","Lst_Name":"EVANS","Lst_Type":"ST","LstPosDir":"","ESN":"51","MSAGComm":"WARMINSTER TOWNSHIP","Post_Comm":"WARMINSTER","Post_Code":"18974","Post_Code4":"","Building":"","Floor":" ","Unit":" ","Room":"","Seat":" ","Addtl_Loc":" ","LandmkName":" ","Mile_Post":" ","Place_Type":" ","Placement":" ","Long":-75.08679281,"Lat":40.18699238,"Elev":"0","ParcelID":"49-009-028-013","Full_Addr":"44 EVANS ST","Comment":" ","Purpose":null,"DiscrpAgID":"buckscounty.org","created_user":null,"created_date":null,"last_edited_user":"DGALLOWAY","gc_exception":"","ADDRGUID":null,"RDNAME":"EVANS ST"}},{"type":"Feature","id":238266,"geometry":{"type":"Point","coordinates":[-75.0865370814747,40.1871398325898]},"properties":{"OBJECTID":238266,"Source":"","DateUpdate":"Tue, 12 Nov 2024 10:04:37 GMT","Effective":"Wed, 01 Jan 2020 00:00:01 GMT","Expire":"Sat, 01 Jan 2050 00:00:01 GMT","Site_NGUID":"SSAP23861646EVANSST@buckscounty.org","Country":"US","State":"PA","County":"Bucks County","AddCode":"","AddDataURI":"","Inc_Muni":"Warminster Township","Uninc_Comm":"","Nbrhd_Comm":"","AddNum_Pre":"","Add_Number":"46","AddNum_Suf":"","St_PreMod":"","St_PreDir":"","St_PreTyp":"","St_PreSep":"","St_Name":"EVANS","St_PosTyp":"STREET","St_PosDir":"","St_PosMod":"","Lst_PreDir":"","Lst_Name":"EVANS","Lst_Type":"ST","LstPosDir":"","ESN":"51","MSAGComm":"WARMINSTER TOWNSHIP","Post_Comm":"WARMINSTER","Post_Code":"18974","Post_Code4":"","Building":"","Floor":" ","Unit":" ","Room":"","Seat":" ","Addtl_Loc":" ","LandmkName":" ","Mile_Post":" ","Place_Type":" ","Placement":" ","Long":-75.08653532,"Lat":40.187131719999996,"Elev":"0","ParcelID":"49-009-028-013","Full_Addr":"46 EVANS ST","Comment":" ","Purpose":null,"DiscrpAgID":"buckscounty.org","created_user":null,"created_date":null,"last_edited_user":"DGALLOWAY","gc_exception":"","ADDRGUID":null,"RDNAME":"EVANS ST"}},{"type":"Feature","id":238267,"geometry":{"type":"Point","coordinates":[-75.0864834371995,40.1871685171871]},"properties":{"OBJECTID":238267,"Source":"","DateUpdate":"Tue, 12 Nov 2024 10:04:37 GMT","Effective":"Wed, 01 Jan 2020 00:00:01 GMT","Expire":"Sat, 01 Jan 2050 00:00:01 GMT","Site_NGUID":"SSAP23861748EVANSST@buckscounty.org","Country":"US","State":"PA","County":"Bucks County","AddCode":"","AddDataURI":"","Inc_Muni":"Warminster Township","Uninc_Comm":"","Nbrhd_Comm":"","AddNum_Pre":"","Add_Number":"48","AddNum_Suf":"","St_PreMod":"","St_PreDir":"","St_PreTyp":"","St_PreSep":"","St_Name":"EVANS","St_PosTyp":"STREET","St_PosDir":"","St_PosMod":"","Lst_PreDir":"","Lst_Name":"EVANS","Lst_Type":"ST","LstPosDir":"","ESN":"51","MSAGComm":"WARMINSTER TOWNSHIP","Post_Comm":"WARMINSTER","Post_Code":"18974","Post_Code4":"","Building":"","Floor":" ","Unit":" ","Room":"","Seat":" ","Addtl_Loc":" ","LandmkName":" ","Mile_Post":" ","Place_Type":" ","Placement":" ","Long":-75.08648168,"Lat":40.1871604,"Elev":"0","ParcelID":"49-009-028-013","Full_Addr":"48 EVANS ST","Comment":" ","Purpose":null,"DiscrpAgID":"buckscounty.org","created_user":null,"created_date":null,"last_edited_user":"DGALLOWAY","gc_exception":"","ADDRGUID":null,"RDNAME":"EVANS ST"}},{"type":"Feature","id":238268,"geometry":{"type":"Point","coordinates":[-75.0864244273654,40.1871972037509]},"properties":{"OBJECTID":238268,"Source":"","DateUpdate":"Tue, 12 Nov 2024 10:04:37 GMT","Effective":"Wed, 01 Jan 2020 00:00:01 GMT","Expire":"Sat, 01 Jan 2050 00:00:01 GMT","Site_NGUID":"SSAP23861850EVANSST@buckscounty.org","Country":"US","State":"PA","County":"Bucks County","AddCode":"","AddDataURI":"","Inc_Muni":"Warminster Township","Uninc_Comm":"","Nbrhd_Comm":"","AddNum_Pre":"","Add_Number":"50","AddNum_Suf":"","St_PreMod":"","St_PreDir":"","St_PreTyp":"","St_PreSep":"","St_Name":"EVANS","St_PosTyp":"STREET","St_PosDir":"","St_PosMod":"","Lst_PreDir":"","Lst_Name":"EVANS","Lst_Type":"ST","LstPosDir":"","ESN":"51","MSAGComm":"WARMINSTER TOWNSHIP","Post_Comm":"WARMINSTER","Post_Code":"18974","Post_Code4":"","Building":"","Floor":" ","Unit":" ","Room":"","Seat":" ","Addtl_Loc":" ","LandmkName":" ","Mile_Post":" ","Place_Type":" ","Placement":" ","Long":-75.08642267,"Lat":40.18718909,"Elev":"0","ParcelID":"49-009-028-013","Full_Addr":"50 EVANS ST","Comment":" ","Purpose":null,"DiscrpAgID":"buckscounty.org","created_user":null,"created_date":null,"last_edited_user":"DGALLOWAY","gc_exception":"","ADDRGUID":null,"RDNAME":"EVANS ST"}},{"type":"Feature","id":238269,"geometry":{"type":"Point","coordinates":[-75.0863654186551,40.1872258903116]},"properties":{"OBJECTID":238269,"Source":"","DateUpdate":"Tue, 12 Nov 2024 10:04:37 GMT","Effective":"Wed, 01 Jan 2020 00:00:01 GMT","Expire":"Sat, 01 Jan 2050 00:00:01 GMT","Site_NGUID":"SSAP23861952EVANSST@buckscounty.org","Country":"US","State":"PA","County":"Bucks County","AddCode":"","AddDataURI":"","Inc_Muni":"Warminster Township","Uninc_Comm":"","Nbrhd_Comm":"","AddNum_Pre":"","Add_Number":"52","AddNum_Suf":"","St_PreMod":"","St_PreDir":"","St_PreTyp":"","St_PreSep":"","St_Name":"EVANS","St_PosTyp":"STREET","St_PosDir":"","St_PosMod":"","Lst_PreDir":"","Lst_Name":"EVANS","Lst_Type":"ST","LstPosDir":"","ESN":"51","MSAGComm":"WARMINSTER TOWNSHIP","Post_Comm":"WARMINSTER","Post_Code":"18974","Post_Code4":"","Building":"","Floor":" ","Unit":" ","Room":"","Seat":" ","Addtl_Loc":" ","LandmkName":" ","Mile_Post":" ","Place_Type":" ","Placement":" ","Long":-75.08636366,"Lat":40.18721778,"Elev":"0","ParcelID":"49-009-028-013","Full_Addr":"52 EVANS ST","Comment":" ","Purpose":null,"DiscrpAgID":"buckscounty.org","created_user":null,"created_date":null,"last_edited_user":"DGALLOWAY","gc_exception":"","ADDRGUID":null,"RDNAME":"EVANS ST"}},{"type":"Feature","id":238270,"geometry":{"type":"Point","coordinates":[-75.0861079279444,40.1873324404572]},"properties":{"OBJECTID":238270,"Source":"","DateUpdate":"Tue, 12 Nov 2024 10:04:37 GMT","Effective":"Wed, 01 Jan 2020 00:00:01 GMT","Expire":"Sat, 01 Jan 2050 00:00:01 GMT","Site_NGUID":"SSAP23862054EVANSST@buckscounty.org","Country":"US","State":"PA","County":"Bucks County","AddCode":"","AddDataURI":"","Inc_Muni":"Warminster Township","Uninc_Comm":"","Nbrhd_Comm":"","AddNum_Pre":"","Add_Number":"54","AddNum_Suf":"","St_PreMod":"","St_PreDir":"","St_PreTyp":"","St_PreSep":"","St_Name":"EVANS","St_PosTyp":"STREET","St_PosDir":"","St_PosMod":"","Lst_PreDir":"","Lst_Name":"EVANS","Lst_Type":"ST","LstPosDir":"","ESN":"51","MSAGComm":"WARMINSTER TOWNSHIP","Post_Comm":"WARMINSTER","Post_Code":"18974","Post_Code4":"","Building":"","Floor":" ","Unit":" ","Room":"","Seat":" ","Addtl_Loc":" ","LandmkName":" ","Mile_Post":" ","Place_Type":" ","Placement":" ","Long":-75.08610617,"Lat":40.18732433,"Elev":"0","ParcelID":"49-009-028-013","Full_Addr":"54 EVANS ST","Comment":" ","Purpose":null,"DiscrpAgID":"buckscounty.org","created_user":null,"created_date":null,"last_edited_user":"DGALLOWAY","gc_exception":"","ADDRGUID":null,"RDNAME":"EVANS ST"}},{"type":"Feature","id":238271,"geometry":{"type":"Point","coordinates":[-75.0860542837773,40.1873529318187]},"properties":{"OBJECTID":238271,"Source":"","DateUpdate":"Tue, 12 Nov 2024 10:04:37 GMT","Effective":"Wed, 01 Jan 2020 00:00:01 GMT","Expire":"Sat, 01 Jan 2050 00:00:01 GMT","Site_NGUID":"SSAP23862156EVANSST@buckscounty.org","Country":"US","State":"PA","County":"Bucks County","AddCode":"","AddDataURI":"","Inc_Muni":"Warminster Township","Uninc_Comm":"","Nbrhd_Comm":"","AddNum_Pre":"","Add_Number":"56","AddNum_Suf":"","St_PreMod":"","St_PreDir":"","St_PreTyp":"","St_PreSep":"","St_Name":"EVANS","St_PosTyp":"STREET","St_PosDir":"","St_PosMod":"","Lst_PreDir":"","Lst_Name":"EVANS","Lst_Type":"ST","LstPosDir":"","ESN":"51","MSAGComm":"WARMINSTER TOWNSHIP","Post_Comm":"WARMINSTER","Post_Code":"18974","Post_Code4":"","Building":"","Floor":" ","Unit":" ","Room":"","Seat":" ","Addtl_Loc":" ","LandmkName":" ","Mile_Post":" ","Place_Type":" ","Placement":" ","Long":-75.08605252,"Lat":40.18734482,"Elev":"0","ParcelID":"49-009-028-013","Full_Addr":"56 EVANS ST","Comment":" ","Purpose":null,"DiscrpAgID":"buckscounty.org","created_user":null,"created_date":null,"last_edited_user":"DGALLOWAY","gc_exception":"","ADDRGUID":null,"RDNAME":"EVANS ST"}},{"type":"Feature","id":238272,"geometry":{"type":"Point","coordinates":[-75.0859899110828,40.1873734217509]},"properties":{"OBJECTID":238272,"Source":"","DateUpdate":"Tue, 12 Nov 2024 10:04:37 GMT","Effective":"Wed, 01 Jan 2020 00:00:01 GMT","Expire":"Sat, 01 Jan 2050 00:00:01 GMT","Site_NGUID":"SSAP23862258EVANSST@buckscounty.org","Country":"US","State":"PA","County":"Bucks County","AddCode":"","AddDataURI":"","Inc_Muni":"Warminster Township","Uninc_Comm":"","Nbrhd_Comm":"","AddNum_Pre":"","Add_Number":"58","AddNum_Suf":"","St_PreMod":"","St_PreDir":"","St_PreTyp":"","St_PreSep":"","St_Name":"EVANS","St_PosTyp":"STREET","St_PosDir":"","St_PosMod":"","Lst_PreDir":"","Lst_Name":"EVANS","Lst_Type":"ST","LstPosDir":"","ESN":"51","MSAGComm":"WARMINSTER TOWNSHIP","Post_Comm":"WARMINSTER","Post_Code":"18974","Post_Code4":"","Building":"","Floor":" ","Unit":" ","Room":"","Seat":" ","Addtl_Loc":" ","LandmkName":" ","Mile_Post":" ","Place_Type":" ","Placement":" ","Long":-75.08598815,"Lat":40.18736531,"Elev":"0","ParcelID":"49-009-028-013","Full_Addr":"58 EVANS ST","Comment":" ","Purpose":null,"DiscrpAgID":"buckscounty.org","created_user":null,"created_date":null,"last_edited_user":"DGALLOWAY","gc_exception":"","ADDRGUID":null,"RDNAME":"EVANS ST"}},{"type":"Feature","id":238273,"geometry":{"type":"Point","coordinates":[-75.0859362653924,40.1873980108981]},"properties":{"OBJECTID":238273,"Source":"","DateUpdate":"Tue, 12 Nov 2024 10:04:37 GMT","Effective":"Wed, 01 Jan 2020 00:00:01 GMT","Expire":"Sat, 01 Jan 2050 00:00:01 GMT","Site_NGUID":"SSAP23862360EVANSST@buckscounty.org","Country":"US","State":"PA","County":"Bucks County","AddCode":"","AddDataURI":"","Inc_Muni":"Warminster Township","Uninc_Comm":"","Nbrhd_Comm":"","AddNum_Pre":"","Add_Number":"60","AddNum_Suf":"","St_PreMod":"","St_PreDir":"","St_PreTyp":"","St_PreSep":"","St_Name":"EVANS","St_PosTyp":"STREET","St_PosDir":"","St_PosMod":"","Lst_PreDir":"","Lst_Name":"EVANS","Lst_Type":"ST","LstPosDir":"","ESN":"51","MSAGComm":"WARMINSTER TOWNSHIP","Post_Comm":"WARMINSTER","Post_Code":"18974","Post_Code4":"","Building":"","Floor":" ","Unit":" ","Room":"","Seat":" ","Addtl_Loc":" ","LandmkName":" ","Mile_Post":" ","Place_Type":" ","Placement":" ","Long":-75.0859345,"Lat":40.1873899,"Elev":"0","ParcelID":"49-009-028-013","Full_Addr":"60 EVANS ST","Comment":" ","Purpose":null,"DiscrpAgID":"buckscounty.org","created_user":null,"created_date":null,"last_edited_user":"DGALLOWAY","gc_exception":"","ADDRGUID":null,"RDNAME":"EVANS ST"}},{"type":"Feature","id":238274,"geometry":{"type":"Point","coordinates":[-75.0862205810423,40.1875455418784]},"properties":{"OBJECTID":238274,"Source":"","DateUpdate":"Tue, 12 Nov 2024 10:04:37 GMT","Effective":"Wed, 01 Jan 2020 00:00:01 GMT","Expire":"Sat, 01 Jan 2050 00:00:01 GMT","Site_NGUID":"SSAP23862453EVANSST@buckscounty.org","Country":"US","State":"PA","County":"Bucks County","AddCode":"","AddDataURI":"","Inc_Muni":"Warminster Township","Uninc_Comm":"","Nbrhd_Comm":"","AddNum_Pre":"","Add_Number":"53","AddNum_Suf":"","St_PreMod":"","St_PreDir":"","St_PreTyp":"","St_PreSep":"","St_Name":"EVANS","St_PosTyp":"STREET","St_PosDir":"","St_PosMod":"","Lst_PreDir":"","Lst_Name":"EVANS","Lst_Type":"ST","LstPosDir":"","ESN":"51","MSAGComm":"WARMINSTER TOWNSHIP","Post_Comm":"WARMINSTER","Post_Code":"18974","Post_Code4":"","Building":"","Floor":" ","Unit":" ","Room":"","Seat":" ","Addtl_Loc":" ","LandmkName":" ","Mile_Post":" ","Place_Type":" ","Placement":" ","Long":-75.08621882,"Lat":40.18753743,"Elev":"0","ParcelID":"49-009-028-013","Full_Addr":"53 EVANS ST","Comment":" ","Purpose":null,"DiscrpAgID":"buckscounty.org","created_user":null,"created_date":null,"last_edited_user":"DGALLOWAY","gc_exception":"","ADDRGUID":null,"RDNAME":"EVANS ST"}},{"type":"Feature","id":238275,"geometry":{"type":"Point","coordinates":[-75.0861615722454,40.1875701295654]},"properties":{"OBJECTID":238275,"Source":"","DateUpdate":"Tue, 12 Nov 2024 10:04:37 GMT","Effective":"Wed, 01 Jan 2020 00:00:01 GMT","Expire":"Sat, 01 Jan 2050 00:00:01 GMT","Site_NGUID":"SSAP23862555EVANSST@buckscounty.org","Country":"US","State":"PA","County":"Bucks County","AddCode":"","AddDataURI":"","Inc_Muni":"Warminster Township","Uninc_Comm":"","Nbrhd_Comm":"","AddNum_Pre":"","Add_Number":"55","AddNum_Suf":"","St_PreMod":"","St_PreDir":"","St_PreTyp":"","St_PreSep":"","St_Name":"EVANS","St_PosTyp":"STREET","St_PosDir":"","St_PosMod":"","Lst_PreDir":"","Lst_Name":"EVANS","Lst_Type":"ST","LstPosDir":"","ESN":"51","MSAGComm":"WARMINSTER TOWNSHIP","Post_Comm":"WARMINSTER","Post_Code":"18974","Post_Code4":"","Building":"","Floor":" ","Unit":" ","Room":"","Seat":" ","Addtl_Loc":" ","LandmkName":" ","Mile_Post":" ","Place_Type":" ","Placement":" ","Long":-75.08615981,"Lat":40.18756201,"Elev":"0","ParcelID":"49-009-028-013","Full_Addr":"55 EVANS ST","Comment":" ","Purpose":null,"DiscrpAgID":"buckscounty.org","created_user":null,"created_date":null,"last_edited_user":"DGALLOWAY","gc_exception":"","ADDRGUID":null,"RDNAME":"EVANS ST"}},{"type":"Feature","id":238276,"geometry":{"type":"Point","coordinates":[-75.0860971988335,40.1875988152932]},"properties":{"OBJECTID":238276,"Source":"","DateUpdate":"Tue, 12 Nov 2024 10:04:37 GMT","Effective":"Wed, 01 Jan 2020 00:00:01 GMT","Expire":"Sat, 01 Jan 2050 00:00:01 GMT","Site_NGUID":"SSAP23862657EVANSST@buckscounty.org","Country":"US","State":"PA","County":"Bucks County","AddCode":"","AddDataURI":"","Inc_Muni":"Warminster Township","Uninc_Comm":"","Nbrhd_Comm":"","AddNum_Pre":"","Add_Number":"57","AddNum_Suf":"","St_PreMod":"","St_PreDir":"","St_PreTyp":"","St_PreSep":"","St_Name":"EVANS","St_PosTyp":"STREET","St_PosDir":"","St_PosMod":"","Lst_PreDir":"","Lst_Name":"EVANS","Lst_Type":"ST","LstPosDir":"","ESN":"51","MSAGComm":"WARMINSTER TOWNSHIP","Post_Comm":"WARMINSTER","Post_Code":"18974","Post_Code4":"","Building":"","Floor":" ","Unit":" ","Room":"","Seat":" ","Addtl_Loc":" ","LandmkName":" ","Mile_Post":" ","Place_Type":" ","Placement":" ","Long":-75.08609544,"Lat":40.1875907,"Elev":"0","ParcelID":"49-009-028-013","Full_Addr":"57 EVANS ST","Comment":" ","Purpose":null,"DiscrpAgID":"buckscounty.org","created_user":null,"created_date":null,"last_edited_user":"DGALLOWAY","gc_exception":"","ADDRGUID":null,"RDNAME":"EVANS ST"}},{"type":"Feature","id":238277,"geometry":{"type":"Point","coordinates":[-75.0860435544522,40.1876193066491]},"properties":{"OBJECTID":238277,"Source":"","DateUpdate":"Tue, 12 Nov 2024 10:04:37 GMT","Effective":"Wed, 01 Jan 2020 00:00:01 GMT","Expire":"Sat, 01 Jan 2050 00:00:01 GMT","Site_NGUID":"SSAP23862759EVANSST@buckscounty.org","Country":"US","State":"PA","County":"Bucks County","AddCode":"","AddDataURI":"","Inc_Muni":"Warminster Township","Uninc_Comm":"","Nbrhd_Comm":"","AddNum_Pre":"","Add_Number":"59","AddNum_Suf":"","St_PreMod":"","St_PreDir":"","St_PreTyp":"","St_PreSep":"","St_Name":"EVANS","St_PosTyp":"STREET","St_PosDir":"","St_PosMod":"","Lst_PreDir":"","Lst_Name":"EVANS","Lst_Type":"ST","LstPosDir":"","ESN":"51","MSAGComm":"WARMINSTER TOWNSHIP","Post_Comm":"WARMINSTER","Post_Code":"18974","Post_Code4":"","Building":"","Floor":" ","Unit":" ","Room":"","Seat":" ","Addtl_Loc":" ","LandmkName":" ","Mile_Post":" ","Place_Type":" ","Placement":" ","Long":-75.08604179,"Lat":40.18761119,"Elev":"0","ParcelID":"49-009-028-013","Full_Addr":"59 EVANS ST","Comment":" ","Purpose":null,"DiscrpAgID":"buckscounty.org","created_user":null,"created_date":null,"last_edited_user":"DGALLOWAY","gc_exception":"","ADDRGUID":null,"RDNAME":"EVANS ST"}},{"type":"Feature","id":238278,"geometry":{"type":"Point","coordinates":[-75.0878728216433,40.1866480588077]},"properties":{"OBJECTID":238278,"Source":"","DateUpdate":"Tue, 12 Nov 2024 10:04:37 GMT","Effective":"Wed, 01 Jan 2020 00:00:01 GMT","Expire":"Sat, 01 Jan 2050 00:00:01 GMT","Site_NGUID":"SSAP23862821EVANSST@buckscounty.org","Country":"US","State":"PA","County":"Bucks County","AddCode":"","AddDataURI":"","Inc_Muni":"Warminster Township","Uninc_Comm":"","Nbrhd_Comm":"","AddNum_Pre":"","Add_Number":"21","AddNum_Suf":"","St_PreMod":"","St_PreDir":"","St_PreTyp":"","St_PreSep":"","St_Name":"EVANS","St_PosTyp":"STREET","St_PosDir":"","St_PosMod":"","Lst_PreDir":"","Lst_Name":"EVANS","Lst_Type":"ST","LstPosDir":"","ESN":"51","MSAGComm":"WARMINSTER TOWNSHIP","Post_Comm":"WARMINSTER","Post_Code":"18974","Post_Code4":"","Building":"","Floor":" ","Unit":" ","Room":"","Seat":" ","Addtl_Loc":" ","LandmkName":" ","Mile_Post":" ","Place_Type":" ","Placement":" ","Long":-75.08787106,"Lat":40.18663994,"Elev":"0","ParcelID":"49-009-028-013","Full_Addr":"21 EVANS ST","Comment":" ","Purpose":null,"DiscrpAgID":"buckscounty.org","created_user":null,"created_date":null,"last_edited_user":"DGALLOWAY","gc_exception":"","ADDRGUID":null,"RDNAME":"EVANS ST"}},{"type":"Feature","id":238279,"geometry":{"type":"Point","coordinates":[-75.0878191770787,40.1866767458019]},"properties":{"OBJECTID":238279,"Source":"","DateUpdate":"Tue, 12 Nov 2024 10:04:37 GMT","Effective":"Wed, 01 Jan 2020 00:00:01 GMT","Expire":"Sat, 01 Jan 2050 00:00:01 GMT","Site_NGUID":"SSAP23862923EVANSST@buckscounty.org","Country":"US","State":"PA","County":"Bucks County","AddCode":"","AddDataURI":"","Inc_Muni":"Warminster Township","Uninc_Comm":"","Nbrhd_Comm":"","AddNum_Pre":"","Add_Number":"23","AddNum_Suf":"","St_PreMod":"","St_PreDir":"","St_PreTyp":"","St_PreSep":"","St_Name":"EVANS","St_PosTyp":"STREET","St_PosDir":"","St_PosMod":"","Lst_PreDir":"","Lst_Name":"EVANS","Lst_Type":"ST","LstPosDir":"","ESN":"51","MSAGComm":"WARMINSTER TOWNSHIP","Post_Comm":"WARMINSTER","Post_Code":"18974","Post_Code4":"","Building":"","Floor":" ","Unit":" ","Room":"","Seat":" ","Addtl_Loc":" ","LandmkName":" ","Mile_Post":" ","Place_Type":" ","Placement":" ","Long":-75.08781742,"Lat":40.18666863,"Elev":"0","ParcelID":"49-009-028-013","Full_Addr":"23 EVANS ST","Comment":" ","Purpose":null,"DiscrpAgID":"buckscounty.org","created_user":null,"created_date":null,"last_edited_user":"DGALLOWAY","gc_exception":"","ADDRGUID":null,"RDNAME":"EVANS ST"}},{"type":"Feature","id":238280,"geometry":{"type":"Point","coordinates":[-75.0877655334717,40.1867095306665]},"properties":{"OBJECTID":238280,"Source":"","DateUpdate":"Tue, 12 Nov 2024 10:04:37 GMT","Effective":"Wed, 01 Jan 2020 00:00:01 GMT","Expire":"Sat, 01 Jan 2050 00:00:01 GMT","Site_NGUID":"SSAP23863025EVANSST@buckscounty.org","Country":"US","State":"PA","County":"Bucks County","AddCode":"","AddDataURI":"","Inc_Muni":"Warminster Township","Uninc_Comm":"","Nbrhd_Comm":"","AddNum_Pre":"","Add_Number":"25","AddNum_Suf":"","St_PreMod":"","St_PreDir":"","St_PreTyp":"","St_PreSep":"","St_Name":"EVANS","St_PosTyp":"STREET","St_PosDir":"","St_PosMod":"","Lst_PreDir":"","Lst_Name":"EVANS","Lst_Type":"ST","LstPosDir":"","ESN":"51","MSAGComm":"WARMINSTER TOWNSHIP","Post_Comm":"WARMINSTER","Post_Code":"18974","Post_Code4":"","Building":"","Floor":" ","Unit":" ","Room":"","Seat":" ","Addtl_Loc":" ","LandmkName":" ","Mile_Post":" ","Place_Type":" ","Placement":" ","Long":-75.08776377,"Lat":40.18670142,"Elev":"0","ParcelID":"49-009-028-013","Full_Addr":"25 EVANS ST","Comment":" ","Purpose":null,"DiscrpAgID":"buckscounty.org","created_user":null,"created_date":null,"last_edited_user":"DGALLOWAY","gc_exception":"","ADDRGUID":null,"RDNAME":"EVANS ST"}},{"type":"Feature","id":238281,"geometry":{"type":"Point","coordinates":[-75.087711888987,40.1867341197423]},"properties":{"OBJECTID":238281,"Source":"","DateUpdate":"Tue, 12 Nov 2024 10:04:37 GMT","Effective":"Wed, 01 Jan 2020 00:00:01 GMT","Expire":"Sat, 01 Jan 2050 00:00:01 GMT","Site_NGUID":"SSAP23863127EVANSST@buckscounty.org","Country":"US","State":"PA","County":"Bucks County","AddCode":"","AddDataURI":"","Inc_Muni":"Warminster Township","Uninc_Comm":"","Nbrhd_Comm":"","AddNum_Pre":"","Add_Number":"27","AddNum_Suf":"","St_PreMod":"","St_PreDir":"","St_PreTyp":"","St_PreSep":"","St_Name":"EVANS","St_PosTyp":"STREET","St_PosDir":"","St_PosMod":"","Lst_PreDir":"","Lst_Name":"EVANS","Lst_Type":"ST","LstPosDir":"","ESN":"51","MSAGComm":"WARMINSTER TOWNSHIP","Post_Comm":"WARMINSTER","Post_Code":"18974","Post_Code4":"","Building":"","Floor":" ","Unit":" ","Room":"","Seat":" ","Addtl_Loc":" ","LandmkName":" ","Mile_Post":" ","Place_Type":" ","Placement":" ","Long":-75.08771013,"Lat":40.18672601,"Elev":"0","ParcelID":"49-009-028-013","Full_Addr":"27 EVANS ST","Comment":" ","Purpose":null,"DiscrpAgID":"buckscounty.org","created_user":null,"created_date":null,"last_edited_user":"DGALLOWAY","gc_exception":"","ADDRGUID":null,"RDNAME":"EVANS ST"}},{"type":"Feature","id":238282,"geometry":{"type":"Point","coordinates":[-75.0874919478651,40.1868529645582]},"properties":{"OBJECTID":238282,"Source":"","DateUpdate":"Tue, 12 Nov 2024 10:04:37 GMT","Effective":"Wed, 01 Jan 2020 00:00:01 GMT","Expire":"Sat, 01 Jan 2050 00:00:01 GMT","Site_NGUID":"SSAP23863229EVANSST@buckscounty.org","Country":"US","State":"PA","County":"Bucks County","AddCode":"","AddDataURI":"","Inc_Muni":"Warminster Township","Uninc_Comm":"","Nbrhd_Comm":"","AddNum_Pre":"","Add_Number":"29","AddNum_Suf":"","St_PreMod":"","St_PreDir":"","St_PreTyp":"","St_PreSep":"","St_Name":"EVANS","St_PosTyp":"STREET","St_PosDir":"","St_PosMod":"","Lst_PreDir":"","Lst_Name":"EVANS","Lst_Type":"ST","LstPosDir":"","ESN":"51","MSAGComm":"WARMINSTER TOWNSHIP","Post_Comm":"WARMINSTER","Post_Code":"18974","Post_Code4":"","Building":"","Floor":" ","Unit":" ","Room":"","Seat":" ","Addtl_Loc":" ","LandmkName":" ","Mile_Post":" ","Place_Type":" ","Placement":" ","Long":-75.08749019,"Lat":40.18684485,"Elev":"0","ParcelID":"49-009-028-013","Full_Addr":"29 EVANS ST","Comment":" ","Purpose":null,"DiscrpAgID":"buckscounty.org","created_user":null,"created_date":null,"last_edited_user":"DGALLOWAY","gc_exception":"","ADDRGUID":null,"RDNAME":"EVANS ST"}},{"type":"Feature","id":238283,"geometry":{"type":"Point","coordinates":[-75.0874436679786,40.1868898477727]},"properties":{"OBJECTID":238283,"Source":"","DateUpdate":"Tue, 12 Nov 2024 10:04:37 GMT","Effective":"Wed, 01 Jan 2020 00:00:01 GMT","Expire":"Sat, 01 Jan 2050 00:00:01 GMT","Site_NGUID":"SSAP23863331EVANSST@buckscounty.org","Country":"US","State":"PA","County":"Bucks County","AddCode":"","AddDataURI":"","Inc_Muni":"Warminster Township","Uninc_Comm":"","Nbrhd_Comm":"","AddNum_Pre":"","Add_Number":"31","AddNum_Suf":"","St_PreMod":"","St_PreDir":"","St_PreTyp":"","St_PreSep":"","St_Name":"EVANS","St_PosTyp":"STREET","St_PosDir":"","St_PosMod":"","Lst_PreDir":"","Lst_Name":"EVANS","Lst_Type":"ST","LstPosDir":"","ESN":"51","MSAGComm":"WARMINSTER TOWNSHIP","Post_Comm":"WARMINSTER","Post_Code":"18974","Post_Code4":"","Building":"","Floor":" ","Unit":" ","Room":"","Seat":" ","Addtl_Loc":" ","LandmkName":" ","Mile_Post":" ","Place_Type":" ","Placement":" ","Long":-75.08744191,"Lat":40.18688173,"Elev":"0","ParcelID":"49-009-028-013","Full_Addr":"31 EVANS ST","Comment":" ","Purpose":null,"DiscrpAgID":"buckscounty.org","created_user":null,"created_date":null,"last_edited_user":"DGALLOWAY","gc_exception":"","ADDRGUID":null,"RDNAME":"EVANS ST"}},{"type":"Feature","id":238284,"geometry":{"type":"Point","coordinates":[-75.0873900239856,40.186922633362]},"properties":{"OBJECTID":238284,"Source":"","DateUpdate":"Tue, 12 Nov 2024 10:04:37 GMT","Effective":"Wed, 01 Jan 2020 00:00:01 GMT","Expire":"Sat, 01 Jan 2050 00:00:01 GMT","Site_NGUID":"SSAP23863433EVANSST@buckscounty.org","Country":"US","State":"PA","County":"Bucks County","AddCode":"","AddDataURI":"","Inc_Muni":"Warminster Township","Uninc_Comm":"","Nbrhd_Comm":"","AddNum_Pre":"","Add_Number":"33","AddNum_Suf":"","St_PreMod":"","St_PreDir":"","St_PreTyp":"","St_PreSep":"","St_Name":"EVANS","St_PosTyp":"STREET","St_PosDir":"","St_PosMod":"","Lst_PreDir":"","Lst_Name":"EVANS","Lst_Type":"ST","LstPosDir":"","ESN":"51","MSAGComm":"WARMINSTER TOWNSHIP","Post_Comm":"WARMINSTER","Post_Code":"18974","Post_Code4":"","Building":"","Floor":" ","Unit":" ","Room":"","Seat":" ","Addtl_Loc":" ","LandmkName":" ","Mile_Post":" ","Place_Type":" ","Placement":" ","Long":-75.08738826,"Lat":40.18691452,"Elev":"0","ParcelID":"49-009-028-013","Full_Addr":"33 EVANS ST","Comment":" ","Purpose":null,"DiscrpAgID":"buckscounty.org","created_user":null,"created_date":null,"last_edited_user":"DGALLOWAY","gc_exception":"","ADDRGUID":null,"RDNAME":"EVANS ST"}},{"type":"Feature","id":238285,"geometry":{"type":"Point","coordinates":[-75.0873363801728,40.1869513201576]},"properties":{"OBJECTID":238285,"Source":"","DateUpdate":"Tue, 12 Nov 2024 10:04:37 GMT","Effective":"Wed, 01 Jan 2020 00:00:01 GMT","Expire":"Sat, 01 Jan 2050 00:00:01 GMT","Site_NGUID":"SSAP23863535EVANSST@buckscounty.org","Country":"US","State":"PA","County":"Bucks County","AddCode":"","AddDataURI":"","Inc_Muni":"Warminster Township","Uninc_Comm":"","Nbrhd_Comm":"","AddNum_Pre":"","Add_Number":"35","AddNum_Suf":"","St_PreMod":"","St_PreDir":"","St_PreTyp":"","St_PreSep":"","St_Name":"EVANS","St_PosTyp":"STREET","St_PosDir":"","St_PosMod":"","Lst_PreDir":"","Lst_Name":"EVANS","Lst_Type":"ST","LstPosDir":"","ESN":"51","MSAGComm":"WARMINSTER TOWNSHIP","Post_Comm":"WARMINSTER","Post_Code":"18974","Post_Code4":"","Building":"","Floor":" ","Unit":" ","Room":"","Seat":" ","Addtl_Loc":" ","LandmkName":" ","Mile_Post":" ","Place_Type":" ","Placement":" ","Long":-75.08733462,"Lat":40.18694321,"Elev":"0","ParcelID":"49-009-028-013","Full_Addr":"35 EVANS ST","Comment":" ","Purpose":null,"DiscrpAgID":"buckscounty.org","created_user":null,"created_date":null,"last_edited_user":"DGALLOWAY","gc_exception":"","ADDRGUID":null,"RDNAME":"EVANS ST"}},{"type":"Feature","id":238286,"geometry":{"type":"Point","coordinates":[-75.0892825225147,40.1862382439209]},"properties":{"OBJECTID":238286,"Source":"","DateUpdate":"Tue, 12 Nov 2024 10:04:37 GMT","Effective":"Wed, 01 Jan 2020 00:00:01 GMT","Expire":"Sat, 01 Jan 2050 00:00:01 GMT","Site_NGUID":"SSAP23863610POTTERST@buckscounty.org","Country":"US","State":"PA","County":"Bucks County","AddCode":"","AddDataURI":"","Inc_Muni":"Warminster Township","Uninc_Comm":"","Nbrhd_Comm":"","AddNum_Pre":"","Add_Number":"10","AddNum_Suf":"","St_PreMod":"","St_PreDir":"","St_PreTyp":"","St_PreSep":"","St_Name":"POTTER","St_PosTyp":"STREET","St_PosDir":"","St_PosMod":"","Lst_PreDir":"","Lst_Name":"POTTER","Lst_Type":"ST","LstPosDir":"","ESN":"51","MSAGComm":"WARMINSTER TOWNSHIP","Post_Comm":"WARMINSTER","Post_Code":"18974","Post_Code4":"","Building":"","Floor":" ","Unit":" ","Room":"","Seat":" ","Addtl_Loc":" ","LandmkName":" ","Mile_Post":" ","Place_Type":" ","Placement":" ","Long":-75.08928076,"Lat":40.18623013,"Elev":"0","ParcelID":"49-009-028-013","Full_Addr":"10 POTTER ST","Comment":" ","Purpose":null,"DiscrpAgID":"buckscounty.org","created_user":null,"created_date":null,"last_edited_user":"DGALLOWAY","gc_exception":"","ADDRGUID":null,"RDNAME":"POTTER ST"}},{"type":"Feature","id":238287,"geometry":{"type":"Point","coordinates":[-75.089244972945,40.186197264061]},"properties":{"OBJECTID":238287,"Source":"","DateUpdate":"Tue, 12 Nov 2024 10:04:37 GMT","Effective":"Wed, 01 Jan 2020 00:00:01 GMT","Expire":"Sat, 01 Jan 2050 00:00:01 GMT","Site_NGUID":"SSAP23863712POTTERST@buckscounty.org","Country":"US","State":"PA","County":"Bucks County","AddCode":"","AddDataURI":"","Inc_Muni":"Warminster Township","Uninc_Comm":"","Nbrhd_Comm":"","AddNum_Pre":"","Add_Number":"12","AddNum_Suf":"","St_PreMod":"","St_PreDir":"","St_PreTyp":"","St_PreSep":"","St_Name":"POTTER","St_PosTyp":"STREET","St_PosDir":"","St_PosMod":"","Lst_PreDir":"","Lst_Name":"POTTER","Lst_Type":"ST","LstPosDir":"","ESN":"51","MSAGComm":"WARMINSTER TOWNSHIP","Post_Comm":"WARMINSTER","Post_Code":"18974","Post_Code4":"","Building":"","Floor":" ","Unit":" ","Room":"","Seat":" ","Addtl_Loc":" ","LandmkName":" ","Mile_Post":" ","Place_Type":" ","Placement":" ","Long":-75.08924321,"Lat":40.18618915,"Elev":"0","ParcelID":"49-009-028-013","Full_Addr":"12 POTTER ST","Comment":" ","Purpose":null,"DiscrpAgID":"buckscounty.org","created_user":null,"created_date":null,"last_edited_user":"DGALLOWAY","gc_exception":"","ADDRGUID":null,"RDNAME":"POTTER ST"}},{"type":"Feature","id":238288,"geometry":{"type":"Point","coordinates":[-75.0892074211795,40.1861562814338]},"properties":{"OBJECTID":238288,"Source":"","DateUpdate":"Tue, 12 Nov 2024 10:04:37 GMT","Effective":"Wed, 01 Jan 2020 00:00:01 GMT","Expire":"Sat, 01 Jan 2050 00:00:01 GMT","Site_NGUID":"SSAP23863814POTTERST@buckscounty.org","Country":"US","State":"PA","County":"Bucks County","AddCode":"","AddDataURI":"","Inc_Muni":"Warminster Township","Uninc_Comm":"","Nbrhd_Comm":"","AddNum_Pre":"","Add_Number":"14","AddNum_Suf":"","St_PreMod":"","St_PreDir":"","St_PreTyp":"","St_PreSep":"","St_Name":"POTTER","St_PosTyp":"STREET","St_PosDir":"","St_PosMod":"","Lst_PreDir":"","Lst_Name":"POTTER","Lst_Type":"ST","LstPosDir":"","ESN":"51","MSAGComm":"WARMINSTER TOWNSHIP","Post_Comm":"WARMINSTER","Post_Code":"18974","Post_Code4":"","Building":"","Floor":" ","Unit":" ","Room":"","Seat":" ","Addtl_Loc":" ","LandmkName":" ","Mile_Post":" ","Place_Type":" ","Placement":" ","Long":-75.08920566,"Lat":40.18614817,"Elev":"0","ParcelID":"49-009-028-013","Full_Addr":"14 POTTER ST","Comment":" ","Purpose":null,"DiscrpAgID":"buckscounty.org","created_user":null,"created_date":null,"last_edited_user":"DGALLOWAY","gc_exception":"","ADDRGUID":null,"RDNAME":"POTTER ST"}},{"type":"Feature","id":238289,"geometry":{"type":"Point","coordinates":[-75.0891752335717,40.1861153002484]},"properties":{"OBJECTID":238289,"Source":"","DateUpdate":"Tue, 12 Nov 2024 10:04:37 GMT","Effective":"Wed, 01 Jan 2020 00:00:01 GMT","Expire":"Sat, 01 Jan 2050 00:00:01 GMT","Site_NGUID":"SSAP23863916POTTERST@buckscounty.org","Country":"US","State":"PA","County":"Bucks County","AddCode":"","AddDataURI":"","Inc_Muni":"Warminster Township","Uninc_Comm":"","Nbrhd_Comm":"","AddNum_Pre":"","Add_Number":"16","AddNum_Suf":"","St_PreMod":"","St_PreDir":"","St_PreTyp":"","St_PreSep":"","St_Name":"POTTER","St_PosTyp":"STREET","St_PosDir":"","St_PosMod":"","Lst_PreDir":"","Lst_Name":"POTTER","Lst_Type":"ST","LstPosDir":"","ESN":"51","MSAGComm":"WARMINSTER TOWNSHIP","Post_Comm":"WARMINSTER","Post_Code":"18974","Post_Code4":"","Building":"","Floor":" ","Unit":" ","Room":"","Seat":" ","Addtl_Loc":" ","LandmkName":" ","Mile_Post":" ","Place_Type":" ","Placement":" ","Long":-75.08917347,"Lat":40.18610719,"Elev":"0","ParcelID":"49-009-028-013","Full_Addr":"16 POTTER ST","Comment":" ","Purpose":null,"DiscrpAgID":"buckscounty.org","created_user":null,"created_date":null,"last_edited_user":"DGALLOWAY","gc_exception":"","ADDRGUID":null,"RDNAME":"POTTER ST"}},{"type":"Feature","id":238290,"geometry":{"type":"Point","coordinates":[-75.0889552930627,40.1858048642691]},"properties":{"OBJECTID":238290,"Source":"","DateUpdate":"Tue, 12 Nov 2024 10:04:37 GMT","Effective":"Wed, 01 Jan 2020 00:00:01 GMT","Expire":"Sat, 01 Jan 2050 00:00:01 GMT","Site_NGUID":"SSAP23864018POTTERST@buckscounty.org","Country":"US","State":"PA","County":"Bucks County","AddCode":"","AddDataURI":"","Inc_Muni":"Warminster Township","Uninc_Comm":"","Nbrhd_Comm":"","AddNum_Pre":"","Add_Number":"18","AddNum_Suf":"","St_PreMod":"","St_PreDir":"","St_PreTyp":"","St_PreSep":"","St_Name":"POTTER","St_PosTyp":"STREET","St_PosDir":"","St_PosMod":"","Lst_PreDir":"","Lst_Name":"POTTER","Lst_Type":"ST","LstPosDir":"","ESN":"51","MSAGComm":"WARMINSTER TOWNSHIP","Post_Comm":"WARMINSTER","Post_Code":"18974","Post_Code4":"","Building":"","Floor":" ","Unit":" ","Room":"","Seat":" ","Addtl_Loc":" ","LandmkName":" ","Mile_Post":" ","Place_Type":" ","Placement":" ","Long":-75.08895353,"Lat":40.18579675,"Elev":"0","ParcelID":"49-009-028-013","Full_Addr":"18 POTTER ST","Comment":" ","Purpose":null,"DiscrpAgID":"buckscounty.org","created_user":null,"created_date":null,"last_edited_user":"DGALLOWAY","gc_exception":"","ADDRGUID":null,"RDNAME":"POTTER ST"}},{"type":"Feature","id":238291,"geometry":{"type":"Point","coordinates":[-75.0889177431824,40.1857628571126]},"properties":{"OBJECTID":238291,"Source":"","DateUpdate":"Tue, 12 Nov 2024 10:04:37 GMT","Effective":"Wed, 01 Jan 2020 00:00:01 GMT","Expire":"Sat, 01 Jan 2050 00:00:01 GMT","Site_NGUID":"SSAP23864120POTTERST@buckscounty.org","Country":"US","State":"PA","County":"Bucks County","AddCode":"","AddDataURI":"","Inc_Muni":"Warminster Township","Uninc_Comm":"","Nbrhd_Comm":"","AddNum_Pre":"","Add_Number":"20","AddNum_Suf":"","St_PreMod":"","St_PreDir":"","St_PreTyp":"","St_PreSep":"","St_Name":"POTTER","St_PosTyp":"STREET","St_PosDir":"","St_PosMod":"","Lst_PreDir":"","Lst_Name":"POTTER","Lst_Type":"ST","LstPosDir":"","ESN":"51","MSAGComm":"WARMINSTER TOWNSHIP","Post_Comm":"WARMINSTER","Post_Code":"18974","Post_Code4":"","Building":"","Floor":" ","Unit":" ","Room":"","Seat":" ","Addtl_Loc":" ","LandmkName":" ","Mile_Post":" ","Place_Type":" ","Placement":" ","Long":-75.08891598,"Lat":40.18575474,"Elev":"0","ParcelID":"49-009-028-013","Full_Addr":"20 POTTER ST","Comment":" ","Purpose":null,"DiscrpAgID":"buckscounty.org","created_user":null,"created_date":null,"last_edited_user":"DGALLOWAY","gc_exception":"","ADDRGUID":null,"RDNAME":"POTTER ST"}},{"type":"Feature","id":238292,"geometry":{"type":"Point","coordinates":[-75.0888815324343,40.1857249499391]},"properties":{"OBJECTID":238292,"Source":"","DateUpdate":"Tue, 12 Nov 2024 10:04:37 GMT","Effective":"Wed, 01 Jan 2020 00:00:01 GMT","Expire":"Sat, 01 Jan 2050 00:00:01 GMT","Site_NGUID":"SSAP23864222POTTERST@buckscounty.org","Country":"US","State":"PA","County":"Bucks County","AddCode":"","AddDataURI":"","Inc_Muni":"Warminster Township","Uninc_Comm":"","Nbrhd_Comm":"","AddNum_Pre":"","Add_Number":"22","AddNum_Suf":"","St_PreMod":"","St_PreDir":"","St_PreTyp":"","St_PreSep":"","St_Name":"POTTER","St_PosTyp":"STREET","St_PosDir":"","St_PosMod":"","Lst_PreDir":"","Lst_Name":"POTTER","Lst_Type":"ST","LstPosDir":"","ESN":"51","MSAGComm":"WARMINSTER TOWNSHIP","Post_Comm":"WARMINSTER","Post_Code":"18974","Post_Code4":"","Building":"","Floor":" ","Unit":" ","Room":"","Seat":" ","Addtl_Loc":" ","LandmkName":" ","Mile_Post":" ","Place_Type":" ","Placement":" ","Long":-75.08887977,"Lat":40.18571684,"Elev":"0","ParcelID":"49-009-028-013","Full_Addr":"22 POTTER ST","Comment":" ","Purpose":null,"DiscrpAgID":"buckscounty.org","created_user":null,"created_date":null,"last_edited_user":"DGALLOWAY","gc_exception":"","ADDRGUID":null,"RDNAME":"POTTER ST"}},{"type":"Feature","id":238293,"geometry":{"type":"Point","coordinates":[-75.0888480041919,40.1856860163278]},"properties":{"OBJECTID":238293,"Source":"","DateUpdate":"Tue, 12 Nov 2024 10:04:37 GMT","Effective":"Wed, 01 Jan 2020 00:00:01 GMT","Expire":"Sat, 01 Jan 2050 00:00:01 GMT","Site_NGUID":"SSAP23864324POTTERST@buckscounty.org","Country":"US","State":"PA","County":"Bucks County","AddCode":"","AddDataURI":"","Inc_Muni":"Warminster Township","Uninc_Comm":"","Nbrhd_Comm":"","AddNum_Pre":"","Add_Number":"24","AddNum_Suf":"","St_PreMod":"","St_PreDir":"","St_PreTyp":"","St_PreSep":"","St_Name":"POTTER","St_PosTyp":"STREET","St_PosDir":"","St_PosMod":"","Lst_PreDir":"","Lst_Name":"POTTER","Lst_Type":"ST","LstPosDir":"","ESN":"51","MSAGComm":"WARMINSTER TOWNSHIP","Post_Comm":"WARMINSTER","Post_Code":"18974","Post_Code4":"","Building":"","Floor":" ","Unit":" ","Room":"","Seat":" ","Addtl_Loc":" ","LandmkName":" ","Mile_Post":" ","Place_Type":" ","Placement":" ","Long":-75.08884624,"Lat":40.1856779,"Elev":"0","ParcelID":"49-009-028-013","Full_Addr":"24 POTTER ST","Comment":" ","Purpose":null,"DiscrpAgID":"buckscounty.org","created_user":null,"created_date":null,"last_edited_user":"DGALLOWAY","gc_exception":"","ADDRGUID":null,"RDNAME":"POTTER ST"}},{"type":"Feature","id":238294,"geometry":{"type":"Point","coordinates":[-75.0896526682912,40.186176772146]},"properties":{"OBJECTID":238294,"Source":"","DateUpdate":"Tue, 12 Nov 2024 10:04:37 GMT","Effective":"Wed, 01 Jan 2020 00:00:01 GMT","Expire":"Sat, 01 Jan 2050 00:00:01 GMT","Site_NGUID":"SSAP23864411POTTERST@buckscounty.org","Country":"US","State":"PA","County":"Bucks County","AddCode":"","AddDataURI":"","Inc_Muni":"Warminster Township","Uninc_Comm":"","Nbrhd_Comm":"","AddNum_Pre":"","Add_Number":"11","AddNum_Suf":"","St_PreMod":"","St_PreDir":"","St_PreTyp":"","St_PreSep":"","St_Name":"POTTER","St_PosTyp":"STREET","St_PosDir":"","St_PosMod":"","Lst_PreDir":"","Lst_Name":"POTTER","Lst_Type":"ST","LstPosDir":"","ESN":"51","MSAGComm":"WARMINSTER TOWNSHIP","Post_Comm":"WARMINSTER","Post_Code":"18974","Post_Code4":"","Building":"","Floor":" ","Unit":" ","Room":"","Seat":" ","Addtl_Loc":" ","LandmkName":" ","Mile_Post":" ","Place_Type":" ","Placement":" ","Long":-75.08965091,"Lat":40.18616866,"Elev":"0","ParcelID":"49-009-028-013","Full_Addr":"11 POTTER ST","Comment":" ","Purpose":null,"DiscrpAgID":"buckscounty.org","created_user":null,"created_date":null,"last_edited_user":"DGALLOWAY","gc_exception":"","ADDRGUID":null,"RDNAME":"POTTER ST"}},{"type":"Feature","id":238295,"geometry":{"type":"Point","coordinates":[-75.0896204805215,40.1861275953481]},"properties":{"OBJECTID":238295,"Source":"","DateUpdate":"Tue, 12 Nov 2024 10:04:37 GMT","Effective":"Wed, 01 Jan 2020 00:00:01 GMT","Expire":"Sat, 01 Jan 2050 00:00:01 GMT","Site_NGUID":"SSAP23864513POTTERST@buckscounty.org","Country":"US","State":"PA","County":"Bucks County","AddCode":"","AddDataURI":"","Inc_Muni":"Warminster Township","Uninc_Comm":"","Nbrhd_Comm":"","AddNum_Pre":"","Add_Number":"13","AddNum_Suf":"","St_PreMod":"","St_PreDir":"","St_PreTyp":"","St_PreSep":"","St_Name":"POTTER","St_PosTyp":"STREET","St_PosDir":"","St_PosMod":"","Lst_PreDir":"","Lst_Name":"POTTER","Lst_Type":"ST","LstPosDir":"","ESN":"51","MSAGComm":"WARMINSTER TOWNSHIP","Post_Comm":"WARMINSTER","Post_Code":"18974","Post_Code4":"","Building":"","Floor":" ","Unit":" ","Room":"","Seat":" ","Addtl_Loc":" ","LandmkName":" ","Mile_Post":" ","Place_Type":" ","Placement":" ","Long":-75.08961872,"Lat":40.18611948,"Elev":"0","ParcelID":"49-009-028-013","Full_Addr":"13 POTTER ST","Comment":" ","Purpose":null,"DiscrpAgID":"buckscounty.org","created_user":null,"created_date":null,"last_edited_user":"DGALLOWAY","gc_exception":"","ADDRGUID":null,"RDNAME":"POTTER ST"}},{"type":"Feature","id":238296,"geometry":{"type":"Point","coordinates":[-75.0895829310365,40.1860784171604]},"properties":{"OBJECTID":238296,"Source":"","DateUpdate":"Tue, 12 Nov 2024 10:04:37 GMT","Effective":"Wed, 01 Jan 2020 00:00:01 GMT","Expire":"Sat, 01 Jan 2050 00:00:01 GMT","Site_NGUID":"SSAP23864615POTTERST@buckscounty.org","Country":"US","State":"PA","County":"Bucks County","AddCode":"","AddDataURI":"","Inc_Muni":"Warminster Township","Uninc_Comm":"","Nbrhd_Comm":"","AddNum_Pre":"","Add_Number":"15","AddNum_Suf":"","St_PreMod":"","St_PreDir":"","St_PreTyp":"","St_PreSep":"","St_Name":"POTTER","St_PosTyp":"STREET","St_PosDir":"","St_PosMod":"","Lst_PreDir":"","Lst_Name":"POTTER","Lst_Type":"ST","LstPosDir":"","ESN":"51","MSAGComm":"WARMINSTER TOWNSHIP","Post_Comm":"WARMINSTER","Post_Code":"18974","Post_Code4":"","Building":"","Floor":" ","Unit":" ","Room":"","Seat":" ","Addtl_Loc":" ","LandmkName":" ","Mile_Post":" ","Place_Type":" ","Placement":" ","Long":-75.08958117,"Lat":40.1860703,"Elev":"0","ParcelID":"49-009-028-013","Full_Addr":"15 POTTER ST","Comment":" ","Purpose":null,"DiscrpAgID":"buckscounty.org","created_user":null,"created_date":null,"last_edited_user":"DGALLOWAY","gc_exception":"","ADDRGUID":null,"RDNAME":"POTTER ST"}},{"type":"Feature","id":238297,"geometry":{"type":"Point","coordinates":[-75.0895507432739,40.1860374351794]},"properties":{"OBJECTID":238297,"Source":"","DateUpdate":"Tue, 12 Nov 2024 10:04:37 GMT","Effective":"Wed, 01 Jan 2020 00:00:01 GMT","Expire":"Sat, 01 Jan 2050 00:00:01 GMT","Site_NGUID":"SSAP23864717POTTERST@buckscounty.org","Country":"US","State":"PA","County":"Bucks County","AddCode":"","AddDataURI":"","Inc_Muni":"Warminster Township","Uninc_Comm":"","Nbrhd_Comm":"","AddNum_Pre":"","Add_Number":"17","AddNum_Suf":"","St_PreMod":"","St_PreDir":"","St_PreTyp":"","St_PreSep":"","St_Name":"POTTER","St_PosTyp":"STREET","St_PosDir":"","St_PosMod":"","Lst_PreDir":"","Lst_Name":"POTTER","Lst_Type":"ST","LstPosDir":"","ESN":"51","MSAGComm":"WARMINSTER TOWNSHIP","Post_Comm":"WARMINSTER","Post_Code":"18974","Post_Code4":"","Building":"","Floor":" ","Unit":" ","Room":"","Seat":" ","Addtl_Loc":" ","LandmkName":" ","Mile_Post":" ","Place_Type":" ","Placement":" ","Long":-75.08954898,"Lat":40.18602932,"Elev":"0","ParcelID":"49-009-028-013","Full_Addr":"17 POTTER ST","Comment":" ","Purpose":null,"DiscrpAgID":"buckscounty.org","created_user":null,"created_date":null,"last_edited_user":"DGALLOWAY","gc_exception":"","ADDRGUID":null,"RDNAME":"POTTER ST"}},{"type":"Feature","id":238298,"geometry":{"type":"Point","coordinates":[-75.0893951761056,40.185836624613]},"properties":{"OBJECTID":238298,"Source":"","DateUpdate":"Tue, 12 Nov 2024 10:04:37 GMT","Effective":"Wed, 01 Jan 2020 00:00:01 GMT","Expire":"Sat, 01 Jan 2050 00:00:01 GMT","Site_NGUID":"SSAP23864819POTTERST@buckscounty.org","Country":"US","State":"PA","County":"Bucks County","AddCode":"","AddDataURI":"","Inc_Muni":"Warminster Township","Uninc_Comm":"","Nbrhd_Comm":"","AddNum_Pre":"","Add_Number":"19","AddNum_Suf":"","St_PreMod":"","St_PreDir":"","St_PreTyp":"","St_PreSep":"","St_Name":"POTTER","St_PosTyp":"STREET","St_PosDir":"","St_PosMod":"","Lst_PreDir":"","Lst_Name":"POTTER","Lst_Type":"ST","LstPosDir":"","ESN":"51","MSAGComm":"WARMINSTER TOWNSHIP","Post_Comm":"WARMINSTER","Post_Code":"18974","Post_Code4":"","Building":"","Floor":" ","Unit":" ","Room":"","Seat":" ","Addtl_Loc":" ","LandmkName":" ","Mile_Post":" ","Place_Type":" ","Placement":" ","Long":-75.08939341,"Lat":40.18582851,"Elev":"0","ParcelID":"49-009-028-013","Full_Addr":"19 POTTER ST","Comment":" ","Purpose":null,"DiscrpAgID":"buckscounty.org","created_user":null,"created_date":null,"last_edited_user":"DGALLOWAY","gc_exception":"","ADDRGUID":null,"RDNAME":"POTTER ST"}},{"type":"Feature","id":238299,"geometry":{"type":"Point","coordinates":[-75.0893361674321,40.185758759905]},"properties":{"OBJECTID":238299,"Source":"","DateUpdate":"Tue, 12 Nov 2024 10:04:37 GMT","Effective":"Wed, 01 Jan 2020 00:00:01 GMT","Expire":"Sat, 01 Jan 2050 00:00:01 GMT","Site_NGUID":"SSAP23864921POTTERST@buckscounty.org","Country":"US","State":"PA","County":"Bucks County","AddCode":"","AddDataURI":"","Inc_Muni":"Warminster Township","Uninc_Comm":"","Nbrhd_Comm":"","AddNum_Pre":"","Add_Number":"21","AddNum_Suf":"","St_PreMod":"","St_PreDir":"","St_PreTyp":"","St_PreSep":"","St_Name":"POTTER","St_PosTyp":"STREET","St_PosDir":"","St_PosMod":"","Lst_PreDir":"","Lst_Name":"POTTER","Lst_Type":"ST","LstPosDir":"","ESN":"51","MSAGComm":"WARMINSTER TOWNSHIP","Post_Comm":"WARMINSTER","Post_Code":"18974","Post_Code4":"","Building":"","Floor":" ","Unit":" ","Room":"","Seat":" ","Addtl_Loc":" ","LandmkName":" ","Mile_Post":" ","Place_Type":" ","Placement":" ","Long":-75.08933441,"Lat":40.18575065,"Elev":"0","ParcelID":"49-009-028-013","Full_Addr":"21 POTTER ST","Comment":" ","Purpose":null,"DiscrpAgID":"buckscounty.org","created_user":null,"created_date":null,"last_edited_user":"DGALLOWAY","gc_exception":"","ADDRGUID":null,"RDNAME":"POTTER ST"}},{"type":"Feature","id":238300,"geometry":{"type":"Point","coordinates":[-75.0892825228059,40.185693188421]},"properties":{"OBJECTID":238300,"Source":"","DateUpdate":"Tue, 12 Nov 2024 10:04:37 GMT","Effective":"Wed, 01 Jan 2020 00:00:01 GMT","Expire":"Sat, 01 Jan 2050 00:00:01 GMT","Site_NGUID":"SSAP23865025POTTERST@buckscounty.org","Country":"US","State":"PA","County":"Bucks County","AddCode":"","AddDataURI":"","Inc_Muni":"Warminster Township","Uninc_Comm":"","Nbrhd_Comm":"","AddNum_Pre":"","Add_Number":"25","AddNum_Suf":"","St_PreMod":"","St_PreDir":"","St_PreTyp":"","St_PreSep":"","St_Name":"POTTER","St_PosTyp":"STREET","St_PosDir":"","St_PosMod":"","Lst_PreDir":"","Lst_Name":"POTTER","Lst_Type":"ST","LstPosDir":"","ESN":"51","MSAGComm":"WARMINSTER TOWNSHIP","Post_Comm":"WARMINSTER","Post_Code":"18974","Post_Code4":"","Building":"","Floor":" ","Unit":" ","Room":"","Seat":" ","Addtl_Loc":" ","LandmkName":" ","Mile_Post":" ","Place_Type":" ","Placement":" ","Long":-75.08928076,"Lat":40.18568507,"Elev":"0","ParcelID":"49-009-028-013","Full_Addr":"25 POTTER ST","Comment":" ","Purpose":null,"DiscrpAgID":"buckscounty.org","created_user":null,"created_date":null,"last_edited_user":"DGALLOWAY","gc_exception":"","ADDRGUID":null,"RDNAME":"POTTER ST"}},{"type":"Feature","id":239308,"geometry":{"type":"Point","coordinates":[-75.0827491172031,40.1871995919649]},"properties":{"OBJECTID":239308,"Source":"","DateUpdate":"Tue, 12 Nov 2024 10:04:37 GMT","Effective":"Wed, 01 Jan 2020 00:00:01 GMT","Expire":"Sat, 01 Jan 2050 00:00:01 GMT","Site_NGUID":"SSAP23965932YEATESST@buckscounty.org","Country":"US","State":"PA","County":"Bucks County","AddCode":"","AddDataURI":"","Inc_Muni":"Warminster Township","Uninc_Comm":"","Nbrhd_Comm":"","AddNum_Pre":"","Add_Number":"32","AddNum_Suf":"","St_PreMod":"","St_PreDir":"","St_PreTyp":"","St_PreSep":"","St_Name":"YEATES","St_PosTyp":"STREET","St_PosDir":"","St_PosMod":"","Lst_PreDir":"","Lst_Name":"YEATES","Lst_Type":"ST","LstPosDir":"","ESN":"51","MSAGComm":"WARMINSTER TOWNSHIP","Post_Comm":"HATBORO","Post_Code":"19040","Post_Code4":"","Building":"","Floor":" ","Unit":" ","Room":"","Seat":" ","Addtl_Loc":" ","LandmkName":" ","Mile_Post":" ","Place_Type":" ","Placement":" ","Long":-75.08274736,"Lat":40.18719148,"Elev":"0","ParcelID":"49-009-028-013","Full_Addr":"32 YEATES ST","Comment":" ","Purpose":null,"DiscrpAgID":"buckscounty.org","created_user":null,"created_date":null,"last_edited_user":"DGALLOWAY","gc_exception":"","ADDRGUID":null,"RDNAME":"YEATES ST"}},{"type":"Feature","id":240696,"geometry":{"type":"Point","coordinates":[-75.0851335294609,40.1841539123663]},"properties":{"OBJECTID":240696,"Source":"","DateUpdate":"Tue, 12 Nov 2024 10:04:37 GMT","Effective":"Wed, 01 Jan 2020 00:00:01 GMT","Expire":"Sat, 01 Jan 2050 00:00:01 GMT","Site_NGUID":"SSAP24109513LUTHERST@buckscounty.org","Country":"US","State":"PA","County":"Bucks County","AddCode":"","AddDataURI":"","Inc_Muni":"Warminster Township","Uninc_Comm":"","Nbrhd_Comm":"","AddNum_Pre":"","Add_Number":"13","AddNum_Suf":"","St_PreMod":"","St_PreDir":"","St_PreTyp":"","St_PreSep":"","St_Name":"LUTHER","St_PosTyp":"STREET","St_PosDir":"","St_PosMod":"","Lst_PreDir":"","Lst_Name":"LUTHER","Lst_Type":"ST","LstPosDir":"","ESN":"51","MSAGComm":"WARMINSTER TOWNSHIP","Post_Comm":"WARMINSTER","Post_Code":"18974","Post_Code4":"","Building":"","Floor":" ","Unit":" ","Room":"","Seat":" ","Addtl_Loc":" ","LandmkName":" ","Mile_Post":" ","Place_Type":" ","Placement":"Geocoded Structure","Long":-75.08513177,"Lat":40.1841458,"Elev":"0","ParcelID":"49-009-028-013","Full_Addr":"13 LUTHER ST","Comment":" ","Purpose":null,"DiscrpAgID":"buckscounty.org","created_user":null,"created_date":null,"last_edited_user":"DGALLOWAY","gc_exception":"","ADDRGUID":null,"RDNAME":"LUTHER ST"}},{"type":"Feature","id":254252,"geometry":{"type":"Point","coordinates":[-75.0861553993935,40.1911087455443]},"properties":{"OBJECTID":254252,"Source":null,"DateUpdate":"Tue, 12 Nov 2024 10:04:37 GMT","Effective":"Wed, 01 Jan 2020 00:00:01 GMT","Expire":"Sat, 01 Jan 2050 00:00:01 GMT","Site_NGUID":"SSAP2612879MERCERST@buckscounty.org","Country":"US","State":"PA","County":"Bucks County","AddCode":null,"AddDataURI":null,"Inc_Muni":"Warminster Township","Uninc_Comm":null,"Nbrhd_Comm":null,"AddNum_Pre":null,"Add_Number":"9","AddNum_Suf":null,"St_PreMod":null,"St_PreDir":null,"St_PreTyp":null,"St_PreSep":null,"St_Name":"MERCER","St_PosTyp":"STREET","St_PosDir":null,"St_PosMod":null,"Lst_PreDir":null,"Lst_Name":"MERCER","Lst_Type":"ST","LstPosDir":null,"ESN":"51","MSAGComm":"WARMINSTER TOWNSHIP","Post_Comm":"WARMINSTER","Post_Code":"18974","Post_Code4":null,"Building":null,"Floor":" ","Unit":" ","Room":null,"Seat":" ","Addtl_Loc":" ","LandmkName":" ","Mile_Post":" ","Place_Type":" ","Placement":" ","Long":-75.08614146,"Lat":40.19106722,"Elev":"0","ParcelID":"49-009-028-013","Full_Addr":"9 MERCER ST","Comment":" ","Purpose":null,"DiscrpAgID":"buckscounty.org","created_user":"DGALLOWAY","created_date":"Mon, 06 Nov 2023 08:02:31 GMT","last_edited_user":"DGALLOWAY","gc_exception":null,"ADDRGUID":null,"RDNAME":"MERCER ST"}},{"type":"Feature","id":254255,"geometry":{"type":"Point","coordinates":[-75.0852100320944,40.1841241177471]},"properties":{"OBJECTID":254255,"Source":null,"DateUpdate":"Tue, 12 Nov 2024 10:04:37 GMT","Effective":"Wed, 01 Jan 2020 00:00:01 GMT","Expire":"Sat, 01 Jan 2050 00:00:01 GMT","Site_NGUID":"SSAP2612909@buckscounty.org","Country":"US","State":"PA","County":"Bucks County","AddCode":null,"AddDataURI":null,"Inc_Muni":"Warminster Township","Uninc_Comm":null,"Nbrhd_Comm":null,"AddNum_Pre":null,"Add_Number":"9","AddNum_Suf":null,"St_PreMod":null,"St_PreDir":null,"St_PreTyp":null,"St_PreSep":null,"St_Name":"LUTHER","St_PosTyp":"STREET","St_PosDir":null,"St_PosMod":null,"Lst_PreDir":null,"Lst_Name":"LUTHER","Lst_Type":"ST","LstPosDir":null,"ESN":"51","MSAGComm":"WARMINSTER TOWNSHIP","Post_Comm":"WARMINSTER","Post_Code":"18974","Post_Code4":null,"Building":null,"Floor":" ","Unit":" ","Room":null,"Seat":" ","Addtl_Loc":" ","LandmkName":" ","Mile_Post":" ","Place_Type":" ","Placement":" ","Long":-75.08520893,"Lat":40.18411507,"Elev":"0","ParcelID":"49-009-028-013","Full_Addr":"9 LUTHER ST","Comment":" ","Purpose":null,"DiscrpAgID":"buckscounty.org","created_user":"DGALLOWAY","created_date":"Mon, 06 Nov 2023 12:29:36 GMT","last_edited_user":"DGALLOWAY","gc_exception":null,"ADDRGUID":null,"RDNAME":"LUTHER ST"}}]}